提取到标题行： 第一章  肉身十重
章节序号: 1, 标题: 肉身十重
提取到标题行： 第二章  奴才
章节序号: 2, 标题: 奴才
提取到标题行： 第三章  神通
章节序号: 3, 标题: 神通
提取到标题行： 第四章  九窍金丹
章节序号: 4, 标题: 九窍金丹
提取到标题行： 第五章  脱胎换骨
章节序号: 5, 标题: 脱胎换骨
提取到标题行： 第六章  突飞猛进
章节序号: 6, 标题: 突飞猛进
提取到标题行： 第七章  刚柔
章节序号: 7, 标题: 刚柔
提取到标题行： 第八章  神力
章节序号: 8, 标题: 神力
提取到标题行： 第九章  羽化仙门
章节序号: 9, 标题: 羽化仙门
提取到标题行： 第十章  小人得志
章节序号: 10, 标题: 小人得志
提取到标题行： 第十一章  滴血祭炼
章节序号: 11, 标题: 滴血祭炼
提取到标题行： 第十二章  鹤仙子
章节序号: 12, 标题: 鹤仙子
提取到标题行： 第十三章  阴谋
章节序号: 13, 标题: 阴谋
提取到标题行： 第十四章  外门弟子
章节序号: 14, 标题: 外门弟子
提取到标题行： 第十五章  入门考核
章节序号: 15, 标题: 入门考核
提取到标题行： 第十六章  谁是神力？
章节序号: 16, 标题: 谁是神力？
提取到标题行： 第十七章  门派福利
章节序号: 17, 标题: 门派福利
提取到标题行： 第十八章  诸世界
章节序号: 18, 标题: 诸世界
提取到标题行： 第十九章  勾心斗角
章节序号: 19, 标题: 勾心斗角
提取到标题行： 第二十章  仙人钓鲨
章节序号: 20, 标题: 仙人钓鲨
提取到标题行： 第二十一章  报仇不隔夜
章节序号: 21, 标题: 报仇不隔夜
提取到标题行： 第二十二章  飞剑
章节序号: 22, 标题: 飞剑
提取到标题行： 第二十三章  魔器？
章节序号: 23, 标题: 魔器？
提取到标题行： 第二十四章  元辰精神术
章节序号: 24, 标题: 元辰精神术
提取到标题行： 第二十五章  山河榜第十
章节序号: 25, 标题: 山河榜第十
提取到标题行： 第二十六章  红粉太子
章节序号: 26, 标题: 红粉太子
提取到标题行： 第二十七章  天，地，人，三魔
章节序号: 27, 标题: 天，地，人，三魔
提取到标题行： 第二十八章  生死搏杀
章节序号: 28, 标题: 生死搏杀
提取到标题行： 第二十九章  千钧一发
章节序号: 29, 标题: 千钧一发
提取到标题行： 第三十章  斩首成功
章节序号: 30, 标题: 斩首成功
提取到标题行： 第三十一章  大发其财
章节序号: 31, 标题: 大发其财
提取到标题行： 第三十二章  人心
章节序号: 32, 标题: 人心
提取到标题行： 第三十三章  苏醒
章节序号: 33, 标题: 苏醒
提取到标题行： 第三十四章  来人
章节序号: 34, 标题: 来人
提取到标题行： 第三十五章  再遇方清雪
章节序号: 35, 标题: 再遇方清雪
提取到标题行： 第三十六章  师姐
章节序号: 36, 标题: 师姐
提取到标题行： 第三十七章  随我修炼
章节序号: 37, 标题: 随我修炼
提取到标题行： 第三十八章  地底世界
章节序号: 38, 标题: 地底世界
提取到标题行： 第三十九章  通灵之境
章节序号: 39, 标题: 通灵之境
提取到标题行： 第四十章  妖神祭坛
章节序号: 40, 标题: 妖神祭坛
提取到标题行： 第四十一章  危险中的机会
章节序号: 41, 标题: 危险中的机会
提取到标题行： 第四十二章  血丹
章节序号: 42, 标题: 血丹
提取到标题行： 第四十三章  妖神显灵
章节序号: 43, 标题: 妖神显灵
提取到标题行： 第四十四章  暴露了？
章节序号: 44, 标题: 暴露了？
提取到标题行： 第四十五章  七杀剑阵
章节序号: 45, 标题: 七杀剑阵
提取到标题行： 第四十六章  上古七毒
章节序号: 46, 标题: 上古七毒
提取到标题行： 第四十七章  魔帅
章节序号: 47, 标题: 魔帅
提取到标题行： 第四十八章  瞬杀大法
章节序号: 48, 标题: 瞬杀大法
提取到标题行： 第四十九章  内门弟子 上
章节序号: 49, 标题: 内门弟子 上
提取到标题行： 第五十章  内门弟子 下
章节序号: 50, 标题: 内门弟子 下
提取到标题行： 第五十一章  神变
章节序号: 51, 标题: 神变
提取到标题行： 第五十二章 金日烈
章节序号: 52, 标题: 金日烈
提取到标题行： 第五十三章  天刑台
章节序号: 53, 标题: 天刑台
提取到标题行： 第五十四章  未婚夫？
章节序号: 54, 标题: 未婚夫？
提取到标题行： 第五十五章  争斗已起
章节序号: 55, 标题: 争斗已起
提取到标题行： 第五十六章  天魔战场
章节序号: 56, 标题: 天魔战场
提取到标题行： 第五十七章  群星争霸
章节序号: 57, 标题: 群星争霸
提取到标题行： 第五十八章  报应
章节序号: 58, 标题: 报应
提取到标题行： 第五十九章  大威德魔王
章节序号: 59, 标题: 大威德魔王
提取到标题行： 第六十章  修罗护卫
章节序号: 60, 标题: 修罗护卫
提取到标题行： 第六十一章  大展拳脚
章节序号: 61, 标题: 大展拳脚
提取到标题行： 第六十二章  救援-
章节序号: 62, 标题: 救援-
提取到标题行： 第六十三章  珈蓝会-
章节序号: 63, 标题: 珈蓝会-
提取到标题行： 第六十四章  天龙八音
章节序号: 64, 标题: 天龙八音
提取到标题行： 第六十五章  音杀之术
章节序号: 65, 标题: 音杀之术
提取到标题行： 第六十六章  五大真传
章节序号: 66, 标题: 五大真传
提取到标题行： 第六十七章  九宫金塔
章节序号: 67, 标题: 九宫金塔
提取到标题行： 第六十八章  雪满乾坤
章节序号: 68, 标题: 雪满乾坤
提取到标题行： 第六十九章  尊严
章节序号: 69, 标题: 尊严
提取到标题行： 第七十章  发誓
章节序号: 70, 标题: 发誓
提取到标题行： 第七十一章  珈蓝赠剑
章节序号: 71, 标题: 珈蓝赠剑
提取到标题行： 第七十二章  挑衅
章节序号: 72, 标题: 挑衅
提取到标题行： 第七十三章  阎罗金身
章节序号: 73, 标题: 阎罗金身
提取到标题行： 第七十四章  抹杀痛苦
章节序号: 74, 标题: 抹杀痛苦
提取到标题行： 第七十五章  血色甘露
章节序号: 75, 标题: 血色甘露
提取到标题行： 第七十六章  冤家路窄
章节序号: 76, 标题: 冤家路窄
提取到标题行： 第七十七章  打得半死
章节序号: 77, 标题: 打得半死
提取到标题行： 第七十八章  风云初动
章节序号: 78, 标题: 风云初动
提取到标题行： 第七十九章  法晶玉石
章节序号: 79, 标题: 法晶玉石
提取到标题行： 第八十章  魔皇血脉
章节序号: 80, 标题: 魔皇血脉
提取到标题行： 第八十一章  音杀魔刀
章节序号: 81, 标题: 音杀魔刀
提取到标题行： 第八十二章  降伏魔女
章节序号: 82, 标题: 降伏魔女
提取到标题行： 第八十三章  日月五星镯
章节序号: 83, 标题: 日月五星镯
提取到标题行： 第八十四章  星云宝宝
章节序号: 84, 标题: 星云宝宝
提取到标题行： 第八十五章  大肆收罗 上
章节序号: 85, 标题: 大肆收罗 上
提取到标题行： 第八十六章  大肆收罗 下
章节序号: 86, 标题: 大肆收罗 下
提取到标题行： 第八十七章  冲击神通
章节序号: 87, 标题: 冲击神通
提取到标题行： 第八十八章  终于成了！
章节序号: 88, 标题: 终于成了！
提取到标题行： 第八十九章  狠狠威慑
章节序号: 89, 标题: 狠狠威慑
提取到标题行： 第九十章  星主夫人
章节序号: 90, 标题: 星主夫人
提取到标题行： 第九十一章  返回门派
章节序号: 91, 标题: 返回门派
提取到标题行： 第九十二章  雄浑的法力
章节序号: 92, 标题: 雄浑的法力
提取到标题行： 第九十三章  山河榜开始
章节序号: 93, 标题: 山河榜开始
提取到标题行： 第九十四章  针锋相对
章节序号: 94, 标题: 针锋相对
提取到标题行： 第九十五章  一鸣惊人
章节序号: 95, 标题: 一鸣惊人
提取到标题行： 第九十六章  强夺
章节序号: 96, 标题: 强夺
提取到标题行： 第九十七章  废除武功
章节序号: 97, 标题: 废除武功
提取到标题行： 第九十八章  方寒 龙萱
章节序号: 98, 标题: 方寒 龙萱
提取到标题行： 第九十九章  冰魄神雷
章节序号: 99, 标题: 冰魄神雷
提取到标题行： 第一百章  第一名
章节序号: 100, 标题: 第一名
提取到标题行： 第一百零一章  天大人情
章节序号: 101, 标题: 天大人情
提取到标题行： 第一百零二章  传授神通
章节序号: 102, 标题: 传授神通
提取到标题行： 第一百零三章  青帝木皇功
章节序号: 103, 标题: 青帝木皇功
提取到标题行： 第一百零四章  紫竹林
章节序号: 104, 标题: 紫竹林
提取到标题行： 第一百零五章  霸道神通
章节序号: 105, 标题: 霸道神通
提取到标题行： 第一百零六章  修行的艰难
章节序号: 106, 标题: 修行的艰难
提取到标题行： 第一百零七章  五帝大魔
章节序号: 107, 标题: 五帝大魔
提取到标题行： 第一百零八章  木皇真气
章节序号: 108, 标题: 木皇真气
提取到标题行： 第一百零九章  轮回峰
章节序号: 109, 标题: 轮回峰
提取到标题行： 第一百一十章  归虚
章节序号: 110, 标题: 归虚
提取到标题行： 第一百一十一章  海洋
章节序号: 111, 标题: 海洋
提取到标题行： 第一百一十二章  黑水王蛇
章节序号: 112, 标题: 黑水王蛇
提取到标题行： 第一百一十三章  罡气
章节序号: 113, 标题: 罡气
提取到标题行： 第一百一十四章  绝命岛主
章节序号: 114, 标题: 绝命岛主
提取到标题行： 第一百一十五章  移花接木
章节序号: 115, 标题: 移花接木
提取到标题行： 第一百一十六章  两千烈马之力
章节序号: 116, 标题: 两千烈马之力
提取到标题行： 第一百一十七章  太一门弟子
章节序号: 117, 标题: 太一门弟子
提取到标题行： 第一百一十八章  几方势力
章节序号: 118, 标题: 几方势力
提取到标题行： 第一百一十九章  五狱王鼎
章节序号: 119, 标题: 五狱王鼎
提取到标题行： 第一百二十章  颠倒是非
章节序号: 120, 标题: 颠倒是非
提取到标题行： 第一百二十一章  狠辣
章节序号: 121, 标题: 狠辣
提取到标题行： 第一百二十二章  后患
章节序号: 122, 标题: 后患
提取到标题行： 第一百二十三章  魔典
章节序号: 123, 标题: 魔典
提取到标题行： 第一百二十四章  缺一成道
章节序号: 124, 标题: 缺一成道
提取到标题行： 第一百二十五章  森严
章节序号: 125, 标题: 森严
提取到标题行： 第一百二十六章  罪人
章节序号: 126, 标题: 罪人
提取到标题行： 第一百二十七章  天狮大法
章节序号: 127, 标题: 天狮大法
提取到标题行： 第一百二十八章  七大水母
章节序号: 128, 标题: 七大水母
提取到标题行： 第一百二十九章  重炼修罗
章节序号: 129, 标题: 重炼修罗
提取到标题行： 第一百三十章  魔帅再现
章节序号: 130, 标题: 魔帅再现
提取到标题行： 第一百三十一章  世界之树碎屑
章节序号: 131, 标题: 世界之树碎屑
提取到标题行： 第一百三十二章  地藏真义
章节序号: 132, 标题: 地藏真义
提取到标题行： 第一百三十三章  借刀杀人
章节序号: 133, 标题: 借刀杀人
提取到标题行： 第一百三十四章  疯魔减寿丹
章节序号: 134, 标题: 疯魔减寿丹
提取到标题行： 第一百三十五章  大崩灭
章节序号: 135, 标题: 大崩灭
提取到标题行： 第一百三十六章  杀人
章节序号: 136, 标题: 杀人
提取到标题行： 第一百三十七章  死人财
章节序号: 137, 标题: 死人财
提取到标题行： 第一百三十八章  本命法宝
章节序号: 138, 标题: 本命法宝
提取到标题行： 第一百三十九章  仙道震动
章节序号: 139, 标题: 仙道震动
提取到标题行： 第一百四十章  惟一
章节序号: 140, 标题: 惟一
提取到标题行： 第一百四十一章  电母转世
章节序号: 141, 标题: 电母转世
提取到标题行： 第一百四十二章  海上洞府
章节序号: 142, 标题: 海上洞府
提取到标题行： 第一百四十三章  一心百用
章节序号: 143, 标题: 一心百用
提取到标题行： 第一百四十四章  七重金丹
章节序号: 144, 标题: 七重金丹
提取到标题行： 第一百四十五章  大切割术
章节序号: 145, 标题: 大切割术
提取到标题行： 第一百四十六章  法圣舍利
章节序号: 146, 标题: 法圣舍利
提取到标题行： 第一百四十七章  方清雪出关
章节序号: 147, 标题: 方清雪出关
提取到标题行： 第一百四十八章  万马奔腾
章节序号: 148, 标题: 万马奔腾
提取到标题行： 第一百四十九章  撞死人了
章节序号: 149, 标题: 撞死人了
提取到标题行： 第一百五十章  域外神族
章节序号: 150, 标题: 域外神族
提取到标题行： 第一百五十一章  血肉泥潭
章节序号: 151, 标题: 血肉泥潭
提取到标题行： 第一百五十二章  七叶魔君
章节序号: 152, 标题: 七叶魔君
提取到标题行： 第一百五十三章  交手
章节序号: 153, 标题: 交手
提取到标题行： 第一百五十四章  大光阴符
章节序号: 154, 标题: 大光阴符
提取到标题行： 第一百五十五章  炼成罡气
章节序号: 155, 标题: 炼成罡气
提取到标题行： 第一百五十六章  囚禁
章节序号: 156, 标题: 囚禁
提取到标题行： 第一百五十七章  偷天换日
章节序号: 157, 标题: 偷天换日
提取到标题行： 第一百五十八章  食气者，神明不死
章节序号: 158, 标题: 食气者，神明不死
提取到标题行： 第一百五十九章  魔刀“血苍穹”
章节序号: 159, 标题: 魔刀“血苍穹”
提取到标题行： 第一百六十章  人宝两得 三更
章节序号: 160, 标题: 人宝两得 三更
提取到标题行： 第一百六十一章  炼化“血苍穹”
章节序号: 161, 标题: 炼化“血苍穹”
提取到标题行： 第一百六十二章  宣扬功绩
章节序号: 162, 标题: 宣扬功绩
提取到标题行： 第一百六十三章  狠人
章节序号: 163, 标题: 狠人
提取到标题行： 第一百六十四章  来援
章节序号: 164, 标题: 来援
提取到标题行： 第一百六十五章  黑日风灾
章节序号: 165, 标题: 黑日风灾
提取到标题行： 第一百六十六章  天都再现
章节序号: 166, 标题: 天都再现
提取到标题行： 第一百六十七章  赌斗
章节序号: 167, 标题: 赌斗
提取到标题行： 第一百六十八章  一体镇压
章节序号: 168, 标题: 一体镇压
提取到标题行： 第一百六十九章  天地法相
章节序号: 169, 标题: 天地法相
提取到标题行： 第一百七十章  恶化
章节序号: 170, 标题: 恶化
提取到标题行： 第一百七十一章  闯入仙府
章节序号: 171, 标题: 闯入仙府
提取到标题行： 第一百七十二章  尸骸，种子，金丹
章节序号: 172, 标题: 尸骸，种子，金丹
提取到标题行： 第一百七十四章  奇人
章节序号: 174, 标题: 奇人
提取到标题行： 第一百七十五章  当头棒喝
章节序号: 175, 标题: 当头棒喝
提取到标题行： 第一百七十六章  猫和老鼠
章节序号: 176, 标题: 猫和老鼠
提取到标题行： 第一百七十七章  仁者之风
章节序号: 177, 标题: 仁者之风
提取到标题行： 第一百七十八章  吸收神族
章节序号: 178, 标题: 吸收神族
提取到标题行： 第一百七十九章  天人境
章节序号: 179, 标题: 天人境
提取到标题行： 第一百八十章  千年修为，尽被窃取
章节序号: 180, 标题: 千年修为，尽被窃取
提取到标题行： 第一百八十一章  解救
章节序号: 181, 标题: 解救
提取到标题行： 第一百八十二章  九阳魔神
章节序号: 182, 标题: 九阳魔神
提取到标题行： 第一百八十三章  战神鞭
章节序号: 183, 标题: 战神鞭
提取到标题行： 第一百八十四章  风白羽
章节序号: 184, 标题: 风白羽
提取到标题行： 第一百八十五章  天蚕娘娘
章节序号: 185, 标题: 天蚕娘娘
提取到标题行： 第一百八十六章  玲珑大罗天
章节序号: 186, 标题: 玲珑大罗天
提取到标题行： 第一百八十七章  天皇镜
章节序号: 187, 标题: 天皇镜
提取到标题行： 第一百八十八章  妖神手掌
章节序号: 188, 标题: 妖神手掌
提取到标题行： 第一百八十九章  三皇之宝
章节序号: 189, 标题: 三皇之宝
提取到标题行： 第一百九十章  贡献
章节序号: 190, 标题: 贡献
提取到标题行： 第一百九十一章  血夜之王
章节序号: 191, 标题: 血夜之王
提取到标题行： 第一百九十二章  道器成了
章节序号: 192, 标题: 道器成了
提取到标题行： 第一百九十三章  大炼丹药
章节序号: 193, 标题: 大炼丹药
提取到标题行： 第一百九十四章  震惊门派
章节序号: 194, 标题: 震惊门派
提取到标题行： 第一百九十五章  玄铁真人
章节序号: 195, 标题: 玄铁真人
提取到标题行： 第一百九十六章  勃然发怒
章节序号: 196, 标题: 勃然发怒
提取到标题行： 第一百九十七章  立威
章节序号: 197, 标题: 立威
提取到标题行： 第一百九十八章  蜃气 幻影
章节序号: 198, 标题: 蜃气 幻影
提取到标题行： 第一百九十九章  再次豪赌
章节序号: 199, 标题: 再次豪赌
提取到标题行： 第二百章  七情大手印
章节序号: 200, 标题: 七情大手印
提取到标题行： 第二百零一章  神来之笔
章节序号: 201, 标题: 神来之笔
提取到标题行： 第二百零二章  最后杀手锏
章节序号: 202, 标题: 最后杀手锏
提取到标题行： 第二百零三章  战胜
章节序号: 203, 标题: 战胜
提取到标题行： 第二百零四章  蛮荒神庙
章节序号: 204, 标题: 蛮荒神庙
提取到标题行： 第二百零五章  第二脑海
章节序号: 205, 标题: 第二脑海
提取到标题行： 第二百零六章  战魂舍利
章节序号: 206, 标题: 战魂舍利
提取到标题行： 第二百零七章  三大金丹
章节序号: 207, 标题: 三大金丹
提取到标题行： 第二百零八章  星辰感应
章节序号: 208, 标题: 星辰感应
提取到标题行： 第二百零九章  剧烈危险
章节序号: 209, 标题: 剧烈危险
提取到标题行： 第二百一十章  刺月，灭星 ，诛仙
章节序号: 210, 标题: 刺月，灭星 ，诛仙
提取到标题行： 第二百一十一章  逃之夭夭
章节序号: 211, 标题: 逃之夭夭
提取到标题行： 第二百一十一章  大玄帝国
章节序号: 211, 标题: 大玄帝国
提取到标题行： 第二百一十二章  天道阁
章节序号: 212, 标题: 天道阁
提取到标题行： 第二百一十四章  西方太乙真金
章节序号: 214, 标题: 西方太乙真金
提取到标题行： 第二百一十五章  山神珠
章节序号: 215, 标题: 山神珠
提取到标题行： 第二百一十六章  又一碎片
章节序号: 216, 标题: 又一碎片
提取到标题行： 第二百一十七章  三万枚丹药
章节序号: 217, 标题: 三万枚丹药
提取到标题行： 第二百一十八章  感悟仙界？
章节序号: 218, 标题: 感悟仙界？
提取到标题行： 第二百一十九章  精神之火
章节序号: 219, 标题: 精神之火
提取到标题行： 第二百二十章  借贷
章节序号: 220, 标题: 借贷
提取到标题行： 第二百二十一章  鲲鹏巨蛋
章节序号: 221, 标题: 鲲鹏巨蛋
提取到标题行： 第二百二十二章  九天息壤晶
章节序号: 222, 标题: 九天息壤晶
提取到标题行： 第二百二十三章  大梵光明船
章节序号: 223, 标题: 大梵光明船
提取到标题行： 第二百二十四章  两亿六千万
章节序号: 224, 标题: 两亿六千万
提取到标题行： 第二百二十五章  掌门大位
章节序号: 225, 标题: 掌门大位
提取到标题行： 第二百二十六章  无生剑派
章节序号: 226, 标题: 无生剑派
提取到标题行： 第二百二十七章  联手对敌
章节序号: 227, 标题: 联手对敌
提取到标题行： 第二百二十八章  阿鼻之门
章节序号: 228, 标题: 阿鼻之门
提取到标题行： 第二百二十九章  黄泉图的真正威力
章节序号: 229, 标题: 黄泉图的真正威力
提取到标题行： 第二百三十章  拦路
章节序号: 230, 标题: 拦路
提取到标题行： 第二百三十一章  鬼帝
章节序号: 231, 标题: 鬼帝
提取到标题行： 第二百三十二章  自投罗网
章节序号: 232, 标题: 自投罗网
提取到标题行： 第二百三十三章  金丹到手
章节序号: 233, 标题: 金丹到手
提取到标题行： 第二百三十四章  遮天魔手
章节序号: 234, 标题: 遮天魔手
提取到标题行： 第二百三十五章  万般诡计
章节序号: 235, 标题: 万般诡计
提取到标题行： 第二百三十六章  炸死你
章节序号: 236, 标题: 炸死你
提取到标题行： 第二百三十七章  捉拿九鬼元神
章节序号: 237, 标题: 捉拿九鬼元神
提取到标题行： 第二百三十八章  五十五种神通
章节序号: 238, 标题: 五十五种神通
提取到标题行： 第三百三十九章  三大法宝
章节序号: 339, 标题: 三大法宝
提取到标题行： 第二百四十章  大盗的宝贝
章节序号: 240, 标题: 大盗的宝贝
提取到标题行： 第二百四十一章  魔胎寄生诀
章节序号: 241, 标题: 魔胎寄生诀
提取到标题行： 第二百四十二章  险！险！险！
章节序号: 242, 标题: 险！险！险！
提取到标题行： 第二百四十三章  螣蛇，火鸦
章节序号: 243, 标题: 螣蛇，火鸦
提取到标题行： 第二百四十四章  疯狂斩杀
章节序号: 244, 标题: 疯狂斩杀
提取到标题行： 第二百四十五章  木雷神威
章节序号: 245, 标题: 木雷神威
提取到标题行： 第二百四十六章  白虎神兽
章节序号: 246, 标题: 白虎神兽
提取到标题行： 第二百四十七章  金皇大圆满
章节序号: 247, 标题: 金皇大圆满
提取到标题行： 第二百四十八章  末日天灾
章节序号: 248, 标题: 末日天灾
提取到标题行： 第二百四十九章  水火双猿
章节序号: 249, 标题: 水火双猿
提取到标题行： 第二百五十章  远古魔尊
章节序号: 250, 标题: 远古魔尊
提取到标题行： 第二百五十一章  给你点好处
章节序号: 251, 标题: 给你点好处
提取到标题行： 第二百五十二章  归一境大成
章节序号: 252, 标题: 归一境大成
提取到标题行： 第二百五十三章  都来抢夺
章节序号: 253, 标题: 都来抢夺
提取到标题行： 第二百五十四章  一个一个来
章节序号: 254, 标题: 一个一个来
提取到标题行： 第二百五十五章  六目封神碑
章节序号: 255, 标题: 六目封神碑
提取到标题行： 第二百五十六章  死！死！死！
章节序号: 256, 标题: 死！死！死！
提取到标题行： 第二百五十七章  归还金丹？呸！
章节序号: 257, 标题: 归还金丹？呸！
提取到标题行： 第二百五十八章  纷纷倒戈
章节序号: 258, 标题: 纷纷倒戈
提取到标题行： 第二百五十九章  恐怖大手
章节序号: 259, 标题: 恐怖大手
提取到标题行： 第二百六十章  回到门派
章节序号: 260, 标题: 回到门派
提取到标题行： 第二百六十一章  经营洞府
章节序号: 261, 标题: 经营洞府
提取到标题行： 第二百六十二章  大声势
章节序号: 262, 标题: 大声势
提取到标题行： 第二百六十三章  孟少白的约战
章节序号: 263, 标题: 孟少白的约战
提取到标题行： 第二百六十四章  封神大法
章节序号: 264, 标题: 封神大法
提取到标题行： 第二百六十六章  太皇天
章节序号: 266, 标题: 太皇天
提取到标题行： 第二百六十六章  如意子
章节序号: 266, 标题: 如意子
提取到标题行： 第二百六十七章  雷骨舍利
章节序号: 267, 标题: 雷骨舍利
提取到标题行： 第二百六十八章  决战孟少白
章节序号: 268, 标题: 决战孟少白
提取到标题行： 第二百六十九章  太诡诈了
章节序号: 269, 标题: 太诡诈了
提取到标题行： 第二百七十章  强者激斗
章节序号: 270, 标题: 强者激斗
提取到标题行： 第二百七十一章  瞬间移动
章节序号: 271, 标题: 瞬间移动
提取到标题行： 第二百七十二章  一拳打死你
章节序号: 272, 标题: 一拳打死你
提取到标题行： 第二百七十三章  击败
章节序号: 273, 标题: 击败
提取到标题行： 第二百七十四章  大吞噬术
章节序号: 274, 标题: 大吞噬术
提取到标题行： 第二百七十五章  四处拉拢
章节序号: 275, 标题: 四处拉拢
提取到标题行： 第二百七十六章  又是一年大赛
章节序号: 276, 标题: 又是一年大赛
提取到标题行： 第二百七十七章  神族操纵
章节序号: 277, 标题: 神族操纵
提取到标题行： 第二百七十八章  狠狠镇压
章节序号: 278, 标题: 狠狠镇压
提取到标题行： 第二百七十九章  霸道嚣张
章节序号: 279, 标题: 霸道嚣张
提取到标题行： 第二百八十章  神通果子
章节序号: 280, 标题: 神通果子
提取到标题行： 第二百八十一章  当场显灵
章节序号: 281, 标题: 当场显灵
提取到标题行： 第二百八十二章  再见掌教
章节序号: 282, 标题: 再见掌教
提取到标题行： 第二百八十三章  三枚万寿丹
章节序号: 283, 标题: 三枚万寿丹
提取到标题行： 第二百八十四章  赐下法宝
章节序号: 284, 标题: 赐下法宝
提取到标题行： 第二百八十五章  长老来访
章节序号: 285, 标题: 长老来访
提取到标题行： 第二百八十六章  执法弟子
章节序号: 286, 标题: 执法弟子
提取到标题行： 第二百八十七章  狐妖
章节序号: 287, 标题: 狐妖
提取到标题行： 第二百八十八章  封魔岭？
章节序号: 288, 标题: 封魔岭？
提取到标题行： 第二百八十九章  敲诈勒索
章节序号: 289, 标题: 敲诈勒索
提取到标题行： 第二百九十章  恐怖巨笔
章节序号: 290, 标题: 恐怖巨笔
提取到标题行： 第二百九十一章  半步金丹
章节序号: 291, 标题: 半步金丹
提取到标题行： 第二百九十二章  白发三千丈
章节序号: 292, 标题: 白发三千丈
提取到标题行： 第二百九十三章  天下第一城
章节序号: 293, 标题: 天下第一城
提取到标题行： 第二百九十四章  剑阵
章节序号: 294, 标题: 剑阵
提取到标题行： 第二百九十四章  颐亲王
章节序号: 294, 标题: 颐亲王
提取到标题行： 第二百九十六章  辅助大事
章节序号: 296, 标题: 辅助大事
提取到标题行： 第二百九十七章  奈何之桥
章节序号: 297, 标题: 奈何之桥
提取到标题行： 第二百九十八章  青羊老祖
章节序号: 298, 标题: 青羊老祖
提取到标题行： 第二百九十九章  涅槃丹
章节序号: 299, 标题: 涅槃丹
提取到标题行： 第三百章  烟水一
章节序号: 300, 标题: 烟水一
提取到标题行： 第三百零一章  未来星空大法王
章节序号: 301, 标题: 未来星空大法王
提取到标题行： 第三百零二章  吞噬元气
章节序号: 302, 标题: 吞噬元气
提取到标题行： 第三百零三章  都是我的
章节序号: 303, 标题: 都是我的
提取到标题行： 第三百零四章  转世投胎诀
章节序号: 304, 标题: 转世投胎诀
提取到标题行： 第三百零五章  夺命书生
章节序号: 305, 标题: 夺命书生
提取到标题行： 第三百零六章  龙穴
章节序号: 306, 标题: 龙穴
提取到标题行： 第三百零七章  百条王蛇
章节序号: 307, 标题: 百条王蛇
提取到标题行： 第三百零八章  天龙骸骨
章节序号: 308, 标题: 天龙骸骨
提取到标题行： 第三百零九章  全部收取
章节序号: 309, 标题: 全部收取
提取到标题行： 第三百一十章  钻入地穴
章节序号: 310, 标题: 钻入地穴
提取到标题行： 第三百一十一章  龙蛋
章节序号: 311, 标题: 龙蛋
提取到标题行： 第三百一十二章  魔功再成
章节序号: 312, 标题: 魔功再成
提取到标题行： 第三百一十三章  龙神丹
章节序号: 313, 标题: 龙神丹
提取到标题行： 第三百一十四章  投靠我，不然死！
章节序号: 314, 标题: 投靠我，不然死！
提取到标题行： 第三百一十五章  十殿
章节序号: 315, 标题: 十殿
提取到标题行： 第三百一十五章  魔皇出手
章节序号: 315, 标题: 魔皇出手
提取到标题行： 第三百一十七章  魔族太子
章节序号: 317, 标题: 魔族太子
提取到标题行： 第三百一十八章  八部浮屠
章节序号: 318, 标题: 八部浮屠
提取到标题行： 第二百一十九章  太古陨石
章节序号: 219, 标题: 太古陨石
提取到标题行： 第三百二十章  众生愿力
章节序号: 320, 标题: 众生愿力
提取到标题行： 第三百二十一章  星主
章节序号: 321, 标题: 星主
提取到标题行： 第三百二百十二章  九十种神通
序号解析错误， 标题行是：第三百二百十二章  九十种神通
章节序号: 0, 标题: 九十种神通
提取到标题行： 第三百二十三章  诸多魔道
章节序号: 323, 标题: 诸多魔道
提取到标题行： 第三百二十五章  亿！
章节序号: 325, 标题: 亿！
提取到标题行： 第三百二十五章  七大真传
章节序号: 325, 标题: 七大真传
提取到标题行： 第三百二十六章  符箓的威力
章节序号: 326, 标题: 符箓的威力
提取到标题行： 第三百二十七章  古佛伞
章节序号: 327, 标题: 古佛伞
提取到标题行： 第二百二十八章  元神星光体
章节序号: 228, 标题: 元神星光体
提取到标题行： 第三百二十九章  洞天之力
章节序号: 329, 标题: 洞天之力
提取到标题行： 第三百三十章  凝结金丹 上
章节序号: 330, 标题: 凝结金丹 上
提取到标题行： 第三百三十一章  凝结金丹 下
章节序号: 331, 标题: 凝结金丹 下
提取到标题行： 第三百三十三章  实力
章节序号: 333, 标题: 实力
提取到标题行： 第三百三十三章  大普渡禅光
章节序号: 333, 标题: 大普渡禅光
提取到标题行： 第三百三十四章  炼宝异变
章节序号: 334, 标题: 炼宝异变
提取到标题行： 第三百三十五章  尴尬境地
章节序号: 335, 标题: 尴尬境地
提取到标题行： 第三百三十六章  未婚妻
章节序号: 336, 标题: 未婚妻
提取到标题行： 第三百三十七章  谈交易
章节序号: 337, 标题: 谈交易
提取到标题行： 第三百三十八章  来硬的
章节序号: 338, 标题: 来硬的
提取到标题行： 第三百三十九章  沧海古浪
章节序号: 339, 标题: 沧海古浪
提取到标题行： 第三百四十章  险恶刺杀
章节序号: 340, 标题: 险恶刺杀
提取到标题行： 第三百四十一章  第一高手
章节序号: 341, 标题: 第一高手
提取到标题行： 第三百四十二章  危危可急
章节序号: 342, 标题: 危危可急
提取到标题行： 第三百四十三章  玲珑仙尊出现！
章节序号: 343, 标题: 玲珑仙尊出现！
提取到标题行： 第三百四十四章  一根头发
章节序号: 344, 标题: 一根头发
提取到标题行： 第三百四十五章  询问天机
章节序号: 345, 标题: 询问天机
提取到标题行： 第三百四十六章  神王，神王
章节序号: 346, 标题: 神王，神王
提取到标题行： 第三百四十七章  埋伏
章节序号: 347, 标题: 埋伏
提取到标题行： 第三百四十八章  百万天魔
章节序号: 348, 标题: 百万天魔
提取到标题行： 第三百四十九章  日月精轮
章节序号: 349, 标题: 日月精轮
提取到标题行： 第三百五十章  耗尽法力
章节序号: 350, 标题: 耗尽法力
提取到标题行： 第三百五十一章  五十亿赔偿
章节序号: 351, 标题: 五十亿赔偿
提取到标题行： 第三百五十一章  虚神界
章节序号: 351, 标题: 虚神界
提取到标题行： 第三百五十三章  半个不死之身
章节序号: 353, 标题: 半个不死之身
提取到标题行： 第三百五十四章  诸多宝贝
章节序号: 354, 标题: 诸多宝贝
提取到标题行： 第三百五十五章  七命玄门丹
章节序号: 355, 标题: 七命玄门丹
提取到标题行： 第三百五十五章  玲珑福地
章节序号: 355, 标题: 玲珑福地
提取到标题行： 第三百五十七章  血舞阳
章节序号: 357, 标题: 血舞阳
提取到标题行： 第三百五十八章  须弥金山
章节序号: 358, 标题: 须弥金山
提取到标题行： 第三百五十九章  斗富
章节序号: 359, 标题: 斗富
提取到标题行： 第三百六十章  自取其辱
章节序号: 360, 标题: 自取其辱
提取到标题行： 第三百六十一章  四掌解决
章节序号: 361, 标题: 四掌解决
提取到标题行： 第三百六十二章  秋细雨
章节序号: 362, 标题: 秋细雨
提取到标题行： 第三百六十三章  仙魔才俊
章节序号: 363, 标题: 仙魔才俊
提取到标题行： 第三百六十四章  龙道人，木道人
章节序号: 364, 标题: 龙道人，木道人
提取到标题行： 第三百六十五章  对战万古巨头
章节序号: 365, 标题: 对战万古巨头
提取到标题行： 第三百六十六章  万劫情丝
章节序号: 366, 标题: 万劫情丝
提取到标题行： 第三百六十七章  玲珑真身
章节序号: 367, 标题: 玲珑真身
提取到标题行： 第三百六十八章  四枚涅槃丹
章节序号: 368, 标题: 四枚涅槃丹
提取到标题行： 第三百六十九章  大劫到来
章节序号: 369, 标题: 大劫到来
提取到标题行： 第三百七十章  追杀令
章节序号: 370, 标题: 追杀令
提取到标题行： 第三百七十一章  鸿蒙大愿
章节序号: 371, 标题: 鸿蒙大愿
提取到标题行： 第三百七十二章  又一条手臂
章节序号: 372, 标题: 又一条手臂
提取到标题行： 第三百七十三章  九天玄女
章节序号: 373, 标题: 九天玄女
提取到标题行： 第三百七十四章  万连山
章节序号: 374, 标题: 万连山
提取到标题行： 第三百七十五章  海神化身
章节序号: 375, 标题: 海神化身
提取到标题行： 第三百七十六章  天煞神鲨舟
章节序号: 376, 标题: 天煞神鲨舟
提取到标题行： 第三百七十七章  强悍无匹
章节序号: 377, 标题: 强悍无匹
提取到标题行： 第三百七十八章  潮汐巨鲸
章节序号: 378, 标题: 潮汐巨鲸
提取到标题行： 第三百七十九章  心魔大咒剑
章节序号: 379, 标题: 心魔大咒剑
提取到标题行： 第三百八十章  杀劫剑
章节序号: 380, 标题: 杀劫剑
提取到标题行： 第三百八十一章  心魔老人
章节序号: 381, 标题: 心魔老人
提取到标题行： 第三百八十二章  三个条件
章节序号: 382, 标题: 三个条件
提取到标题行： 第三百八十三章  大劫彻底引发
章节序号: 383, 标题: 大劫彻底引发
提取到标题行： 第三百八十四章  吞服灵丹
章节序号: 384, 标题: 吞服灵丹
提取到标题行： 第三百八十五章  渡过了！
章节序号: 385, 标题: 渡过了！
提取到标题行： 第三百三十七章  得到传承
章节序号: 337, 标题: 得到传承
提取到标题行： 第三百八十七章  轮转圣王
章节序号: 387, 标题: 轮转圣王
提取到标题行： 第三百八十八章  寿宴结束
章节序号: 388, 标题: 寿宴结束
提取到标题行： 第三百八十九章  浮屠威力
章节序号: 389, 标题: 浮屠威力
提取到标题行： 第三百九十章  走，走，走
章节序号: 390, 标题: 走，走，走
提取到标题行： 第三百九十一章  尘世之中
章节序号: 391, 标题: 尘世之中
提取到标题行： 第三百九十二章  算命老人
章节序号: 392, 标题: 算命老人
提取到标题行： 第三百九十三章  反追杀
章节序号: 393, 标题: 反追杀
提取到标题行： 第三百九十四章  以木克木
章节序号: 394, 标题: 以木克木
提取到标题行： 第三百九十四章  屠仙大法
章节序号: 394, 标题: 屠仙大法
提取到标题行： 第三百九十六章  打爆了！
章节序号: 396, 标题: 打爆了！
提取到标题行： 第三百九十七章  神话破灭
章节序号: 397, 标题: 神话破灭
提取到标题行： 第三百九十八章  千手千眼
章节序号: 398, 标题: 千手千眼
提取到标题行： 第三百九十九章  万古巨头做苦力
章节序号: 399, 标题: 万古巨头做苦力
提取到标题行： 第四百章  华天都的动静
章节序号: 400, 标题: 华天都的动静
提取到标题行： 第四百零一章  功法的缺憾
章节序号: 401, 标题: 功法的缺憾
提取到标题行： 第四百零二章  去找烟水一
章节序号: 402, 标题: 去找烟水一
提取到标题行： 第四百零三章  乌拉王子
章节序号: 403, 标题: 乌拉王子
提取到标题行： 第四百零五章  谈交易
章节序号: 405, 标题: 谈交易
提取到标题行： 第四百零五章  一切顺利
章节序号: 405, 标题: 一切顺利
提取到标题行： 第四百零八章  太清玉液大还丹
章节序号: 408, 标题: 太清玉液大还丹
提取到标题行： 第四百零八章  大盗老巢
章节序号: 408, 标题: 大盗老巢
提取到标题行： 第四百零九章  恨天道人
章节序号: 409, 标题: 恨天道人
提取到标题行： 第四百一十章  借“笔”杀人
章节序号: 410, 标题: 借“笔”杀人
提取到标题行： 第四百一十一章  大挪移术
章节序号: 411, 标题: 大挪移术
提取到标题行： 第四百一十二章  大封印术
章节序号: 412, 标题: 大封印术
提取到标题行： 第四百一十三章  偷袭成功
章节序号: 413, 标题: 偷袭成功
提取到标题行： 第四百一十四章  神皇实力
章节序号: 414, 标题: 神皇实力
提取到标题行： 第四百一十五章  三面三手三腿
章节序号: 415, 标题: 三面三手三腿
提取到标题行： 第四百一十六章  三百大道
章节序号: 416, 标题: 三百大道
提取到标题行： 第四百一十七章  封印破裂
章节序号: 417, 标题: 封印破裂
提取到标题行： 第四百一十八章  大诅咒术
章节序号: 418, 标题: 大诅咒术
提取到标题行： 第四百一十九章  成双成对
章节序号: 419, 标题: 成双成对
提取到标题行： 第四百二十章  晋升
章节序号: 420, 标题: 晋升
提取到标题行： 第四百二十一章  震破
章节序号: 421, 标题: 震破
提取到标题行： 第四百二十二章  长生果？
章节序号: 422, 标题: 长生果？
提取到标题行： 第四百二十三章  逃走
章节序号: 423, 标题: 逃走
提取到标题行： 第四百二十三章  三仙二老
章节序号: 423, 标题: 三仙二老
提取到标题行： 第四百二十五章  再回羽化门
章节序号: 425, 标题: 再回羽化门
提取到标题行： 第四百二十六章  立刻报仇
章节序号: 426, 标题: 立刻报仇
提取到标题行： 第四百二十七章  谁给你的胆子？
章节序号: 427, 标题: 谁给你的胆子？
提取到标题行： 第四百二十八章  副掌门
章节序号: 428, 标题: 副掌门
提取到标题行： 第四百二十九章  九曲黄河
章节序号: 429, 标题: 九曲黄河
提取到标题行： 第四百三十章  逼迫
章节序号: 430, 标题: 逼迫
提取到标题行： 第四百三十一章  七天约战
章节序号: 431, 标题: 七天约战
提取到标题行： 第四百三十二章  又见方清雪
章节序号: 432, 标题: 又见方清雪
提取到标题行： 第四百三十三章  羽化门的潜力
章节序号: 433, 标题: 羽化门的潜力
提取到标题行： 第四百三十四章  世界之力
章节序号: 434, 标题: 世界之力
提取到标题行： 第四百三十五章  小宿命
章节序号: 435, 标题: 小宿命
提取到标题行： 第四百三十六章  太古诸天雷法总纲
章节序号: 436, 标题: 太古诸天雷法总纲
提取到标题行： 第四百三十七章  先天大帝
章节序号: 437, 标题: 先天大帝
提取到标题行： 第四百三十八章  烟水天
章节序号: 438, 标题: 烟水天
提取到标题行： 第四百三十九 生杀大权
章节序号: 439, 标题: 生杀大权
提取到标题行： 第四百四十章  考验
章节序号: 440, 标题: 考验
提取到标题行： 第四百四十一章  决战开始
章节序号: 441, 标题: 决战开始
提取到标题行： 第四百四十二章  有怨报怨，有仇报仇
章节序号: 442, 标题: 有怨报怨，有仇报仇
提取到标题行： 第四百四十三章  九尊天地法相
章节序号: 443, 标题: 九尊天地法相
提取到标题行： 第四百四十四章  狂暴的道器
章节序号: 444, 标题: 狂暴的道器
提取到标题行： 第四百四十五章  一剑就干死
章节序号: 445, 标题: 一剑就干死
提取到标题行： 第四百四十六章  给我报仇
章节序号: 446, 标题: 给我报仇
提取到标题行： 第四百四十七章  华天都的突破
章节序号: 447, 标题: 华天都的突破
提取到标题行： 第四百四十八章  干涉
章节序号: 448, 标题: 干涉
提取到标题行： 第四百四十九章  天武之库
章节序号: 449, 标题: 天武之库
提取到标题行： 第四百五十章  亘古魔域
章节序号: 450, 标题: 亘古魔域
提取到标题行： 第四百五十一章  又一道器
章节序号: 451, 标题: 又一道器
提取到标题行： 第四百五十二章  又穷了
章节序号: 452, 标题: 又穷了
提取到标题行： 第四百五十三章  神秘男子
章节序号: 453, 标题: 神秘男子
提取到标题行： 第四百五十四章  惊天阴谋
章节序号: 454, 标题: 惊天阴谋
提取到标题行： 第四百五十五章  各怀鬼胎
章节序号: 455, 标题: 各怀鬼胎
提取到标题行： 第四百五十六章  忌都法王
章节序号: 456, 标题: 忌都法王
提取到标题行： 第四百五十七章  我们夫妻两个
章节序号: 457, 标题: 我们夫妻两个
提取到标题行： 第四百五十八章  天剑切割
章节序号: 458, 标题: 天剑切割
提取到标题行： 第四百五十九章  强行渡化？
章节序号: 459, 标题: 强行渡化？
提取到标题行： 第四百六十章  宿命威能
章节序号: 460, 标题: 宿命威能
提取到标题行： 第四百六十一章  血蝙蝠
章节序号: 461, 标题: 血蝙蝠
提取到标题行： 第四百六十二章  结成联盟
章节序号: 462, 标题: 结成联盟
提取到标题行： 第四百六十三章  天武八阵
章节序号: 463, 标题: 天武八阵
提取到标题行： 第四百六十四章  星核出世
章节序号: 464, 标题: 星核出世
提取到标题行： 第四百六十五章  星球枯萎
章节序号: 465, 标题: 星球枯萎
提取到标题行： 第四百六十六章  抓捕龙道人
章节序号: 466, 标题: 抓捕龙道人
提取到标题行： 第四百六十七章  连连渡化
章节序号: 467, 标题: 连连渡化
提取到标题行： 第四百六十八章  森罗殿主巴立明
章节序号: 468, 标题: 森罗殿主巴立明
提取到标题行： 第四百六十九章  鹬蚌相争
章节序号: 469, 标题: 鹬蚌相争
提取到标题行： 第四百七十章  夺路
章节序号: 470, 标题: 夺路
提取到标题行： 第四百七十一章  英雄
章节序号: 471, 标题: 英雄
提取到标题行： 第四百七十二章  地皇
章节序号: 472, 标题: 地皇
提取到标题行： 第四百七十三章  高手
章节序号: 473, 标题: 高手
提取到标题行： 第四百七十四章  凶威
章节序号: 474, 标题: 凶威
提取到标题行： 第四百七十五章  深重
章节序号: 475, 标题: 深重
提取到标题行： 第四百七十六章  断绝
章节序号: 476, 标题: 断绝
提取到标题行： 第四百七十七章  神通十重
章节序号: 477, 标题: 神通十重
提取到标题行： 第四百七十八章  噬魂圣兽
章节序号: 478, 标题: 噬魂圣兽
提取到标题行： 第四百七十九章  无极大世界
章节序号: 479, 标题: 无极大世界
没有提取到标题行
原文如下：
--



第四百八十章



    地底深处。



    一层地壳之中，是广阔无边的空隙，土地黄褐色，显现出了荒凉，凄惨，上不见天日，永远没有阳光的照射。



    但是，就在层地壳中间的土地--3555
没有提取到标题行
原文如下：
--



第四百八十一章



    



    “你真的要挑战应先天？而且这么快？就在一年之后？你真的有把握，这可不是闹着玩的，应先天自从黄泉大帝死后，一直雄霸魔道第一人的位置。法力深不可测，从--3640
没有提取到标题行
原文如下：
--



第四百八十二章



    方寒看着这两个男女金丹修士，把一枚一枚的纯阳丹投入星空梭之中，分解化为纯阳元气，然后开始燃烧，催动着星空梭进行穿梭空间的挪移。



    他心里一阵阵的暗叫奢--3704
没有提取到标题行
原文如下：
--



第四百八十三章



    在场和“王伏龙”在一起的，足足有数百道宝光，代表着数百件强大的法宝，不过驱使这些法宝的人却没有这么多，但也不少，足足二三十多个，



    竟然个个都是金丹高--3646
提取到标题行： 第四百八十四章  楚南公子
章节序号: 484, 标题: 楚南公子
提取到标题行： 第四百八十五章  人兽交易
章节序号: 485, 标题: 人兽交易
提取到标题行： 第四百八十六章  心魔誓言
章节序号: 486, 标题: 心魔誓言
提取到标题行： 第四百八十七章  各施阴谋
章节序号: 487, 标题: 各施阴谋
提取到标题行： 第四百八十八章  狮身人面
章节序号: 488, 标题: 狮身人面
提取到标题行： 第四百八十九章  演戏
章节序号: 489, 标题: 演戏
提取到标题行： 第四百九十章  混乱大陆
章节序号: 490, 标题: 混乱大陆
提取到标题行： 第四百九十一章  化龙葫芦
章节序号: 491, 标题: 化龙葫芦
提取到标题行： 第四百九十二 宝库秘密
章节序号: 492, 标题: 宝库秘密
提取到标题行： 第四百九十三章  风瑶光
章节序号: 493, 标题: 风瑶光
提取到标题行： 第四百九十四章  掌教之女
章节序号: 494, 标题: 掌教之女
提取到标题行： 第四百九十五章  天皇镜器灵转世
章节序号: 495, 标题: 天皇镜器灵转世
提取到标题行： 第四百九十六章  鸿蒙天道
章节序号: 496, 标题: 鸿蒙天道
提取到标题行： 第四百九十七章  宿命成
章节序号: 497, 标题: 宿命成
提取到标题行： 第四百九十八章  无相老祖
章节序号: 498, 标题: 无相老祖
提取到标题行： 第四百九十九章  道器碎片
章节序号: 499, 标题: 道器碎片
提取到标题行： 第五百章  小试牛刀
章节序号: 500, 标题: 小试牛刀
提取到标题行： 第五百零一章  宿命威能
章节序号: 501, 标题: 宿命威能
提取到标题行： 第五百零二章  北斗殿
章节序号: 502, 标题: 北斗殿
提取到标题行： 第五百零三章  星帝龙床
章节序号: 503, 标题: 星帝龙床
提取到标题行： 第五百零四章  无相真经
章节序号: 504, 标题: 无相真经
提取到标题行： 第五百零五章  大杀戮术
章节序号: 505, 标题: 大杀戮术
提取到标题行： 第五百零六章  天刑实力
章节序号: 506, 标题: 天刑实力
提取到标题行： 第五百零七章  解救方清雪 上
章节序号: 507, 标题: 解救方清雪 上
提取到标题行： 第五百零八章  解救方清雪 下
章节序号: 508, 标题: 解救方清雪 下
提取到标题行： 第五百零九章  不死之身
章节序号: 509, 标题: 不死之身
提取到标题行： 第五百一十章  埋伏
章节序号: 510, 标题: 埋伏
提取到标题行： 第五百一十一章  狠狠掠夺
章节序号: 511, 标题: 狠狠掠夺
提取到标题行： 第五百一十二章  打开龙界
章节序号: 512, 标题: 打开龙界
提取到标题行： 第五百一十三章  冲击长生
章节序号: 513, 标题: 冲击长生
提取到标题行： 第五百一十四章  大苍穹术
章节序号: 514, 标题: 大苍穹术
提取到标题行： 第五百一十五章  单挑
章节序号: 515, 标题: 单挑
提取到标题行： 第五百一十六章  大护身术
章节序号: 516, 标题: 大护身术
提取到标题行： 第五百一十七章  元元老祖
章节序号: 517, 标题: 元元老祖
提取到标题行： 第五百一十八章  清雪神威
章节序号: 518, 标题: 清雪神威
提取到标题行： 第五百一十九章  混乱元胎
章节序号: 519, 标题: 混乱元胎
提取到标题行： 第五百二十章  生命封印
章节序号: 520, 标题: 生命封印
提取到标题行： 第五百二十一章  半人半神
章节序号: 521, 标题: 半人半神
提取到标题行： 第五百二十二章  诸神国度
章节序号: 522, 标题: 诸神国度
提取到标题行： 第五百二十三章  终于长生了！
章节序号: 523, 标题: 终于长生了！
提取到标题行： 第五百二十四章  三万六千年寿命
章节序号: 524, 标题: 三万六千年寿命
提取到标题行： 第五百二十五章  帝释权杖
章节序号: 525, 标题: 帝释权杖
提取到标题行： 第五百二十六章  宝贝归我了
章节序号: 526, 标题: 宝贝归我了
提取到标题行： 第五百二十七章  决胜负 上
章节序号: 527, 标题: 决胜负 上
提取到标题行： 第五百二十八章  分胜负 下
章节序号: 528, 标题: 分胜负 下
提取到标题行： 第五百二十九章  元胎之秘 上
章节序号: 529, 标题: 元胎之秘 上
提取到标题行： 第五百三十章  元胎之秘 下
章节序号: 530, 标题: 元胎之秘 下
提取到标题行： 第五百三十一章  元胎器灵
章节序号: 531, 标题: 元胎器灵
提取到标题行： 第五百三十二章  大血魄术
章节序号: 532, 标题: 大血魄术
提取到标题行： 第五百三十三章  潜伏
章节序号: 533, 标题: 潜伏
提取到标题行： 第五百三十四章  混入
章节序号: 534, 标题: 混入
提取到标题行： 第五百三十五章  圣女殿
章节序号: 535, 标题: 圣女殿
提取到标题行： 第五百三十六章  混乱天君
章节序号: 536, 标题: 混乱天君
提取到标题行： 第五百三十七章  记忆碎片
章节序号: 537, 标题: 记忆碎片
提取到标题行： 第五百三十八章  十三亿
章节序号: 538, 标题: 十三亿
提取到标题行： 第五百三十九章  猎杀妖魔
章节序号: 539, 标题: 猎杀妖魔
提取到标题行： 第五百四十章  信任
章节序号: 540, 标题: 信任
提取到标题行： 第五百四十一章  魔皇蚩真
章节序号: 541, 标题: 魔皇蚩真
提取到标题行： 第五百四十二章  献雷
章节序号: 542, 标题: 献雷
提取到标题行： 第五百四十三章  纯阳殿
章节序号: 543, 标题: 纯阳殿
提取到标题行： 第五百四十四章  神皇乌释天
章节序号: 544, 标题: 神皇乌释天
提取到标题行： 第五百四十五章  三千纯阳之龙
章节序号: 545, 标题: 三千纯阳之龙
提取到标题行： 第五百四十六章  扮猪吃虎 上
章节序号: 546, 标题: 扮猪吃虎 上
提取到标题行： 第五百四十七章  扮猪吃虎 下
章节序号: 547, 标题: 扮猪吃虎 下
提取到标题行： 第五百四十八章  再次冲击
章节序号: 548, 标题: 再次冲击
提取到标题行： 第五百四十九章  布下奸细
章节序号: 549, 标题: 布下奸细
提取到标题行： 第五百五十章  地底猎杀
章节序号: 550, 标题: 地底猎杀
提取到标题行： 第五百五十一章  赤渊魔尊的信
章节序号: 551, 标题: 赤渊魔尊的信
提取到标题行： 第五百五十二章  大手笔
章节序号: 552, 标题: 大手笔
提取到标题行： 第五百五十三章  大变化符
章节序号: 553, 标题: 大变化符
提取到标题行： 第五百五十四章  捏死
章节序号: 554, 标题: 捏死
提取到标题行： 第五百五十五章  圣女
章节序号: 555, 标题: 圣女
提取到标题行： 第五百五十七章  库房总管
章节序号: 557, 标题: 库房总管
没有提取到标题行
原文如下：
--



第五百五十八章



    方寒修炼的“大灾难术”，一共包含“三灾九难，玄门十二法”。



    其中，三灾就是“末日天灾”，“大日火灾”“黑日风灾”，而九难就是“地难”“人难”“魔神难--3961
提取到标题行： 第五百五十九章  玲珑之威
章节序号: 559, 标题: 玲珑之威
提取到标题行： 第五百六十章  第一天才
章节序号: 560, 标题: 第一天才
提取到标题行： 第五百六十一章  洪天京
章节序号: 561, 标题: 洪天京
提取到标题行： 第五百六十二章  再见楚南公子
章节序号: 562, 标题: 再见楚南公子
提取到标题行： 第五百六十三章  机会来了！
章节序号: 563, 标题: 机会来了！
提取到标题行： 第五百六十四章  你们都要死！
章节序号: 564, 标题: 你们都要死！
提取到标题行： 第五百六十五章  霸气无边
章节序号: 565, 标题: 霸气无边
提取到标题行： 第五百六十六章  乘乱掠夺
章节序号: 566, 标题: 乘乱掠夺
提取到标题行： 第五百六十七章  成就 上
章节序号: 567, 标题: 成就 上
提取到标题行： 第五百六十八章  成就 下
章节序号: 568, 标题: 成就 下
提取到标题行： 第五百六十九章  十万八千年
章节序号: 569, 标题: 十万八千年
提取到标题行： 第五百七十章  世间自在王佛
章节序号: 570, 标题: 世间自在王佛
提取到标题行： 第五百七十一章  大王霸术
章节序号: 571, 标题: 大王霸术
提取到标题行： 第五百七十二章  神魔佛龙
章节序号: 572, 标题: 神魔佛龙
提取到标题行： 第五百七十三章  轮回之盘
章节序号: 573, 标题: 轮回之盘
提取到标题行： 第五百七十四章  纯阳大海
章节序号: 574, 标题: 纯阳大海
提取到标题行： 第五百七十五章  无穷丹药，进入囊中
章节序号: 575, 标题: 无穷丹药，进入囊中
提取到标题行： 第五百七十六章  千亿
章节序号: 576, 标题: 千亿
提取到标题行： 第五百七十七章  吕洞仙
章节序号: 577, 标题: 吕洞仙
提取到标题行： 第五百七十八章  空间法则
章节序号: 578, 标题: 空间法则
提取到标题行： 第五百七十九章  佛陀之怒
章节序号: 579, 标题: 佛陀之怒
提取到标题行： 第五百八十章  终于凝练
章节序号: 580, 标题: 终于凝练
提取到标题行： 第五百八十一章  彻底击溃
章节序号: 581, 标题: 彻底击溃
提取到标题行： 第五百八十二章  王霸到手
章节序号: 582, 标题: 王霸到手
提取到标题行： 第五百八十三章  法则碎片
章节序号: 583, 标题: 法则碎片
提取到标题行： 第五百八十四章  玲珑出手
章节序号: 584, 标题: 玲珑出手
提取到标题行： 第五百八十五章  仙界雷罚
章节序号: 585, 标题: 仙界雷罚
提取到标题行： 第五百八十六章  七公主
章节序号: 586, 标题: 七公主
提取到标题行： 第五百八十七章  七府 三库 一秘藏
章节序号: 587, 标题: 七府 三库 一秘藏
提取到标题行： 第五百八十八章  狐族合作
章节序号: 588, 标题: 狐族合作
提取到标题行： 第五百八十九章  祖玛神教
章节序号: 589, 标题: 祖玛神教
提取到标题行： 第五百九十章  斗姆神皇
章节序号: 590, 标题: 斗姆神皇
提取到标题行： 第五百九十一章  天都盟
章节序号: 591, 标题: 天都盟
提取到标题行： 第五百九十二章  如意算盘
章节序号: 592, 标题: 如意算盘
提取到标题行： 第五百九十三章  准备下手
章节序号: 593, 标题: 准备下手
提取到标题行： 第五百九十四章  仙界秘闻
章节序号: 594, 标题: 仙界秘闻
提取到标题行： 第五百九十五章  太上长老
章节序号: 595, 标题: 太上长老
提取到标题行： 第五百九十六章  屠魔大仙
章节序号: 596, 标题: 屠魔大仙
提取到标题行： 第五百九十七章  大肆冲突
章节序号: 597, 标题: 大肆冲突
提取到标题行： 第五百九十八章  展现威能
章节序号: 598, 标题: 展现威能
提取到标题行： 第五百九十九章  当场杀人
章节序号: 599, 标题: 当场杀人
提取到标题行： 第六百章  再度杀人
章节序号: 600, 标题: 再度杀人
提取到标题行： 第六百零一章  寻找人皇笔
章节序号: 601, 标题: 寻找人皇笔
提取到标题行： 第六百零二章  树倒猢狲散 上
章节序号: 602, 标题: 树倒猢狲散 上
提取到标题行： 第六百零三章  树倒猢狲散 下
章节序号: 603, 标题: 树倒猢狲散 下
提取到标题行： 第六百零四章  大剧毒术
章节序号: 604, 标题: 大剧毒术
提取到标题行： 第六百零五章  天妃
章节序号: 605, 标题: 天妃
提取到标题行： 第六百零六章  宝根菩萨
章节序号: 606, 标题: 宝根菩萨
提取到标题行： 第六百零七章  贪婪
章节序号: 607, 标题: 贪婪
提取到标题行： 第五百零八章  巨蛋
章节序号: 508, 标题: 巨蛋
提取到标题行： 第六百零九章  电母天君
章节序号: 609, 标题: 电母天君
提取到标题行： 第六百一十章  剧毒魔王
章节序号: 610, 标题: 剧毒魔王
提取到标题行： 第一百一十一章  暴雷之城
章节序号: 111, 标题: 暴雷之城
提取到标题行： 第六百一十二章  敖方 敖正
章节序号: 612, 标题: 敖方 敖正
提取到标题行： 第六百一十三章  龙威之洋
章节序号: 613, 标题: 龙威之洋
提取到标题行： 第六百一十四章  炼化宝根
章节序号: 614, 标题: 炼化宝根
提取到标题行： 第六百一十五章  因果莲胎
章节序号: 615, 标题: 因果莲胎
提取到标题行： 第六百十六章  雷城出现
章节序号: 606, 标题: 雷城出现
提取到标题行： 第六百一十七章  惊雷仙女
章节序号: 617, 标题: 惊雷仙女
提取到标题行： 第六百一十八章  不朽古雷炮
章节序号: 618, 标题: 不朽古雷炮
提取到标题行： 第六百一十九章  人皇笔的支持
章节序号: 619, 标题: 人皇笔的支持
提取到标题行： 第六百二十章  洞天境 上
章节序号: 620, 标题: 洞天境 上
提取到标题行： 第六百二十一章  洞天境 下
章节序号: 621, 标题: 洞天境 下
提取到标题行： 第六百二十二章  太上长老会议
章节序号: 622, 标题: 太上长老会议
提取到标题行： 第六百二十三章  羽化三圣
章节序号: 623, 标题: 羽化三圣
提取到标题行： 第六百二十四章  天河 浩然
章节序号: 624, 标题: 天河 浩然
提取到标题行： 第六百二十五章  金仙殿
章节序号: 625, 标题: 金仙殿
提取到标题行： 第六百二十六章  翻天覆地
章节序号: 626, 标题: 翻天覆地
提取到标题行： 第六百二十七章  三圣出现
章节序号: 627, 标题: 三圣出现
提取到标题行： 第六百二十八章  态度改变
章节序号: 628, 标题: 态度改变
提取到标题行： 第六百二十九章  第一副掌门
章节序号: 629, 标题: 第一副掌门
提取到标题行： 第六百三十章  大道二十四
章节序号: 630, 标题: 大道二十四
提取到标题行： 第六百三十一章  永恒神炉出手
章节序号: 631, 标题: 永恒神炉出手
提取到标题行： 第六百三十二章  两库之秘
章节序号: 632, 标题: 两库之秘
提取到标题行： 第六百三十三章  时空潮汐
章节序号: 633, 标题: 时空潮汐
提取到标题行： 第六百三十四章  圣光大世界
章节序号: 634, 标题: 圣光大世界
提取到标题行： 第六百三十五章  阴阳五行
章节序号: 635, 标题: 阴阳五行
提取到标题行： 第六百三十六章  天位境
章节序号: 636, 标题: 天位境
提取到标题行： 第六百三十七章  义父
章节序号: 637, 标题: 义父
提取到标题行： 第六百三十八章  弱水
章节序号: 638, 标题: 弱水
提取到标题行： 第六百三十九章  宝库钥匙
章节序号: 639, 标题: 宝库钥匙
提取到标题行： 第六百四十章  再见苏秀衣
章节序号: 640, 标题: 再见苏秀衣
提取到标题行： 第六百四十一章  游魂双魔
章节序号: 641, 标题: 游魂双魔
提取到标题行： 第六百四十二章  冤家聚头
章节序号: 642, 标题: 冤家聚头
提取到标题行： 第六百四十三章  太霸天
章节序号: 643, 标题: 太霸天
提取到标题行： 第六百四十四章  杀死太洪天
章节序号: 644, 标题: 杀死太洪天
提取到标题行： 第六百四十五章  太颜天
章节序号: 645, 标题: 太颜天
提取到标题行： 第六百四十六章  黑衣女子
章节序号: 646, 标题: 黑衣女子
提取到标题行： 第六百四十七章  虚仙化身
章节序号: 647, 标题: 虚仙化身
提取到标题行： 第六百四十八章  封印化身
章节序号: 648, 标题: 封印化身
提取到标题行： 第六百四十九章  拆
章节序号: 649, 标题: 拆
提取到标题行： 第六百五十章  白色鞭子
章节序号: 650, 标题: 白色鞭子
提取到标题行： 第五百六十一章  离火精焰旗
章节序号: 561, 标题: 离火精焰旗
提取到标题行： 第六百五十二章  愚不可及
章节序号: 652, 标题: 愚不可及
提取到标题行： 第六百五十三章  真库
章节序号: 653, 标题: 真库
提取到标题行： 第六百五十四章  液态仙气
章节序号: 654, 标题: 液态仙气
提取到标题行： 第六百五十五章  汲取
章节序号: 655, 标题: 汲取
提取到标题行： 第六百五十六章  遭遇应先天
章节序号: 656, 标题: 遭遇应先天
提取到标题行： 第六百五十七章  敢不敢赌
章节序号: 657, 标题: 敢不敢赌
提取到标题行： 第六百五十八章  永生之门的记忆
章节序号: 658, 标题: 永生之门的记忆
提取到标题行： 第六百五十九章  双双偷袭
章节序号: 659, 标题: 双双偷袭
提取到标题行： 第六百六十章  大印
章节序号: 660, 标题: 大印
提取到标题行： 第六百六十一章  极道大帝
章节序号: 661, 标题: 极道大帝
提取到标题行： 第六百六十二章  借仙杀人
章节序号: 662, 标题: 借仙杀人
提取到标题行： 第六百六十三章  全部晋升
章节序号: 663, 标题: 全部晋升
提取到标题行： 第六百六十四章  战
章节序号: 664, 标题: 战
提取到标题行： 第六百六十五章  忘忧仙丹
章节序号: 665, 标题: 忘忧仙丹
提取到标题行： 第六百六十六章  祖巫镜
章节序号: 666, 标题: 祖巫镜
提取到标题行： 第六百六十七章  三十三天至宝
章节序号: 667, 标题: 三十三天至宝
提取到标题行： 第六百六十八章  纯阳重水
章节序号: 668, 标题: 纯阳重水
提取到标题行： 第六百六十九章  夺取荒神之匙 上
章节序号: 669, 标题: 夺取荒神之匙 上
提取到标题行： 第六百七十章  夺取荒神之匙 中
章节序号: 670, 标题: 夺取荒神之匙 中
提取到标题行： 第六百七十一章  夺取荒神之匙 下
章节序号: 671, 标题: 夺取荒神之匙 下
提取到标题行： 第六百七十二章  晋升宙光境
章节序号: 672, 标题: 晋升宙光境
提取到标题行： 第六百七十三章  宝藏全得
章节序号: 673, 标题: 宝藏全得
提取到标题行： 第六百七十四章  囚
章节序号: 674, 标题: 囚
提取到标题行： 第六百七十五章  大杀四方 上
章节序号: 675, 标题: 大杀四方 上
提取到标题行： 第六百七十六章  大杀四方 中
章节序号: 676, 标题: 大杀四方 中
提取到标题行： 第六百七十七章  大杀四方 下
章节序号: 677, 标题: 大杀四方 下
提取到标题行： 第六百七十八章  造化神器残片
章节序号: 678, 标题: 造化神器残片
提取到标题行： 第六百七十九章  蒙面少年 上
章节序号: 679, 标题: 蒙面少年 上
提取到标题行： 第六百八十章  蒙面少年 下
章节序号: 680, 标题: 蒙面少年 下
提取到标题行： 第六百八十一章  祖仙至尊丹
章节序号: 681, 标题: 祖仙至尊丹
提取到标题行： 第六百八十二章  强行打入
章节序号: 682, 标题: 强行打入
提取到标题行： 第六百八十三章  炼化碎片
章节序号: 683, 标题: 炼化碎片
提取到标题行： 第六百八十四章  分离
章节序号: 684, 标题: 分离
提取到标题行： 第六百八十五章  三皇子
章节序号: 685, 标题: 三皇子
提取到标题行： 第六百八十六章  全部杀死 上
章节序号: 686, 标题: 全部杀死 上
提取到标题行： 第六百八十七章  全部杀死 下
章节序号: 687, 标题: 全部杀死 下
提取到标题行： 第六百八十八章  水火相济
章节序号: 688, 标题: 水火相济
提取到标题行： 第六百八十九章  一兆
章节序号: 689, 标题: 一兆
提取到标题行： 第六百九十章  长生五重造物境
章节序号: 690, 标题: 长生五重造物境
提取到标题行： 第六百九十一章  气势无双
章节序号: 691, 标题: 气势无双
提取到标题行： 第六百九十二章  联姻
章节序号: 692, 标题: 联姻
提取到标题行： 第六百九十三章  突然出现
章节序号: 693, 标题: 突然出现
提取到标题行： 第六百九十四章  风白羽的实力
章节序号: 694, 标题: 风白羽的实力
提取到标题行： 第六百九十五章  天人五衰
章节序号: 695, 标题: 天人五衰
提取到标题行： 第六百九十六章  天之左道
章节序号: 696, 标题: 天之左道
提取到标题行： 第六百九十七章  傀儡台
章节序号: 697, 标题: 傀儡台
提取到标题行： 第六百九十八章  原偶
章节序号: 698, 标题: 原偶
提取到标题行： 第六百九十九章  神秘白爪
章节序号: 699, 标题: 神秘白爪
提取到标题行： 第七百章  大炼宝术
章节序号: 700, 标题: 大炼宝术
提取到标题行： 第七百零一章  九鼎仙尊
章节序号: 701, 标题: 九鼎仙尊
提取到标题行： 第七百零二章  洪荒祖龙
章节序号: 702, 标题: 洪荒祖龙
提取到标题行： 第七百零三章  圣光帝国
章节序号: 703, 标题: 圣光帝国
提取到标题行： 第七百零四章  门口拦截
章节序号: 704, 标题: 门口拦截
提取到标题行： 第七百零五章  隐瞒
章节序号: 705, 标题: 隐瞒
提取到标题行： 第七百零六章  慢着
章节序号: 706, 标题: 慢着
提取到标题行： 第七百零七章  灾难天君
章节序号: 707, 标题: 灾难天君
提取到标题行： 第七百零八章  仙界使者
章节序号: 708, 标题: 仙界使者
提取到标题行： 第七百零九章  修真大世界
章节序号: 709, 标题: 修真大世界
提取到标题行： 第七百一十章  材料
章节序号: 710, 标题: 材料
提取到标题行： 第七百一十一章  古怪碎片
章节序号: 711, 标题: 古怪碎片
提取到标题行： 第七百一十二章  白羲
章节序号: 712, 标题: 白羲
提取到标题行： 第七百一十三章  分宝岩
章节序号: 713, 标题: 分宝岩
提取到标题行： 第七百一十四章  九头鼋狮
章节序号: 714, 标题: 九头鼋狮
提取到标题行： 第七百一十五章  天威号角
章节序号: 715, 标题: 天威号角
提取到标题行： 第七百一十六章  开始炼制
章节序号: 716, 标题: 开始炼制
提取到标题行： 第七百一十七章  各怀鬼胎 上 {第一更}
章节序号: 717, 标题: 各怀鬼胎 上 {第一更}
提取到标题行： 第七百一十八章  各怀鬼胎 下 {第二更}
章节序号: 718, 标题: 各怀鬼胎 下 {第二更}
提取到标题行： 第七百一十九章  图穷匕见
章节序号: 719, 标题: 图穷匕见
提取到标题行： 第七百二十章  再到蟠龙星 {第四更}
章节序号: 720, 标题: 再到蟠龙星 {第四更}
提取到标题行： 第七百二十一章  至尊龙珠
章节序号: 721, 标题: 至尊龙珠
提取到标题行： 第七百二十二章  鹿死谁手？
章节序号: 722, 标题: 鹿死谁手？
提取到标题行： 第七百二十三章  天位气运
章节序号: 723, 标题: 天位气运
提取到标题行： 第七百二十四章  斩杀
章节序号: 724, 标题: 斩杀
提取到标题行： 第七百二十五章  苍生器灵
章节序号: 725, 标题: 苍生器灵
提取到标题行： 第七百二十六章  荒神之匙第四层
章节序号: 726, 标题: 荒神之匙第四层
提取到标题行： 第七百二十七章  群宝
章节序号: 727, 标题: 群宝
提取到标题行： 第七百二十八章  布局
章节序号: 728, 标题: 布局
提取到标题行： 第七百二十九章  锦绣府
章节序号: 729, 标题: 锦绣府
提取到标题行： 第七百三十章  真君楼
章节序号: 730, 标题: 真君楼
提取到标题行： 第七百三十一章  大枯荣术
章节序号: 731, 标题: 大枯荣术
提取到标题行： 第七百三十二章  和混洞境交手
章节序号: 732, 标题: 和混洞境交手
提取到标题行： 第七百三十三章  寻求合作？
章节序号: 733, 标题: 寻求合作？
提取到标题行： 第七百三十四章  进行追踪
章节序号: 734, 标题: 进行追踪
提取到标题行： 第七百三十五章  欢喜谷
章节序号: 735, 标题: 欢喜谷
提取到标题行： `第七百三十六章  埋伏
章节序号: 736, 标题: 埋伏
提取到标题行： 第七百三十七章  圣祭大仙术
章节序号: 737, 标题: 圣祭大仙术
提取到标题行： 第七百三十八章  无量恒沙
章节序号: 738, 标题: 无量恒沙
提取到标题行： 第七百三十九章  鬼斧神工
章节序号: 739, 标题: 鬼斧神工
提取到标题行： 第七百四十章  神秘力量
章节序号: 740, 标题: 神秘力量
提取到标题行： 第七百四十一章  逆转世界
章节序号: 741, 标题: 逆转世界
提取到标题行： 第七百四十二章  可怕虚仙
章节序号: 742, 标题: 可怕虚仙
提取到标题行： 第七百四十三章  虚以委蛇
章节序号: 743, 标题: 虚以委蛇
提取到标题行： 第七百四十四章  再次忽悠
章节序号: 744, 标题: 再次忽悠
提取到标题行： 第七百四十五章  永恒天君
章节序号: 745, 标题: 永恒天君
提取到标题行： 第七百四十六章  各有图谋
章节序号: 746, 标题: 各有图谋
提取到标题行： 第七百四十七章  仙术大成
章节序号: 747, 标题: 仙术大成
提取到标题行： 第七百四十八章  再次混入 上
章节序号: 748, 标题: 再次混入 上
提取到标题行： 第七百四十九章  再次混入 下
章节序号: 749, 标题: 再次混入 下
提取到标题行： 第七百五十章  考核炼宝师
章节序号: 750, 标题: 考核炼宝师
提取到标题行： 第七百五十一章  完美手法
章节序号: 751, 标题: 完美手法
提取到标题行： 第七百五十二章  炼宝秘厂
章节序号: 752, 标题: 炼宝秘厂
提取到标题行： 第七百五十三章  荣天镯
章节序号: 753, 标题: 荣天镯
提取到标题行： 第七百五十四章  弥宝
章节序号: 754, 标题: 弥宝
提取到标题行： 第七百五十五章  跟踪
章节序号: 755, 标题: 跟踪
提取到标题行： 第七百五十六章  神秘棺材
章节序号: 756, 标题: 神秘棺材
提取到标题行： 第七百五十七章  万恶之源
章节序号: 757, 标题: 万恶之源
提取到标题行： 第七百五十八章  情丝显威
章节序号: 758, 标题: 情丝显威
提取到标题行： 第七百五十九章  渡化枯荣
章节序号: 759, 标题: 渡化枯荣
提取到标题行： 第五百六十章  献宝
章节序号: 560, 标题: 献宝
提取到标题行： 第七百六十一章  接见
章节序号: 761, 标题: 接见
提取到标题行： 第五百六十二章  谁是奸细
章节序号: 562, 标题: 谁是奸细
提取到标题行： 第七百六十三章  收徒？
章节序号: 763, 标题: 收徒？
提取到标题行： 第七百六十四章  万宝令 {第一更}
章节序号: 764, 标题: 万宝令 {第一更}
提取到标题行： 第七百六十五章  埋伏{第二更}
章节序号: 765, 标题: 埋伏{第二更}
提取到标题行： 第七百六十六章  逐一羞辱 {第三更}
章节序号: 766, 标题: 逐一羞辱 {第三更}
提取到标题行： 第七百六十七章  星涛晦暝 {第四更}
章节序号: 767, 标题: 星涛晦暝 {第四更}
提取到标题行： 第七百六十八章  善恶二心大佛法 {第五更}
章节序号: 768, 标题: 善恶二心大佛法 {第五更}
提取到标题行： 第七百六十九章  冲击界王境 {第六更}
章节序号: 769, 标题: 冲击界王境 {第六更}
提取到标题行： 第七百七十章  弥宝的召唤
章节序号: 770, 标题: 弥宝的召唤
提取到标题行： 第七百七十一章  飘渺令
章节序号: 771, 标题: 飘渺令
提取到标题行： 第七百七十二章  神族的围攻
章节序号: 772, 标题: 神族的围攻
提取到标题行： 第七百七十三章  鏖战
章节序号: 773, 标题: 鏖战
提取到标题行： 第七百七十四章  独战
章节序号: 774, 标题: 独战
提取到标题行： 第七百七十五章  撼世三招
章节序号: 775, 标题: 撼世三招
提取到标题行： 第七百七十六章  全部圣祭
章节序号: 776, 标题: 全部圣祭
提取到标题行： 第七百七十七章  惊世撞击
章节序号: 777, 标题: 惊世撞击
提取到标题行： 第七百七十八章  修成界王
章节序号: 778, 标题: 修成界王
提取到标题行： 第七百七十九章  山门异变
章节序号: 779, 标题: 山门异变
提取到标题行： 第七百八十章  周天仙尊
章节序号: 780, 标题: 周天仙尊
提取到标题行： 第七百八十一章  老东西
章节序号: 781, 标题: 老东西
提取到标题行： 第七百八十二章  怒了
章节序号: 782, 标题: 怒了
提取到标题行： 第七百八十三章  荒神之匙第五层
章节序号: 783, 标题: 荒神之匙第五层
提取到标题行： 第七百八十四章  玄无辜的偷袭
章节序号: 784, 标题: 玄无辜的偷袭
提取到标题行： 第七百八十五章  两大虚仙
章节序号: 785, 标题: 两大虚仙
提取到标题行： 第七百八十六章  群星来援
章节序号: 786, 标题: 群星来援
提取到标题行： 第七百八十七章  封天赦令
章节序号: 787, 标题: 封天赦令
提取到标题行： 第七百八十八章  暗算成功
章节序号: 788, 标题: 暗算成功
提取到标题行： 第七百八十九章  复仇之矛
章节序号: 789, 标题: 复仇之矛
提取到标题行： 第七百九十章  共同镇压
章节序号: 790, 标题: 共同镇压
提取到标题行： 第七百九十一章  再造河山
章节序号: 791, 标题: 再造河山
提取到标题行： 第七百九十二章  吞宝
章节序号: 792, 标题: 吞宝
提取到标题行： 第七百九十三章  万物龙化
章节序号: 793, 标题: 万物龙化
提取到标题行： 第七百九十四章  开始扫荡
章节序号: 794, 标题: 开始扫荡
提取到标题行： 第七百九十五章  归藏大陆
章节序号: 795, 标题: 归藏大陆
提取到标题行： 第七百九十六章  神仙茶
章节序号: 796, 标题: 神仙茶
提取到标题行： 第七百九十七章  讨债
章节序号: 797, 标题: 讨债
提取到标题行： 第七百九十八章  海皇祭
章节序号: 798, 标题: 海皇祭
提取到标题行： 第七百九十九章  灭国
章节序号: 799, 标题: 灭国
提取到标题行： 第八百章  百亿生灵
章节序号: 800, 标题: 百亿生灵
提取到标题行： 第八百零一章  巨斗
章节序号: 801, 标题: 巨斗
提取到标题行： 第八百零二章  机遇
章节序号: 802, 标题: 机遇
提取到标题行： 第八百零三章  渡化虚仙
章节序号: 803, 标题: 渡化虚仙
提取到标题行： 第八百零四章  横扫当场
章节序号: 804, 标题: 横扫当场
提取到标题行： 第八百零五章  渡化掌门
章节序号: 805, 标题: 渡化掌门
提取到标题行： 第八百零六章  遭遇强敌
章节序号: 806, 标题: 遭遇强敌
提取到标题行： 第八百零七章  人皇笔回归
章节序号: 807, 标题: 人皇笔回归
提取到标题行： 第八百零八章  斩灭天仙分身
章节序号: 808, 标题: 斩灭天仙分身
提取到标题行： 第八百零九章  混洞秘境
章节序号: 809, 标题: 混洞秘境
提取到标题行： 第八百一十章  九幽之地
章节序号: 810, 标题: 九幽之地
提取到标题行： 第八百一十一章  无数大人物
章节序号: 811, 标题: 无数大人物
提取到标题行： 第八百一十二章  五大世界联盟
章节序号: 812, 标题: 五大世界联盟
提取到标题行： 第八百一十三章  愿望果实
章节序号: 813, 标题: 愿望果实
提取到标题行： 第八百一十四章  天地魔门
章节序号: 814, 标题: 天地魔门
提取到标题行： 第八百一十五章  出手帮助
章节序号: 815, 标题: 出手帮助
提取到标题行： 第八百一十六章  元始心魔经
章节序号: 816, 标题: 元始心魔经
提取到标题行： 第八百一十七章  太古战场
章节序号: 817, 标题: 太古战场
提取到标题行： 第八百一十八章  威势
章节序号: 818, 标题: 威势
提取到标题行： 第八百一十九章  得手
章节序号: 819, 标题: 得手
提取到标题行： 第八百二十章  四亿八千万古天魔
章节序号: 820, 标题: 四亿八千万古天魔
提取到标题行： 第八百二十一章  故人
章节序号: 821, 标题: 故人
提取到标题行： 第八百二十二章  嚼吃
章节序号: 822, 标题: 嚼吃
提取到标题行： 第八百二十三章  燎日金枪
章节序号: 823, 标题: 燎日金枪
提取到标题行： 第八百二十四章  两派合并
章节序号: 824, 标题: 两派合并
提取到标题行： 第八百二十五章  造化门
章节序号: 825, 标题: 造化门
提取到标题行： 第八百二十六章  荒神之匙第六层
章节序号: 826, 标题: 荒神之匙第六层
提取到标题行： 第八百二十七章  五个混洞
章节序号: 827, 标题: 五个混洞
提取到标题行： 第八百二十八章  仙道大会
章节序号: 828, 标题: 仙道大会
提取到标题行： 第八百二十九章  剑十五
章节序号: 829, 标题: 剑十五
提取到标题行： 第八百三十章  一枪捅死
章节序号: 830, 标题: 一枪捅死
提取到标题行： 第八百三十一章  耀武扬威
章节序号: 831, 标题: 耀武扬威
提取到标题行： 第八百三十二章  够了
章节序号: 832, 标题: 够了
提取到标题行： 第八百三十三章  四面楚歌
章节序号: 833, 标题: 四面楚歌
提取到标题行： 第八百三十四章  剑意通天
章节序号: 834, 标题: 剑意通天
提取到标题行： 第八百三十五章  突然消失
章节序号: 835, 标题: 突然消失
提取到标题行： 第八百三十六章  和光同尘大仙阵
章节序号: 836, 标题: 和光同尘大仙阵
提取到标题行： 第八百三十七章  永恒不动真我
章节序号: 837, 标题: 永恒不动真我
提取到标题行： 第三百三十八章  终结圣王
章节序号: 338, 标题: 终结圣王
提取到标题行： 第八百三十九章  毒圣之叹息
章节序号: 839, 标题: 毒圣之叹息
提取到标题行： 第八百四十章  玄门劫数古阵
章节序号: 840, 标题: 玄门劫数古阵
提取到标题行： 第八百四十一章  清雪出现
章节序号: 841, 标题: 清雪出现
提取到标题行： 第八百四十二章  突出重围
章节序号: 842, 标题: 突出重围
提取到标题行： 第八百四十三章  五大魔宗
章节序号: 843, 标题: 五大魔宗
提取到标题行： 第八百四十四章 归顺我
章节序号: 844, 标题: 归顺我
提取到标题行： 第八百四十五章  下马威
章节序号: 845, 标题: 下马威
提取到标题行： 第八百四十六章  整合魔宗
章节序号: 846, 标题: 整合魔宗
提取到标题行： 第八百四十七章  再见大斋
章节序号: 847, 标题: 再见大斋
提取到标题行： 第八百四十八章  吸入
章节序号: 848, 标题: 吸入
提取到标题行： 第八百四十九章  顷刻之间
章节序号: 849, 标题: 顷刻之间
提取到标题行： 第八百五十章  逆天刀诀
章节序号: 850, 标题: 逆天刀诀
提取到标题行： 第五百五十一章  神帝之子
章节序号: 551, 标题: 神帝之子
提取到标题行： 第八百五十二章  解救器灵
章节序号: 852, 标题: 解救器灵
提取到标题行： 第八百五十三章  两雄相争
章节序号: 853, 标题: 两雄相争
提取到标题行： 第八百五十四章  连连击杀
章节序号: 854, 标题: 连连击杀
提取到标题行： 第八百五十五章  抓住神尊
章节序号: 855, 标题: 抓住神尊
提取到标题行： 第八百五十六章  进入龙界
章节序号: 856, 标题: 进入龙界
提取到标题行： 第八百五十七章  旷世大战
章节序号: 857, 标题: 旷世大战
提取到标题行： 第八百五十八章  神仙
章节序号: 858, 标题: 神仙
提取到标题行： 第八百五十九章  终于出手
章节序号: 859, 标题: 终于出手
提取到标题行： 第八百六十章  因果愿望
章节序号: 860, 标题: 因果愿望
提取到标题行： 第八百六十一章  孤家寡人
章节序号: 861, 标题: 孤家寡人
提取到标题行： 第八百六十二章  龙界之秘
章节序号: 862, 标题: 龙界之秘
提取到标题行： 第八百六十三章  浮屠晋升
章节序号: 863, 标题: 浮屠晋升
提取到标题行： 第八百六十四章  异象
章节序号: 864, 标题: 异象
提取到标题行： 第八百六十五章  堕落天花
章节序号: 865, 标题: 堕落天花
提取到标题行： 第八百六十六章  大道补全
章节序号: 866, 标题: 大道补全
提取到标题行： 第八百六十七章  命星雷
章节序号: 867, 标题: 命星雷
提取到标题行： 第八百八十六章  审判之枪
章节序号: 886, 标题: 审判之枪
提取到标题行： 第八百六十九章  全部都灭
章节序号: 869, 标题: 全部都灭
提取到标题行： 第六百七十章  融入一炉
章节序号: 670, 标题: 融入一炉
提取到标题行： 第八百七十一章  天劫渡过
章节序号: 871, 标题: 天劫渡过
提取到标题行： 第八百七十二章  斩龙 上
章节序号: 872, 标题: 斩龙 上
提取到标题行： 第八百七十三章  斩龙 中
章节序号: 873, 标题: 斩龙 中
提取到标题行： 第八百七十四章  斩龙 下
章节序号: 874, 标题: 斩龙 下
提取到标题行： 第八百七十五章  宝主身亡
章节序号: 875, 标题: 宝主身亡
提取到标题行： 第八百七十六章  小试身手
章节序号: 876, 标题: 小试身手
提取到标题行： 第八百七十七章  前往太上九清天
章节序号: 877, 标题: 前往太上九清天
提取到标题行： 第八百七十八章  直接拉拢
章节序号: 878, 标题: 直接拉拢
提取到标题行： 第八百八十九章  东陵道场
章节序号: 889, 标题: 东陵道场
提取到标题行： 第八百八十章  我就是弥宝的男人
章节序号: 880, 标题: 我就是弥宝的男人
提取到标题行： 第八百八十一章  勾命大仙术
章节序号: 881, 标题: 勾命大仙术
提取到标题行： 第八百八十二章  无尽起源
章节序号: 882, 标题: 无尽起源
提取到标题行： 第八百八十三章  开始扬威
章节序号: 883, 标题: 开始扬威
提取到标题行： 第八百八十四章  打爆天仙
章节序号: 884, 标题: 打爆天仙
提取到标题行： 第八百八十五章  幻影法王
章节序号: 885, 标题: 幻影法王
提取到标题行： 第八百八十六章  副门主画子虚
章节序号: 886, 标题: 副门主画子虚
提取到标题行： 第八百八十七章  门主降临
章节序号: 887, 标题: 门主降临
提取到标题行： 第八百八十八章  绝武神
章节序号: 888, 标题: 绝武神
提取到标题行： 第八百八十九章  突破真仙
章节序号: 889, 标题: 突破真仙
提取到标题行： 第八百九十章  杀死绝武神
章节序号: 890, 标题: 杀死绝武神
提取到标题行： 第八百九十一章  天涯圣道尺
章节序号: 891, 标题: 天涯圣道尺
提取到标题行： 第八百九十二章  弥宝现身
章节序号: 892, 标题: 弥宝现身
提取到标题行： 第八百九十三章  恨恨离去
章节序号: 893, 标题: 恨恨离去
提取到标题行： 第八百九十四章  宝主后招
章节序号: 894, 标题: 宝主后招
提取到标题行： 第八百九十五章  半路剪径
章节序号: 895, 标题: 半路剪径
提取到标题行： 第八百九十六章  大成圣刀
章节序号: 896, 标题: 大成圣刀
提取到标题行： 第八百九十七章  砸死
章节序号: 897, 标题: 砸死
提取到标题行： 第八百九十八章  斩圣三刀
章节序号: 898, 标题: 斩圣三刀
提取到标题行： 第八百九十九章  万恶再现
章节序号: 899, 标题: 万恶再现
提取到标题行： 第九百章  绝地翻盘
章节序号: 900, 标题: 绝地翻盘
提取到标题行： 第九百零一章  夺取仙器
章节序号: 901, 标题: 夺取仙器
提取到标题行： 第九百零二章  修为大成
章节序号: 902, 标题: 修为大成
提取到标题行： 第九百零三章  返回无极大世界
章节序号: 903, 标题: 返回无极大世界
提取到标题行： 第九百零四章  大人物的手笔
章节序号: 904, 标题: 大人物的手笔
提取到标题行： 第九百零五章  蚩人王
章节序号: 905, 标题: 蚩人王
提取到标题行： 第九百零六章  风白羽得手
章节序号: 906, 标题: 风白羽得手
提取到标题行： 第九百零七章  会面玲珑
章节序号: 907, 标题: 会面玲珑
提取到标题行： 第九百零八章  大因果术
章节序号: 908, 标题: 大因果术
提取到标题行： 第九百零九章  心魔之王
章节序号: 909, 标题: 心魔之王
提取到标题行： 第九百一十九章  中央大世界
章节序号: 919, 标题: 中央大世界
提取到标题行： 第九百一十一章  再入太元仙府
章节序号: 911, 标题: 再入太元仙府
提取到标题行： 第九百一十二章  天鼓大阵
章节序号: 912, 标题: 天鼓大阵
提取到标题行： 第九百一十三章  牧野公子
章节序号: 913, 标题: 牧野公子
提取到标题行： 第九百一十四章 十六倍天仙
章节序号: 914, 标题: 十六倍天仙
提取到标题行： 第九百一十五章  瞬杀
章节序号: 915, 标题: 瞬杀
提取到标题行： 第九百一十六章  撕裂
章节序号: 916, 标题: 撕裂
提取到标题行： 第九百一十七章  激战
章节序号: 917, 标题: 激战
提取到标题行： 第九百一十八章   再次炼化仙器
章节序号: 918, 标题: 再次炼化仙器
提取到标题行： 第九百一十九章  中央大帝
章节序号: 919, 标题: 中央大帝
提取到标题行： 第九百二十章  战场
章节序号: 920, 标题: 战场
提取到标题行： 第九百二十一章  一个混沌是一年
章节序号: 921, 标题: 一个混沌是一年
提取到标题行： 第九百二十二章  逼其飞升
章节序号: 922, 标题: 逼其飞升
提取到标题行： 第九百二十三章  玄牝出世
章节序号: 923, 标题: 玄牝出世
提取到标题行： 第九百二十四章  佛龙出手
章节序号: 924, 标题: 佛龙出手
提取到标题行： 第九百二十五章  深蓝之子
章节序号: 925, 标题: 深蓝之子
提取到标题行： 第六百二十六章  自由之翼
章节序号: 626, 标题: 自由之翼
提取到标题行： 第九百二十七章  两两联合
章节序号: 927, 标题: 两两联合
提取到标题行： 第九百二十八章  天元一击
章节序号: 928, 标题: 天元一击
提取到标题行： 第九百二十九章  大劫降临
章节序号: 929, 标题: 大劫降临
提取到标题行： 第九百三十章  晋升天仙
章节序号: 930, 标题: 晋升天仙
提取到标题行： 第九百三十一章  打成肉饼
章节序号: 931, 标题: 打成肉饼
提取到标题行： 第九百三十二章  周天仪变化仙器
章节序号: 932, 标题: 周天仪变化仙器
提取到标题行： 第九百三十三章  横蛮杀害
章节序号: 933, 标题: 横蛮杀害
提取到标题行： 第九百三十四章  再次变化仙器
章节序号: 934, 标题: 再次变化仙器
提取到标题行： 第九百三十五章  昊天神帝
章节序号: 935, 标题: 昊天神帝
提取到标题行： 第九百三十六章  无数高手
章节序号: 936, 标题: 无数高手
提取到标题行： 第九百三十七章  斗神帝国
章节序号: 937, 标题: 斗神帝国
提取到标题行： 第九百三十八章  连连斩杀
章节序号: 938, 标题: 连连斩杀
提取到标题行： 第九百三十九章  大聚会
章节序号: 939, 标题: 大聚会
提取到标题行： 第九百四十章  谁当盟主？
章节序号: 940, 标题: 谁当盟主？
提取到标题行： 第九百四十一章  裁决七式
章节序号: 941, 标题: 裁决七式
提取到标题行： 第九百四十二章  打死你
章节序号: 942, 标题: 打死你
提取到标题行： 第九百四十三章  灵魂凯歌
章节序号: 943, 标题: 灵魂凯歌
提取到标题行： 第九百四十四章  生生世世
章节序号: 944, 标题: 生生世世
提取到标题行： 第九百四十五章  格杀
章节序号: 945, 标题: 格杀
提取到标题行： 第九百四十六章  四大仙器
章节序号: 946, 标题: 四大仙器
提取到标题行： 第九百四十七章  多派来朝
章节序号: 947, 标题: 多派来朝
提取到标题行： 第九百四十八章  住手！
章节序号: 948, 标题: 住手！
提取到标题行： 第九百四十九章  混沌之子 上
章节序号: 949, 标题: 混沌之子 上
提取到标题行： 第九百五十章  混沌之子 下
章节序号: 950, 标题: 混沌之子 下
提取到标题行： 第九百五十一章  苦海大.法
章节序号: 951, 标题: 苦海大.法
提取到标题行： 第九百五十三章  各自拼命
章节序号: 953, 标题: 各自拼命
提取到标题行： 第九百五十四章  金仙符箓
章节序号: 954, 标题: 金仙符箓
提取到标题行： 第九百五十五章  一击得手
章节序号: 955, 标题: 一击得手
提取到标题行： 第九百五十六章  浮屠化仙
章节序号: 956, 标题: 浮屠化仙
提取到标题行： 第九百五十七章  黑色斗篷神秘人
章节序号: 957, 标题: 黑色斗篷神秘人
提取到标题行： 第九百五十八章  看我者死
章节序号: 958, 标题: 看我者死
提取到标题行： 第九百五十九章  七大仙府
章节序号: 959, 标题: 七大仙府
提取到标题行： 第九百六十章  食仙神族
章节序号: 960, 标题: 食仙神族
提取到标题行： 第九百六十一章  以诸神的名义
章节序号: 961, 标题: 以诸神的名义
提取到标题行： 第九百六十二章  玄仙神帝
章节序号: 962, 标题: 玄仙神帝
提取到标题行： 第六百六十三章  圣王显现
章节序号: 663, 标题: 圣王显现
提取到标题行： 第九百六十三章  圣王显现
章节序号: 963, 标题: 圣王显现
提取到标题行： 第九百六十四章  十万道大仙术
章节序号: 964, 标题: 十万道大仙术
提取到标题行： 第九百六十五章  星云晋升
章节序号: 965, 标题: 星云晋升
提取到标题行： 第九百六十六章  诸神的屏障
章节序号: 966, 标题: 诸神的屏障
提取到标题行： 第九百六十七章  铁血仙府
章节序号: 967, 标题: 铁血仙府
提取到标题行： 第九百六十八章  恐怖尸骸
章节序号: 968, 标题: 恐怖尸骸
提取到标题行： 第九百六十九章  大罗妙用
章节序号: 969, 标题: 大罗妙用
提取到标题行： 第九百七十章  封天锁
章节序号: 970, 标题: 封天锁
提取到标题行： 第九百七十一章  菩提仙府传承者
章节序号: 971, 标题: 菩提仙府传承者
提取到标题行： 第九百七十二章  四大仙府传承者
章节序号: 972, 标题: 四大仙府传承者
提取到标题行： 第九百七十三章  化仙圣光
章节序号: 973, 标题: 化仙圣光
提取到标题行： 第九百七十四章  诸天轮回
章节序号: 974, 标题: 诸天轮回
提取到标题行： 第九百七十五章  偷天爪
章节序号: 975, 标题: 偷天爪
提取到标题行： 第九百七十六章  圣祭蓄力
章节序号: 976, 标题: 圣祭蓄力
提取到标题行： 第九百七十七章  虚空之子
章节序号: 977, 标题: 虚空之子
提取到标题行： 第九百七十八章  诸神的放逐
章节序号: 978, 标题: 诸神的放逐
提取到标题行： 第九百七十九章  擎天柱
章节序号: 979, 标题: 擎天柱
提取到标题行： 第九百八十章  功传四人
章节序号: 980, 标题: 功传四人
提取到标题行： 第九百八十一章  全灭 上
章节序号: 981, 标题: 全灭 上
提取到标题行： 第九百八十二章  全灭 中
章节序号: 982, 标题: 全灭 中
提取到标题行： 第九百八十三章  全灭 下
章节序号: 983, 标题: 全灭 下
提取到标题行： 第九百八十四章  大人物的愤怒
章节序号: 984, 标题: 大人物的愤怒
提取到标题行： 第九百八十五章  疯狂追逐
章节序号: 985, 标题: 疯狂追逐
提取到标题行： 第九百八十六章  拼死抵挡
章节序号: 986, 标题: 拼死抵挡
提取到标题行： 第九百八十七章  全部化仙
章节序号: 987, 标题: 全部化仙
提取到标题行： 第九百八十八章  修成玄仙
章节序号: 988, 标题: 修成玄仙
提取到标题行： 第九百八十九章  再次联手
章节序号: 989, 标题: 再次联手
提取到标题行： 第九百九十章  三十三倍战力
章节序号: 990, 标题: 三十三倍战力
提取到标题行： 第九百九十一章  进入陷阱
章节序号: 991, 标题: 进入陷阱
提取到标题行： 第九百九十二章  金仙法则
章节序号: 992, 标题: 金仙法则
提取到标题行： 第九百九十三章  飞升
章节序号: 993, 标题: 飞升
提取到标题行： 第九百九十四章  天界
章节序号: 994, 标题: 天界
提取到标题行： 第九百九十五章  玄重派
章节序号: 995, 标题: 玄重派
提取到标题行： 第九百九十六章  安顿
章节序号: 996, 标题: 安顿
提取到标题行： 第九百九十七章  王品仙丹
章节序号: 997, 标题: 王品仙丹
提取到标题行： 第九百九十八章  老祖宗
章节序号: 998, 标题: 老祖宗
提取到标题行： 第九百九十九章  天界羽化门
章节序号: 999, 标题: 天界羽化门
提取到标题行： 第一千章  毒手药王
章节序号: 1000, 标题: 毒手药王
提取到标题行： 第一千零一章  羽化门天才
章节序号: 1001, 标题: 羽化门天才
提取到标题行： 第一千零二章  假意投靠
章节序号: 1002, 标题: 假意投靠
提取到标题行： 第一千零三章  恢复实力
章节序号: 1003, 标题: 恢复实力
提取到标题行： 第一千零四章  你们完了
章节序号: 1004, 标题: 你们完了
提取到标题行： 第一千零五章  都要死
章节序号: 1005, 标题: 都要死
提取到标题行： 第一千零六章  太残暴了
章节序号: 1006, 标题: 太残暴了
提取到标题行： 第一千零七章  收取灵脉
章节序号: 1007, 标题: 收取灵脉
提取到标题行： 第一千零八章  各门臣服 上
章节序号: 1008, 标题: 各门臣服 上
提取到标题行： 第一千零九章  各门臣服 中
章节序号: 1009, 标题: 各门臣服 中
提取到标题行： 第一千零十章  各门臣服 下
章节序号: 1010, 标题: 各门臣服 下
提取到标题行： 第一千一十章  泉州古城
序号解析错误， 标题行是：第一千一十章  泉州古城
章节序号: 0, 标题: 泉州古城
提取到标题行： 第一千零一十二章  通缉犯榜单
章节序号: 1012, 标题: 通缉犯榜单
提取到标题行： 第一千零一十三章  刺客
章节序号: 1013, 标题: 刺客
提取到标题行： 第一千零十四章  恒不动
章节序号: 1014, 标题: 恒不动
提取到标题行： 第一千零一十五章  废掉
章节序号: 1015, 标题: 废掉
提取到标题行： 第一千零一十六章  密谋
章节序号: 1016, 标题: 密谋
提取到标题行： 第一千零一十七章  陨落邪谷
章节序号: 1017, 标题: 陨落邪谷
提取到标题行： 第一千零一十八章  羲
章节序号: 1018, 标题: 羲
提取到标题行： 第一千零一十九章  邪气
章节序号: 1019, 标题: 邪气
提取到标题行： 第一千零二十章  兴师问罪
章节序号: 1020, 标题: 兴师问罪
提取到标题行： 第一千零二十一章  煞气大补
章节序号: 1021, 标题: 煞气大补
提取到标题行： 第一千零二十二章  巫字
章节序号: 1022, 标题: 巫字
提取到标题行： 第一千零二十三章  夺丹 上
章节序号: 1023, 标题: 夺丹 上
提取到标题行： 第一千零二十四章  夺丹 下
章节序号: 1024, 标题: 夺丹 下
提取到标题行： 第一千零二十五章  冥神之殇
章节序号: 1025, 标题: 冥神之殇
提取到标题行： 第一千零二十六章  亡者无间
章节序号: 1026, 标题: 亡者无间
提取到标题行： 第一千零二十七章  魂魄无家
章节序号: 1027, 标题: 魂魄无家
提取到标题行： 第一千零二十八章  幻影连连
章节序号: 1028, 标题: 幻影连连
提取到标题行： 第一千零二十九章  风缘
章节序号: 1029, 标题: 风缘
提取到标题行： 第一千零三十章  再度发现宝藏
章节序号: 1030, 标题: 再度发现宝藏
提取到标题行： 第一千零三十一章  佛脂
章节序号: 1031, 标题: 佛脂
提取到标题行： 第一千零三十二章  弘气楼
章节序号: 1032, 标题: 弘气楼
提取到标题行： 第一千零三十三章  二阶灵脉
章节序号: 1033, 标题: 二阶灵脉
提取到标题行： 第一千零三十四章  羽化门考核
章节序号: 1034, 标题: 羽化门考核
提取到标题行： 第一千零三十五章  种子弟子
章节序号: 1035, 标题: 种子弟子
提取到标题行： 第一千零三十六章  诸多天才
章节序号: 1036, 标题: 诸多天才
提取到标题行： 第一千零三十七章  真传弟子
章节序号: 1037, 标题: 真传弟子
提取到标题行： 第一千零三十八章  一个比一个狂
章节序号: 1038, 标题: 一个比一个狂
提取到标题行： 第一千零三十九章  乱世洪流 第五更
章节序号: 1039, 标题: 乱世洪流 第五更
提取到标题行： 第一千零四十章  江山古井
章节序号: 1040, 标题: 江山古井
提取到标题行： 第一千零四十一章  造化残片再现
章节序号: 1041, 标题: 造化残片再现
提取到标题行： 第一千零四十二章  接任务
章节序号: 1042, 标题: 接任务
提取到标题行： 第一千零四十三章  疯狂赚取
章节序号: 1043, 标题: 疯狂赚取
提取到标题行： 第一千零四十四章  刺杀任务
章节序号: 1044, 标题: 刺杀任务
提取到标题行： 第一千零四十五章  花想容
章节序号: 1045, 标题: 花想容
提取到标题行： 第一千零四十六章  尘心
章节序号: 1046, 标题: 尘心
提取到标题行： 第一千零四十七章  阿赖耶之剑
章节序号: 1047, 标题: 阿赖耶之剑
提取到标题行： 第一千零四十八章  造化之龙
章节序号: 1048, 标题: 造化之龙
提取到标题行： 第一千零四十九章  神国晶体
章节序号: 1049, 标题: 神国晶体
提取到标题行： 第一千零五十章  龙族金仙
章节序号: 1050, 标题: 龙族金仙
提取到标题行： 第一千零五十一章  鲜于尊者
章节序号: 1051, 标题: 鲜于尊者
提取到标题行： 第一千零五十二章  沙洲
章节序号: 1052, 标题: 沙洲
提取到标题行： 第一千零五十三章  白衣儒雅男子
章节序号: 1053, 标题: 白衣儒雅男子
提取到标题行： 第一千零五十四章  舍己为人？
章节序号: 1054, 标题: 舍己为人？
提取到标题行： 第一千零五十五章  引诱
章节序号: 1055, 标题: 引诱
提取到标题行： 第一千零五十六章  女神像
章节序号: 1056, 标题: 女神像
提取到标题行： 第一千零五十七章  困龙
章节序号: 1057, 标题: 困龙
提取到标题行： 第一千零五十八章  惊天奇遇
章节序号: 1058, 标题: 惊天奇遇
提取到标题行： 第一千零五十九章  炼龙
章节序号: 1059, 标题: 炼龙
提取到标题行： 第一千零六十章  晋升金仙 上
章节序号: 1060, 标题: 晋升金仙 上
提取到标题行： 第一千零六十一章  晋升金仙 下
章节序号: 1061, 标题: 晋升金仙 下
提取到标题行： 第一千零六十二章  再遇两龙
章节序号: 1062, 标题: 再遇两龙
提取到标题行： 第一千零六十三章  神的国
章节序号: 1063, 标题: 神的国
提取到标题行： 第一千零六十四章  再杀两龙 上
章节序号: 1064, 标题: 再杀两龙 上
提取到标题行： 第一千零六十五章  再杀两龙 下
章节序号: 1065, 标题: 再杀两龙 下
提取到标题行： 第一千零六十六章  气宗大人
章节序号: 1066, 标题: 气宗大人
提取到标题行： 第一千零六十七章  大生意
章节序号: 1067, 标题: 大生意
提取到标题行： 第一千零六十八章  大气宗
章节序号: 1068, 标题: 大气宗
提取到标题行： 第一千零六十九章  皇甫公主
章节序号: 1069, 标题: 皇甫公主
提取到标题行： 第一千零七十章  鬼谷邪瞳
章节序号: 1070, 标题: 鬼谷邪瞳
提取到标题行： 第一千零七十一章  八庵老人
章节序号: 1071, 标题: 八庵老人
提取到标题行： 第一千零七十二章  撕裂
章节序号: 1072, 标题: 撕裂
提取到标题行： 第一千零七十三章  全部留下
章节序号: 1073, 标题: 全部留下
提取到标题行： 第一千零七十四章  核心种子弟子
章节序号: 1074, 标题: 核心种子弟子
提取到标题行： 第一千零七十五章  大尊者
章节序号: 1075, 标题: 大尊者
提取到标题行： 第一千零七十六章  没长眼睛？
章节序号: 1076, 标题: 没长眼睛？
提取到标题行： 第一千零七十七章  顾长风
章节序号: 1077, 标题: 顾长风
提取到标题行： 第一千零七十八章  赤手天尊
章节序号: 1078, 标题: 赤手天尊
提取到标题行： 第一千零七十九章  葬仙 二更
章节序号: 1079, 标题: 葬仙 二更
提取到标题行： 第一千零八十章  项一真 三更
章节序号: 1080, 标题: 项一真 三更
提取到标题行： 第一千零八十一章  降神峰 四更
章节序号: 1081, 标题: 降神峰 四更
提取到标题行： 第一千零八十二章  唯一真教 五更
章节序号: 1082, 标题: 唯一真教 五更
提取到标题行： 第一千零八十三章  两虎相争
章节序号: 1083, 标题: 两虎相争
提取到标题行： 第一千零八十四章  夜帝神拳
章节序号: 1084, 标题: 夜帝神拳
提取到标题行： 第一千零八十五章  自创武学
章节序号: 1085, 标题: 自创武学
提取到标题行： 第一千零六十八章  纪元神拳
章节序号: 1068, 标题: 纪元神拳
提取到标题行： 第一千零八十七章  鬼武圣君
章节序号: 1087, 标题: 鬼武圣君
提取到标题行： 第一千零八十八章  玉府太子
章节序号: 1088, 标题: 玉府太子
提取到标题行： 第一千零八十九章  太一门魏东升
章节序号: 1089, 标题: 太一门魏东升
提取到标题行： 第一千零九十章  前往乱神海
章节序号: 1090, 标题: 前往乱神海
提取到标题行： 第一千零九十一章  神龟天王兽
章节序号: 1091, 标题: 神龟天王兽
提取到标题行： 第一千零九十二章  海侯圣泉眼
章节序号: 1092, 标题: 海侯圣泉眼
提取到标题行： 第一千零九十三章  金仙老龟
章节序号: 1093, 标题: 金仙老龟
提取到标题行： 第一千零九十四章  收获颇丰
章节序号: 1094, 标题: 收获颇丰
提取到标题行： 第一千零九十五章  交换剑气
章节序号: 1095, 标题: 交换剑气
提取到标题行： 第一千零九十六章  心魔偷天
章节序号: 1096, 标题: 心魔偷天
提取到标题行： 第一千零九十七章  白骨长河
章节序号: 1097, 标题: 白骨长河
提取到标题行： 第一千零九十八章  大凶之地
章节序号: 1098, 标题: 大凶之地
提取到标题行： 第一千零九十九章  动手
章节序号: 1099, 标题: 动手
提取到标题行： 第一千一百章  玉皇镜
章节序号: 1100, 标题: 玉皇镜
提取到标题行： 第一千一百零一章  抹杀重生
章节序号: 1101, 标题: 抹杀重生
提取到标题行： 第一千一百零二章  大蜕变
章节序号: 1102, 标题: 大蜕变
提取到标题行： 第一千一百零三章  领悟天地一体
章节序号: 1103, 标题: 领悟天地一体
提取到标题行： 第一千一百零四章  骨冢
章节序号: 1104, 标题: 骨冢
提取到标题行： 第一千一百零五章  第一通缉犯
章节序号: 1105, 标题: 第一通缉犯
提取到标题行： 第一千一百零六章  进入骨冢
章节序号: 1106, 标题: 进入骨冢
提取到标题行： 第一千一百零七章  金阁太子
章节序号: 1107, 标题: 金阁太子
提取到标题行： 第一千一百零八章  同归于尽？
章节序号: 1108, 标题: 同归于尽？
提取到标题行： 第一千一百零九章  一石二鸟
章节序号: 1109, 标题: 一石二鸟
提取到标题行： 第一千一百一十章  大型宝藏
章节序号: 1110, 标题: 大型宝藏
提取到标题行： 第一千一百一十一章  争夺宝藏
章节序号: 1111, 标题: 争夺宝藏
提取到标题行： 第一千一百一十二章  全部收取
章节序号: 1112, 标题: 全部收取
提取到标题行： 第一千一百一十三章  无常作梗
章节序号: 1113, 标题: 无常作梗
提取到标题行： 第一千一百一十四章  神狱执法弟子
章节序号: 1114, 标题: 神狱执法弟子
提取到标题行： 第一千一百一十五章  一群变态
章节序号: 1115, 标题: 一群变态
提取到标题行： 第一千一百一十六章  又见大易教
章节序号: 1116, 标题: 又见大易教
提取到标题行： 第一千一百一十七章  行者无疆
章节序号: 1117, 标题: 行者无疆
提取到标题行： 第一千一百一十八章  圣人逐日
章节序号: 1118, 标题: 圣人逐日
提取到标题行： 第一千一百一十九章  不识好人心
章节序号: 1119, 标题: 不识好人心
提取到标题行： 第一千一百二十章  曹正阳
章节序号: 1120, 标题: 曹正阳
提取到标题行： 第一千一百二十一章  虚皇不败大战圣法
章节序号: 1121, 标题: 虚皇不败大战圣法
提取到标题行： 第一千一百二十二章  吞
章节序号: 1122, 标题: 吞
提取到标题行： 第一千一百二十三章  力战群雄
章节序号: 1123, 标题: 力战群雄
提取到标题行： 第一千一百二十四章  有一杀一
章节序号: 1124, 标题: 有一杀一
提取到标题行： 第一千一百二十五章  捏死一个
章节序号: 1125, 标题: 捏死一个
提取到标题行： 第一千一百二十六章  连斩八人
章节序号: 1126, 标题: 连斩八人
提取到标题行： 第一千一百二十七章  怕了
章节序号: 1127, 标题: 怕了
提取到标题行： 第一千一百二十八章  骨圣
章节序号: 1128, 标题: 骨圣
提取到标题行： 第一千一百二十九章  义女
章节序号: 1129, 标题: 义女
提取到标题行： 第一千一百三十章  魔鬼式训练
章节序号: 1130, 标题: 魔鬼式训练
提取到标题行： 第一千一百三十一章  再去弘气楼
章节序号: 1131, 标题: 再去弘气楼
提取到标题行： 第一千一百三十二章  欧阳老祖
章节序号: 1132, 标题: 欧阳老祖
提取到标题行： 第一千一百三十三章  变成普通人
章节序号: 1133, 标题: 变成普通人
提取到标题行： 第一千一百三十四章  肆无忌惮
章节序号: 1134, 标题: 肆无忌惮
提取到标题行： 第一千一百三十五章  蛮神瓦罐
章节序号: 1135, 标题: 蛮神瓦罐
提取到标题行： 第一千一百三十六章  南宫家族
章节序号: 1136, 标题: 南宫家族
提取到标题行： 第一千一百三十七 跪三天三夜
章节序号: 1137, 标题: 跪三天三夜
提取到标题行： 第一千一百三十八章  无人可破
章节序号: 1138, 标题: 无人可破
提取到标题行： 第一千一百三十九章  世家来人
章节序号: 1139, 标题: 世家来人
提取到标题行： 第一千一百四十章  谈判
章节序号: 1140, 标题: 谈判
提取到标题行： 第一千一百四十一章  骨圣传承？
章节序号: 1141, 标题: 骨圣传承？
提取到标题行： 第一千一百四十二章  怎么不去吃屎
章节序号: 1142, 标题: 怎么不去吃屎
提取到标题行： 第一千一百四十三章  绝品仙器
章节序号: 1143, 标题: 绝品仙器
提取到标题行： 第一千一百四十四章  混乱天君的意念
章节序号: 1144, 标题: 混乱天君的意念
提取到标题行： 第一千一百四十五章  灵皇悟道石
章节序号: 1145, 标题: 灵皇悟道石
提取到标题行： 第一千一百四十六章  又一枚残片
章节序号: 1146, 标题: 又一枚残片
提取到标题行： 第一千一百四十七章  又一尊八部浮屠
章节序号: 1147, 标题: 又一尊八部浮屠
提取到标题行： 第一千一百四十八章  得偿所愿
章节序号: 1148, 标题: 得偿所愿
提取到标题行： 第一千一百四十九章  八千条
章节序号: 1149, 标题: 八千条
提取到标题行： 第一千一百五十章  杀戮之子
章节序号: 1150, 标题: 杀戮之子
提取到标题行： 第一千一百五十一章  乔装杀人 上
章节序号: 1151, 标题: 乔装杀人 上
提取到标题行： 第一千一百五十二章  乔装杀人 下
章节序号: 1152, 标题: 乔装杀人 下
提取到标题行： 第一千一百五十三章  伪主角
章节序号: 1153, 标题: 伪主角
提取到标题行： 第一千一百五十四章  一击九
章节序号: 1154, 标题: 一击九
提取到标题行： 第一千一百五十五章  晋升祖仙 上
章节序号: 1155, 标题: 晋升祖仙 上
提取到标题行： 第一千一百五十六章  晋升祖仙 下
章节序号: 1156, 标题: 晋升祖仙 下
提取到标题行： 第一千一百五十七章  南宫伤心
章节序号: 1157, 标题: 南宫伤心
提取到标题行： 第一千一百五十八章  虚家
章节序号: 1158, 标题: 虚家
提取到标题行： 第一千一百五十九章  纠纷
章节序号: 1159, 标题: 纠纷
提取到标题行： 第一千一百六十章  大河葬剑
章节序号: 1160, 标题: 大河葬剑
提取到标题行： 第一千一百六十一章  元仙老祖
章节序号: 1161, 标题: 元仙老祖
提取到标题行： 第一千一百六十二章  圣人出现
章节序号: 1162, 标题: 圣人出现
提取到标题行： 第一千一百六十三章  逼迫
章节序号: 1163, 标题: 逼迫
提取到标题行： 第一千一百六十四章  天君出现
章节序号: 1164, 标题: 天君出现
提取到标题行： 第一千一百六十五章  返回突破
章节序号: 1165, 标题: 返回突破
提取到标题行： 第一千一百六十六章  嚣张三人组
章节序号: 1166, 标题: 嚣张三人组
提取到标题行： 第一千一百六十七章  狠狠羞辱
章节序号: 1167, 标题: 狠狠羞辱
提取到标题行： 第一千一百六十八章  全部都跪下
章节序号: 1168, 标题: 全部都跪下
提取到标题行： 第一千一百六十九章  华天君神像
章节序号: 1169, 标题: 华天君神像
提取到标题行： 第一千一百七十章  余波
章节序号: 1170, 标题: 余波
提取到标题行： 第一千一百七十一章  心皇圣子
章节序号: 1171, 标题: 心皇圣子
提取到标题行： 第一千一百七十二章  投影之威
章节序号: 1172, 标题: 投影之威
提取到标题行： 第一千一百七十三章  水月洞天书库
章节序号: 1173, 标题: 水月洞天书库
提取到标题行： 第一千一百七十四章  纪元之书
章节序号: 1174, 标题: 纪元之书
提取到标题行： 第一千一百七十五章  各大文明史
章节序号: 1175, 标题: 各大文明史
提取到标题行： 第一千一百七十六章  葬剑诀
章节序号: 1176, 标题: 葬剑诀
提取到标题行： 第一千一百七十七章  书妖
章节序号: 1177, 标题: 书妖
提取到标题行： 第一千一百七十八章  书鼎
章节序号: 1178, 标题: 书鼎
提取到标题行： 第一千一百七十九章  儒门典籍
章节序号: 1179, 标题: 儒门典籍
提取到标题行： 第一千一百八十章  大义儒王
章节序号: 1180, 标题: 大义儒王
提取到标题行： 第一千一百八十一章  出关
章节序号: 1181, 标题: 出关
提取到标题行： 第一千一百八十二章  四大势力的挑衅
章节序号: 1182, 标题: 四大势力的挑衅
提取到标题行： 第一千一百八十三章  强中自有强中手
章节序号: 1183, 标题: 强中自有强中手
提取到标题行： 第一千一百八十四章  血色试炼
章节序号: 1184, 标题: 血色试炼
提取到标题行： 第一千一百八十五章  孙诗画
章节序号: 1185, 标题: 孙诗画
提取到标题行： 第一千一百八十六章  圣子如雨
章节序号: 1186, 标题: 圣子如雨
提取到标题行： 第一千一百八十七章  妖魔魑
章节序号: 1187, 标题: 妖魔魑
提取到标题行： 第一千一百八十八章  梵气王
章节序号: 1188, 标题: 梵气王
提取到标题行： 第一千一百八十九章  天君之角
章节序号: 1189, 标题: 天君之角
提取到标题行： 第一千一百九十章  激斗
章节序号: 1190, 标题: 激斗
提取到标题行： 第一千一百九十一章  自身难保
章节序号: 1191, 标题: 自身难保
提取到标题行： 第一千一百九十二章  抱头鼠窜
章节序号: 1192, 标题: 抱头鼠窜
提取到标题行： 第一千一百九十三章  狞皇
章节序号: 1193, 标题: 狞皇
提取到标题行： 第一千一百九十四章  根本不怕
章节序号: 1194, 标题: 根本不怕
提取到标题行： 第一千一百九十五章  心魔古猿
章节序号: 1195, 标题: 心魔古猿
提取到标题行： 第一千一百九十六章  混世魔功
章节序号: 1196, 标题: 混世魔功
提取到标题行： 第一千一百九十七章  独孤世家
章节序号: 1197, 标题: 独孤世家
提取到标题行： 第一千一百九十八章  恩将仇报
章节序号: 1198, 标题: 恩将仇报
没有提取到标题行
原文如下：
--



第一千一百九十几章 恶魔之翼



    “风缘兄法力无边，神通盖世，这次如果能够降服小石皇，恐怕就是我们诸多圣子中的第一人，那这次天庭举行的天才战，第一就非风缘兄莫属了。”



    --3622
提取到标题行： 第一千二百章  恶魔九变
章节序号: 1200, 标题: 恶魔九变
提取到标题行： 第一千二百零一章  两皇交手
章节序号: 1201, 标题: 两皇交手
提取到标题行： 第一千二百零二章  拜见
章节序号: 1202, 标题: 拜见
提取到标题行： 第一千二百零三章  电母好友
章节序号: 1203, 标题: 电母好友
提取到标题行： 第一千二百零四章  生死棺材
章节序号: 1204, 标题: 生死棺材
提取到标题行： 第一千二百零五章  圣人妖魔
章节序号: 1205, 标题: 圣人妖魔
提取到标题行： 第一千二百零六章  如意天妖
章节序号: 1206, 标题: 如意天妖
提取到标题行： 第一千二百零七章  步步为营
章节序号: 1207, 标题: 步步为营
提取到标题行： 第一千二百零八章  全部上品
章节序号: 1208, 标题: 全部上品
提取到标题行： 第一千二百零九章  小斧皇
章节序号: 1209, 标题: 小斧皇
提取到标题行： 第一千二百一十章  朱重阳
章节序号: 1210, 标题: 朱重阳
提取到标题行： 第一千二百一十一章  五个呼吸
章节序号: 1211, 标题: 五个呼吸
提取到标题行： 第一千二百一十二章  三大领袖
章节序号: 1212, 标题: 三大领袖
提取到标题行： 第一千二百一十四章  一滴鲜血
章节序号: 1214, 标题: 一滴鲜血
提取到标题行： 第一千二百一十四章  推算华天君
章节序号: 1214, 标题: 推算华天君
提取到标题行： 第一千二百一十五章  石气
章节序号: 1215, 标题: 石气
提取到标题行： 第一千二百一十六章  石道
章节序号: 1216, 标题: 石道
提取到标题行： 第一千二百一十七章  万千石兵
章节序号: 1217, 标题: 万千石兵
提取到标题行： 第一千二百一十八章  石之文明
章节序号: 1218, 标题: 石之文明
提取到标题行： 第一千二百一十九章  恶斗连连
章节序号: 1219, 标题: 恶斗连连
提取到标题行： 第一千二百二十章  以图制
章节序号: 1220, 标题: 以图制
提取到标题行： 第一千二百二十一章  凶威尽失
章节序号: 1221, 标题: 凶威尽失
提取到标题行： 第一千二百二十二章  魔窟
章节序号: 1222, 标题: 魔窟
提取到标题行： 第一千二百二十三章  探索洞窟
章节序号: 1223, 标题: 探索洞窟
提取到标题行： 第一千二百二十四章  劫数来临
章节序号: 1224, 标题: 劫数来临
提取到标题行： 第一千二百二十五章  太古妖城
章节序号: 1225, 标题: 太古妖城
提取到标题行： 第一千二百二十六章  最强天劫
章节序号: 1226, 标题: 最强天劫
提取到标题行： 第一千二百二十七章  雷兵雷炮
章节序号: 1227, 标题: 雷兵雷炮
提取到标题行： 第一千二百二十八章  雷帝凝聚
章节序号: 1228, 标题: 雷帝凝聚
提取到标题行： 第一千二百二十九章  半圣
章节序号: 1229, 标题: 半圣
提取到标题行： 第一千二百三十一章  恶尸
章节序号: 1231, 标题: 恶尸
提取到标题行： 第一千二百三十二章  各大巨头
章节序号: 1232, 标题: 各大巨头
提取到标题行： 第一千二百三十三章  救赎之山
章节序号: 1233, 标题: 救赎之山
提取到标题行： 第一千一百三十四章  武霸
章节序号: 1134, 标题: 武霸
提取到标题行： 第一千一百三十五章  佛皇宝库
章节序号: 1135, 标题: 佛皇宝库
提取到标题行： 第一千二百三十六章  小狱皇
章节序号: 1236, 标题: 小狱皇
提取到标题行： 第一千二百三十七章  踏脸
章节序号: 1237, 标题: 踏脸
提取到标题行： 第一千二百三十八章  放肆
章节序号: 1238, 标题: 放肆
提取到标题行： 第一千二百三十九章  智拳
章节序号: 1239, 标题: 智拳
提取到标题行： 第一千二百四十章  合作
章节序号: 1240, 标题: 合作
提取到标题行： 第一千二百四十一章  人神共愤
章节序号: 1241, 标题: 人神共愤
提取到标题行： 第一千二百四十二章  中庸神拳
章节序号: 1242, 标题: 中庸神拳
提取到标题行： 第一千二百四十三章  以一敌二
章节序号: 1243, 标题: 以一敌二
提取到标题行： 第一千二百四十四章  大雄宝殿
章节序号: 1244, 标题: 大雄宝殿
提取到标题行： 第一千二百四十五章  疯狂收宝
章节序号: 1245, 标题: 疯狂收宝
提取到标题行： 第一千二百四十六章  打出去
章节序号: 1246, 标题: 打出去
提取到标题行： 第一千二百四十七章  收取佛身
章节序号: 1247, 标题: 收取佛身
提取到标题行： 第一千二百四十八章  提前结束
章节序号: 1248, 标题: 提前结束
提取到标题行： 第一千二百四十九章  蛮族来袭
章节序号: 1249, 标题: 蛮族来袭
提取到标题行： 第一千二百五十章  开辟道场
章节序号: 1250, 标题: 开辟道场
提取到标题行： 第一千二百五十一章  召唤佛皇
章节序号: 1251, 标题: 召唤佛皇
提取到标题行： 第一千二百五十二章  天地同寿强者
章节序号: 1252, 标题: 天地同寿强者
提取到标题行： 第一千二百五十三章  决策高层
章节序号: 1253, 标题: 决策高层
提取到标题行： 第一千二百五十四章  压迫
章节序号: 1254, 标题: 压迫
提取到标题行： 第一千二百五十五章  佛皇之威
章节序号: 1255, 标题: 佛皇之威
提取到标题行： 第一千二百五十六章  化解危机
章节序号: 1256, 标题: 化解危机
提取到标题行： 第一千二百五十七章  努力修炼
章节序号: 1257, 标题: 努力修炼
提取到标题行： 第一千二百五十七章  圣图凝聚
章节序号: 1257, 标题: 圣图凝聚
提取到标题行： 第一千二百五十九章  克隆
章节序号: 1259, 标题: 克隆
提取到标题行： 第一千二百六十章  对抗蛮族
章节序号: 1260, 标题: 对抗蛮族
提取到标题行： 第一千二百六十一章  巨鼓山脉
章节序号: 1261, 标题: 巨鼓山脉
提取到标题行： 第一千二百六十二章  蛮神蒙虫
章节序号: 1262, 标题: 蛮神蒙虫
提取到标题行： 第一千二百六十三章  异界高手
章节序号: 1263, 标题: 异界高手
提取到标题行： 第一千二百六十四章  又见执法弟子
章节序号: 1264, 标题: 又见执法弟子
提取到标题行： 第一千二百六十五章  蛮族圣人
章节序号: 1265, 标题: 蛮族圣人
提取到标题行： 第一千二百六十六章  对战圣人
章节序号: 1266, 标题: 对战圣人
提取到标题行： 第一千二百六十七章  图腾之罐
章节序号: 1267, 标题: 图腾之罐
提取到标题行： 第一千二百六十八章  杀死圣人
章节序号: 1268, 标题: 杀死圣人
提取到标题行： 第一千二百六十九章  义愤填膺
章节序号: 1269, 标题: 义愤填膺
提取到标题行： 第一千二百七十章  宝圣降临
章节序号: 1270, 标题: 宝圣降临
提取到标题行： 第一千二百七十一章  万宝真罡
章节序号: 1271, 标题: 万宝真罡
提取到标题行： 第一千二百七十二章  宝界
章节序号: 1272, 标题: 宝界
提取到标题行： 第一千二百七十三章  吞吃圣人
章节序号: 1273, 标题: 吞吃圣人
提取到标题行： 第一千二百七十四章  羽皇密谈
章节序号: 1274, 标题: 羽皇密谈
提取到标题行： 第一千二百七十五章  师弟
章节序号: 1275, 标题: 师弟
提取到标题行： 第一千二百七十六章  斩断信仰
章节序号: 1276, 标题: 斩断信仰
提取到标题行： 第一千二百七十七章  狞皇
章节序号: 1277, 标题: 狞皇
提取到标题行： 第一千二百七十八章  谋害掌门
章节序号: 1278, 标题: 谋害掌门
提取到标题行： 第一千二百七十九章  宝界变化
章节序号: 1279, 标题: 宝界变化
提取到标题行： 第一千二百八十章  结成联盟
章节序号: 1280, 标题: 结成联盟
提取到标题行： 第一千二百八十一章  成就圣人
章节序号: 1281, 标题: 成就圣人
提取到标题行： 第一千二百八十二章  阴谋来了
章节序号: 1282, 标题: 阴谋来了
提取到标题行： 第一千二百八十三章  入彀中
章节序号: 1283, 标题: 入彀中
提取到标题行： 第一千二百八十四章  步步惊心
章节序号: 1284, 标题: 步步惊心
提取到标题行： 第一千二百八十五章  杀皇偷袭
章节序号: 1285, 标题: 杀皇偷袭
提取到标题行： 第一千二百八十六章  共同对敌
章节序号: 1286, 标题: 共同对敌
提取到标题行： 第一千二百八十七章  云淡风轻
章节序号: 1287, 标题: 云淡风轻
提取到标题行： 第一千二百八十八章  选择
章节序号: 1288, 标题: 选择
提取到标题行： 第一千二百八十九章  食言而肥
章节序号: 1289, 标题: 食言而肥
提取到标题行： 第一千二百九十章  全部弄死
章节序号: 1290, 标题: 全部弄死
提取到标题行： 第一千二百九十一章  血祭皇者 上
章节序号: 1291, 标题: 血祭皇者 上
提取到标题行： 第一千一百九十三章  血祭皇者 下
章节序号: 1193, 标题: 血祭皇者 下
提取到标题行： 第一千二百九十三章  亲手炼制王品仙器
章节序号: 1293, 标题: 亲手炼制王品仙器
提取到标题行： 第一千二百九十四章  轻易渡劫
章节序号: 1294, 标题: 轻易渡劫
提取到标题行： 第一千二百九十五章  清理门户
章节序号: 1295, 标题: 清理门户
提取到标题行： 第一千二百九十六章  力压皇者
章节序号: 1296, 标题: 力压皇者
提取到标题行： 第一千二百九十七章  七大皇者
章节序号: 1297, 标题: 七大皇者
提取到标题行： 第一千二百九十八章  华天君神念
章节序号: 1298, 标题: 华天君神念
提取到标题行： 第一千二百九十九章  大清洗
章节序号: 1299, 标题: 大清洗
提取到标题行： 第一千三百章  情皇到来
章节序号: 1300, 标题: 情皇到来
提取到标题行： 第一千三百零一章  击破神像
章节序号: 1301, 标题: 击破神像
提取到标题行： 第一千三百零二章  到达天庭
章节序号: 1302, 标题: 到达天庭
提取到标题行： 第一千三百零三章  欧阳
章节序号: 1303, 标题: 欧阳
提取到标题行： 第一千三百零四章  屠戮之刀
章节序号: 1304, 标题: 屠戮之刀
提取到标题行： 第一千三百零五章  挑战
章节序号: 1305, 标题: 挑战
提取到标题行： 第一千三百零六章  三刀
章节序号: 1306, 标题: 三刀
提取到标题行： 第一千三百零七章  虚皇 气皇
章节序号: 1307, 标题: 虚皇 气皇
提取到标题行： 第一千三百零八章  羽皇之威
章节序号: 1308, 标题: 羽皇之威
提取到标题行： 第一千三百零九章  天脉元气
章节序号: 1309, 标题: 天脉元气
提取到标题行： 第一千三百十章  星球大小的造化神器残片
章节序号: 1300, 标题: 星球大小的造化神器残片
提取到标题行： 第一千三百一十一章  无数高手
章节序号: 1311, 标题: 无数高手
提取到标题行： 第一千一百一十二章  又见挑衅
章节序号: 1112, 标题: 又见挑衅
提取到标题行： 第一千一百十三章  强横杀戮
章节序号: 1103, 标题: 强横杀戮
提取到标题行： 第一千三百一十四章  战斗开始
章节序号: 1314, 标题: 战斗开始
提取到标题行： 第一千三百一十五章  圣品仙丹
章节序号: 1315, 标题: 圣品仙丹
提取到标题行： 第一千三百一十六章  辉煌之刃
章节序号: 1316, 标题: 辉煌之刃
提取到标题行： 第一千三百十七 臣震东
章节序号: 1307, 标题: 臣震东
提取到标题行： 第一千三百一十七章  天劫统兵法
章节序号: 1317, 标题: 天劫统兵法
提取到标题行： 第一千三百一十九章  一掌为泥
章节序号: 1319, 标题: 一掌为泥
提取到标题行： 第一千三百二十章  轮回之秘
章节序号: 1320, 标题: 轮回之秘
提取到标题行： 第一千三百二十一章  道行猛增
章节序号: 1321, 标题: 道行猛增
提取到标题行： 第一千三百二十二章  十招神拳
章节序号: 1322, 标题: 十招神拳
提取到标题行： 第一千三百二十三章  打死皇甫飞
章节序号: 1323, 标题: 打死皇甫飞
提取到标题行： 第一千三百二十四章  天君转世？
章节序号: 1324, 标题: 天君转世？
提取到标题行： 第一千三百二十五章  小石皇之死 上
章节序号: 1325, 标题: 小石皇之死 上
提取到标题行： 第一千三百二十六章  小石皇之死 下
章节序号: 1326, 标题: 小石皇之死 下
提取到标题行： 第一千三百二十七章  最后高手
章节序号: 1327, 标题: 最后高手
提取到标题行： 第一千三百二十八章  君苍生
章节序号: 1328, 标题: 君苍生
提取到标题行： 第一千三百二十九章  最后一战 上
章节序号: 1329, 标题: 最后一战 上
提取到标题行： 第一千三百三十章  最后一战 中
章节序号: 1330, 标题: 最后一战 中
提取到标题行： 第一千三百三十一章  最后一战 下
章节序号: 1331, 标题: 最后一战 下
提取到标题行： 第一千三百三十二章  法界无上法
章节序号: 1332, 标题: 法界无上法
提取到标题行： 第一千三百三十三章  两雄相争
章节序号: 1333, 标题: 两雄相争
提取到标题行： 第一千三百三十四章  顺势而为
章节序号: 1334, 标题: 顺势而为
提取到标题行： 第一千三百三十五章  纪元之剑
章节序号: 1335, 标题: 纪元之剑
提取到标题行： 第一千三百三十六章  法门
章节序号: 1336, 标题: 法门
提取到标题行： 第一千三百三十七章  击败 上
章节序号: 1337, 标题: 击败 上
提取到标题行： 第一千三百三十八章  击败 下
章节序号: 1338, 标题: 击败 下
提取到标题行： 第一千三百三十九章  审判出手
章节序号: 1339, 标题: 审判出手
提取到标题行： 第一千三百四十章  害人
章节序号: 1340, 标题: 害人
提取到标题行： 第一千一百四十一章  惩罚
章节序号: 1141, 标题: 惩罚
提取到标题行： 第一千三百四十二章  天庭征讨大军
章节序号: 1342, 标题: 天庭征讨大军
提取到标题行： 第一千三百四十三章  巨灵皇
章节序号: 1343, 标题: 巨灵皇
提取到标题行： 第一千三百四十四章  复仇之矛
章节序号: 1344, 标题: 复仇之矛
提取到标题行： 第一千三百四十五章  拉拢修炼
章节序号: 1345, 标题: 拉拢修炼
提取到标题行： 第一千三百四十六章  难得机会
章节序号: 1346, 标题: 难得机会
提取到标题行： 第一千三百四十七章  盘武传承
章节序号: 1347, 标题: 盘武传承
提取到标题行： 第一千三百四十八章  羽皇来到
章节序号: 1348, 标题: 羽皇来到
提取到标题行： 第一千三百四十九章  功力大进
章节序号: 1349, 标题: 功力大进
提取到标题行： 第一千三百五十章  报仇的机会来了！
章节序号: 1350, 标题: 报仇的机会来了！
提取到标题行： 第一千三百五十一章  天君一指 上
章节序号: 1351, 标题: 天君一指 上
提取到标题行： 第一千三百五十二章  天君一指 中
章节序号: 1352, 标题: 天君一指 中
提取到标题行： 第一千一百五十三章  天君一指 下
章节序号: 1153, 标题: 天君一指 下
提取到标题行： 第一千三百五十四章  天君杀不死
章节序号: 1354, 标题: 天君杀不死
提取到标题行： 第一千三百五十五章  遭遇围攻
章节序号: 1355, 标题: 遭遇围攻
提取到标题行： 第一千三百五十六章  时光之沙
章节序号: 1356, 标题: 时光之沙
提取到标题行： 第一千三百五十七章  他已经不是人！
章节序号: 1357, 标题: 他已经不是人！
提取到标题行： 第一千三百五十八章  击杀两皇
章节序号: 1358, 标题: 击杀两皇
提取到标题行： 第一千三百五十九章  方寒无敌
章节序号: 1359, 标题: 方寒无敌
提取到标题行： 第一千三百六十章  闯入宝库
章节序号: 1360, 标题: 闯入宝库
提取到标题行： 第一千三百六十一章  大肆掠夺
章节序号: 1361, 标题: 大肆掠夺
提取到标题行： 第一千三百六十二章  神威无量
章节序号: 1362, 标题: 神威无量
提取到标题行： 第一千三百六十三章  全部杀死 上
章节序号: 1363, 标题: 全部杀死 上
提取到标题行： 第一千三百六十四章  全部杀死 下
章节序号: 1364, 标题: 全部杀死 下
提取到标题行： 第一千三百六十五章  三百倍战力
章节序号: 1365, 标题: 三百倍战力
提取到标题行： 第一千三百六十六章  天君出手
章节序号: 1366, 标题: 天君出手
提取到标题行： 第一千三百六十七章  乱世来了
章节序号: 1367, 标题: 乱世来了
提取到标题行： 第一千三百六十八章  返回门派
章节序号: 1368, 标题: 返回门派
提取到标题行： 第一千三百六十九章  天君候补榜单
章节序号: 1369, 标题: 天君候补榜单
提取到标题行： 第一千三百七十章  隔空杀敌
章节序号: 1370, 标题: 隔空杀敌
提取到标题行： 第一千三百七十一章  真理圣地
章节序号: 1371, 标题: 真理圣地
提取到标题行： 第一千三百七十二章  翡翠天主 上
章节序号: 1372, 标题: 翡翠天主 上
没有提取到标题行
原文如下：
--



第一千三百七十三章



    第一千三百七十三章



    世间自在王佛的符箓，有镇守佛门气运，为佛门之源流起源的无上神道。{方寒参悟这符箓，全身都在震dang，已经逐渐的把符箓和自身--3617
提取到标题行： 正文 第一千三百七十四章  斩杀天主 上
章节序号: 1374, 标题: 斩杀天主 上
提取到标题行： 第一千三百七十五章  斩杀天主下
章节序号: 1375, 标题: 斩杀天主下
提取到标题行： 第一千三百七十六章  三大仙王合一
章节序号: 1376, 标题: 三大仙王合一
提取到标题行： 第一千三百七十七章  再次前往天庭
章节序号: 1377, 标题: 再次前往天庭
提取到标题行： 第一千三百七十八章  报仇杀人
章节序号: 1378, 标题: 报仇杀人
提取到标题行： 第一千三百七十九章  逼迫
章节序号: 1379, 标题: 逼迫
提取到标题行： 第一千三百八十章  无人幸免 上
章节序号: 1380, 标题: 无人幸免 上
提取到标题行： 第一千三百八十一章  无人幸免 下
章节序号: 1381, 标题: 无人幸免 下
提取到标题行： 第一千三百八十二章  消除隐患
章节序号: 1382, 标题: 消除隐患
提取到标题行： 第一千三百八十三章  游走天庭
章节序号: 1383, 标题: 游走天庭
提取到标题行： 第一千三百八十四章  毁灭神狱 上
章节序号: 1384, 标题: 毁灭神狱 上
提取到标题行： 第一千三百八十五章  毁灭神狱 中
章节序号: 1385, 标题: 毁灭神狱 中
提取到标题行： 第一千三百八十六章  毁灭神狱 下
章节序号: 1386, 标题: 毁灭神狱 下
提取到标题行： 第一千三百八十七章  夺取万命雷池
章节序号: 1387, 标题: 夺取万命雷池
提取到标题行： 第一千三百八十八章  赤海魔尊
章节序号: 1388, 标题: 赤海魔尊
提取到标题行： 第一千三百八十九章  降服魔尊
章节序号: 1389, 标题: 降服魔尊
没有提取到标题行
原文如下：
--



第一千三百九十章



    第一千三百九十章



    “这团元气是你生命精华凝聚，就依旧还给你，重新凝聚身体吧。”方寒把手中那一团玄黄之血似的元气一丢，和两颗原核在空中结合，不停的蠕--3612
提取到标题行： 第一千三百九十一章  建立纪元门 上
章节序号: 1391, 标题: 建立纪元门 上
提取到标题行： 第一千三百九十二章  建立纪元门 下
章节序号: 1392, 标题: 建立纪元门 下
提取到标题行： 第一千三百九十三章  华天都再现
章节序号: 1393, 标题: 华天都再现
提取到标题行： 第一千三百九十四章  前来拜访
章节序号: 1394, 标题: 前来拜访
提取到标题行： 第一千三百九十五章  追踪华天都
章节序号: 1395, 标题: 追踪华天都
提取到标题行： 第一千三百九十六章  骗取灵符
章节序号: 1396, 标题: 骗取灵符
提取到标题行： 第一千三百九十七章  驼神古界
章节序号: 1397, 标题: 驼神古界
提取到标题行： 第一千三百九十八章  丹界钥匙的争夺
章节序号: 1398, 标题: 丹界钥匙的争夺
提取到标题行： 第一千三百九十九章  吞噬所有天主
章节序号: 1399, 标题: 吞噬所有天主
提取到标题行： 正文 第一千四百章  造化仙王的血迹
章节序号: 1400, 标题: 造化仙王的血迹
提取到标题行： 第一千四百零一章  又被夺取
章节序号: 1401, 标题: 又被夺取
提取到标题行： 正文 第一千四百零二章  天葬之棺
章节序号: 1402, 标题: 天葬之棺
提取到标题行： 正文 第一千四百零三章  天君的报复
章节序号: 1403, 标题: 天君的报复
提取到标题行： 正文 第一千四百零四章  战皇甫彼岸
章节序号: 1404, 标题: 战皇甫彼岸
提取到标题行： 正文 第一千四百零五章  和天君战斗的磨练 上
章节序号: 1405, 标题: 和天君战斗的磨练 上
提取到标题行： 正文 第一千四百零六章  和天君战斗的磨练 下
章节序号: 1406, 标题: 和天君战斗的磨练 下
提取到标题行： 第一千四百零七章  遇到故人
章节序号: 1407, 标题: 遇到故人
提取到标题行： 第一千四百零八章  鸿蒙殿中
章节序号: 1408, 标题: 鸿蒙殿中
提取到标题行： 第一千四百零九章  诸多阵
章节序号: 1409, 标题: 诸多阵
提取到标题行： 第一千四百十章  晋升天君之前的准备 上
章节序号: 1400, 标题: 晋升天君之前的准备 上
提取到标题行： 第一千四百十一章  晋升天君之前的准备 下
章节序号: 1401, 标题: 晋升天君之前的准备 下
提取到标题行： 第一千四百十二章  榜单再变
章节序号: 1402, 标题: 榜单再变
提取到标题行： 第一千四百一十三章  前往丹界 上
章节序号: 1413, 标题: 前往丹界 上
提取到标题行： 第一千四百一十四章  前往丹界 下
章节序号: 1414, 标题: 前往丹界 下
提取到标题行： 第一千四百一十五章  造化神丹
章节序号: 1415, 标题: 造化神丹
提取到标题行： 第一千四百一十六章  无妄天君
章节序号: 1416, 标题: 无妄天君
提取到标题行： 第一千四百一十七章  拼命抵挡
章节序号: 1417, 标题: 拼命抵挡
提取到标题行： 第一千四百一十八章  成就天君 上
章节序号: 1418, 标题: 成就天君 上
提取到标题行： 第一千四百一十九章  成就天君 中
章节序号: 1419, 标题: 成就天君 中
提取到标题行： 第一千四百二十章  晋升天君 下
章节序号: 1420, 标题: 晋升天君 下
提取到标题行： 第一千四百二十一章  无敌了
章节序号: 1421, 标题: 无敌了
提取到标题行： 第一千四百二十二章  夺取神棺
章节序号: 1422, 标题: 夺取神棺
提取到标题行： 第一千四百二十三章  斩杀天君 上
章节序号: 1423, 标题: 斩杀天君 上
提取到标题行： 第一千四百二十四章  斩杀天君 下
章节序号: 1424, 标题: 斩杀天君 下
提取到标题行： 第一千四百二十五章  死亡天君
章节序号: 1425, 标题: 死亡天君
提取到标题行： 第一千四百二十六章  炼化四天君
章节序号: 1426, 标题: 炼化四天君
提取到标题行： 第一千四百二十七章  坟墓
章节序号: 1427, 标题: 坟墓
提取到标题行： 第一千四百二十八章  衣冠冢
章节序号: 1428, 标题: 衣冠冢
提取到标题行： 第一千四百二十九章  刹那王袍
章节序号: 1429, 标题: 刹那王袍
提取到标题行： 第一千四百三十章  风白羽
章节序号: 1430, 标题: 风白羽
提取到标题行： 第一千四百三十一章  不败天主
章节序号: 1431, 标题: 不败天主
提取到标题行： 第一千四百三十二章  武界玄功
章节序号: 1432, 标题: 武界玄功
提取到标题行： 第一千四百三十三章  起源皇城
章节序号: 1433, 标题: 起源皇城
提取到标题行： 第一千四百三十四章  雍皇爷
章节序号: 1434, 标题: 雍皇爷
提取到标题行： 第一千四百三十五章  诸多天主
章节序号: 1435, 标题: 诸多天主
提取到标题行： 第一千四百三十六章  释迦天君转世
章节序号: 1436, 标题: 释迦天君转世
提取到标题行： 第一千四百三十七章  王朝圣旨
章节序号: 1437, 标题: 王朝圣旨
提取到标题行： 第一千四百三十八章  起源王朝的天君
章节序号: 1438, 标题: 起源王朝的天君
提取到标题行： 第一千四百三十九章  浮生天君，河图天君
章节序号: 1439, 标题: 浮生天君，河图天君
提取到标题行： 第一千四百四十章  再炼万恶之源
章节序号: 1440, 标题: 再炼万恶之源
提取到标题行： 第一千四百四十一章  十一巫字
章节序号: 1441, 标题: 十一巫字
提取到标题行： 第一千四百四十二章  增加一个纪元的修为
章节序号: 1442, 标题: 增加一个纪元的修为
提取到标题行： 第一千四百四十三章  贪狼之主
章节序号: 1443, 标题: 贪狼之主
提取到标题行： 第一千四百四十四章  洪荒天君
章节序号: 1444, 标题: 洪荒天君
提取到标题行： 第一千四百四十五章  时光武士
章节序号: 1445, 标题: 时光武士
提取到标题行： 第一千四百四十六章  大战时光之主
章节序号: 1446, 标题: 大战时光之主
提取到标题行： 第一千四百四十七章  炼制两主
章节序号: 1447, 标题: 炼制两主
提取到标题行： 第一千四百四十八章  祭坛
章节序号: 1448, 标题: 祭坛
提取到标题行： 第一千四百五十章  弟子全灭
章节序号: 1450, 标题: 弟子全灭
提取到标题行： 第一千四百四十九章  弟子全灭（上）
章节序号: 1449, 标题: 弟子全灭（上）
提取到标题行： 第一千四百五十章  弟子全灭（下）
章节序号: 1450, 标题: 弟子全灭（下）
提取到标题行： 第一千四百五十章  弟子全灭 下
章节序号: 1450, 标题: 弟子全灭 下
提取到标题行： 第四百五十一章  再斩天君
章节序号: 451, 标题: 再斩天君
提取到标题行： 第一千四百五十二章  再斩天君 下
章节序号: 1452, 标题: 再斩天君 下
提取到标题行： 第一千四百五十三章  释迦天君，再临！
章节序号: 1453, 标题: 释迦天君，再临！
提取到标题行： 第一千四百五十四章  封禅祭坛
章节序号: 1454, 标题: 封禅祭坛
提取到标题行： 第一千四百五十五章  毁灭起源王朝
章节序号: 1455, 标题: 毁灭起源王朝
提取到标题行： 第一千四百五十六章  玲珑渡劫
章节序号: 1456, 标题: 玲珑渡劫
提取到标题行： 第一千四百五十七章  玲珑渡劫 下
章节序号: 1457, 标题: 玲珑渡劫 下
提取到标题行： 第一千四百五十八章  缔造元界
章节序号: 1458, 标题: 缔造元界
提取到标题行： 第一千四百五十九章  无底深
章节序号: 1459, 标题: 无底深
提取到标题行： 第一千四百六十章  熔岩位面
章节序号: 1460, 标题: 熔岩位面
提取到标题行： 第一千四百六十一章  火界之主
章节序号: 1461, 标题: 火界之主
提取到标题行： 第一千四百六十二章  狐朋狗友
章节序号: 1462, 标题: 狐朋狗友
提取到标题行： 第一千四百六十三章  绝对强势
章节序号: 1463, 标题: 绝对强势
提取到标题行： 第一千四百六十四章  斩毒界之主
章节序号: 1464, 标题: 斩毒界之主
提取到标题行： 第一千四百六十五章  元始魔宗
章节序号: 1465, 标题: 元始魔宗
提取到标题行： 第一千四百六十六章  诸多魔主
章节序号: 1466, 标题: 诸多魔主
提取到标题行： 第一千四百六十七章  圣堂显现
章节序号: 1467, 标题: 圣堂显现
提取到标题行： 第一千四百六十八章  腐朽之力
章节序号: 1468, 标题: 腐朽之力
提取到标题行： 第一千四百六十九章  各大魔主
章节序号: 1469, 标题: 各大魔主
提取到标题行： 第一千四百七十章  春秋之主
章节序号: 1470, 标题: 春秋之主
提取到标题行： 第一千四百七十一章  三人得势
章节序号: 1471, 标题: 三人得势
提取到标题行： 第一千四百七十二章  开始反水
章节序号: 1472, 标题: 开始反水
提取到标题行： 第一千四百七十三章  祭祀位面的大手笔
章节序号: 1473, 标题: 祭祀位面的大手笔
没有提取到标题行
原文如下：
--



第一千四百七十四章



    第一千四百七十四章



    方寒的大手笔，终于功成。



    吸收了“火界之主”“震界”“汤界”“景界”四大天君的他，携带无边无量的气息，轰击整个--3584
提取到标题行： 第一千四百七十四章  全部都杀 上
章节序号: 1474, 标题: 全部都杀 上
提取到标题行： 第一千四百七十五章  全部都杀 中
章节序号: 1475, 标题: 全部都杀 中
提取到标题行： 第一千四百七十六章  全部都杀 下
章节序号: 1476, 标题: 全部都杀 下
提取到标题行： 第一千四百七十七章  全部都杀 {续}
章节序号: 1477, 标题: 全部都杀 {续}
提取到标题行： 第一千四百七十八章  收取圣堂
章节序号: 1478, 标题: 收取圣堂
提取到标题行： 第一千四百七十九章  羞辱对手
章节序号: 1479, 标题: 羞辱对手
提取到标题行： 第一千四百八十章  连斩两人
章节序号: 1480, 标题: 连斩两人
提取到标题行： 第一千四百八十一章  应先天也死
章节序号: 1481, 标题: 应先天也死
提取到标题行： 第一千四百八十二章  上苍之皮
章节序号: 1482, 标题: 上苍之皮
提取到标题行： 第一千四百八十三章  圣品无天
章节序号: 1483, 标题: 圣品无天
提取到标题行： 第一千四百八十四章  雷帝显现
章节序号: 1484, 标题: 雷帝显现
提取到标题行： 第一千四百八十五章  最强袭杀
章节序号: 1485, 标题: 最强袭杀
提取到标题行： 第一千四百八十六章  各种古字
章节序号: 1486, 标题: 各种古字
提取到标题行： 第一千四百八十七章  又被掠夺
章节序号: 1487, 标题: 又被掠夺
提取到标题行： 第一千四百八十八章  要你命
章节序号: 1488, 标题: 要你命
提取到标题行： 第一千四百八十九章  三十三天出现
章节序号: 1489, 标题: 三十三天出现
提取到标题行： 第一千四百九十章  强大围攻
章节序号: 1490, 标题: 强大围攻
提取到标题行： 第一千四百九十一章  彻底联手
章节序号: 1491, 标题: 彻底联手
提取到标题行： 第一千四百九十二章  天母？
章节序号: 1492, 标题: 天母？
提取到标题行： 第一千四百九十三章  去神界
章节序号: 1493, 标题: 去神界
提取到标题行： 第一千四百九十四章  谈判 上
章节序号: 1494, 标题: 谈判 上
提取到标题行： 第一千四百九十五章  谈判 下
章节序号: 1495, 标题: 谈判 下
提取到标题行： 第一千四百九十六章  神界的嚣张
章节序号: 1496, 标题: 神界的嚣张
提取到标题行： 第一千四百九十七章  神界的嚣张
章节序号: 1497, 标题: 神界的嚣张
提取到标题行： 第一千四百九十八章  诛仙之门
章节序号: 1498, 标题: 诛仙之门
提取到标题行： 第一千四百九十九章  十个纪元
章节序号: 1499, 标题: 十个纪元
提取到标题行： 第一千五百章  斩杀龙佛
章节序号: 1500, 标题: 斩杀龙佛
提取到标题行： 第一千五百零一章  反客为主
章节序号: 1501, 标题: 反客为主
提取到标题行： 第一千五百零二章  血腥清洗
章节序号: 1502, 标题: 血腥清洗
提取到标题行： 第一千五百零三章  始祖圣王
章节序号: 1503, 标题: 始祖圣王
提取到标题行： 第一千五百零四章  匪夷所思的攻击
章节序号: 1504, 标题: 匪夷所思的攻击
提取到标题行： 第一千五百零五章  斩杀前生
章节序号: 1505, 标题: 斩杀前生
提取到标题行： 第一千五百零六章  狠狠收刮
章节序号: 1506, 标题: 狠狠收刮
提取到标题行： 第一千五百零七章  复苏的世界之树
章节序号: 1507, 标题: 复苏的世界之树
提取到标题行： 第一千五百零八章  神族天君骸骨
章节序号: 1508, 标题: 神族天君骸骨
提取到标题行： 第一千五百零九章  推算天母
章节序号: 1509, 标题: 推算天母
提取到标题行： 第一千五百十章  人魔之主
章节序号: 1500, 标题: 人魔之主
提取到标题行： 第一千五百一十章  前往天仪母教
章节序号: 1510, 标题: 前往天仪母教
提取到标题行： 第一千五百十一章  前往天仪母教
章节序号: 1501, 标题: 前往天仪母教
提取到标题行： 第一千五百一十二章  宝界灾难
章节序号: 1512, 标题: 宝界灾难
提取到标题行： 第一千五百一十三章  抓捕
章节序号: 1513, 标题: 抓捕
提取到标题行： 第一千五百一十四章  跟踪
章节序号: 1514, 标题: 跟踪
提取到标题行： 第一千五百一十五章  潜入
章节序号: 1515, 标题: 潜入
提取到标题行： 第一千五百一十六章  男奴
章节序号: 1516, 标题: 男奴
提取到标题行： 第一千五百一十七章  人皇笔下落
章节序号: 1517, 标题: 人皇笔下落
提取到标题行： 第一千五百一十八章  书房
章节序号: 1518, 标题: 书房
提取到标题行： 第一千五百一十九章  救走
章节序号: 1519, 标题: 救走
提取到标题行： 第一千五百二十章  天尊神衣
章节序号: 1520, 标题: 天尊神衣
提取到标题行： 第一千五百二十一章  惊动
章节序号: 1521, 标题: 惊动
提取到标题行： 第一千五百二十二章  万物母剑
章节序号: 1522, 标题: 万物母剑
提取到标题行： 第一千五百二十三章  镜世界
章节序号: 1523, 标题: 镜世界
提取到标题行： 第一千五百二十四章  夺剑
章节序号: 1524, 标题: 夺剑
提取到标题行： 第一千五百二十五章  老母出现
章节序号: 1525, 标题: 老母出现
提取到标题行： 第一千五百二十六章  对拼本源
章节序号: 1526, 标题: 对拼本源
提取到标题行： 第一千五百二十七章  忌惮
章节序号: 1527, 标题: 忌惮
提取到标题行： 第一千五百二十八章  棋子
章节序号: 1528, 标题: 棋子
提取到标题行： 第一千五百二十九章  逐一推算
章节序号: 1529, 标题: 逐一推算
提取到标题行： 第一千五百三十章  收女
章节序号: 1530, 标题: 收女
提取到标题行： 第一千五百三十一章  五劈
章节序号: 1531, 标题: 五劈
提取到标题行： 第一千五百三十二章  魔界
章节序号: 1532, 标题: 魔界
提取到标题行： 第一千五百三十三章  降魔
章节序号: 1533, 标题: 降魔
提取到标题行： 第一千五百三十四章  龙佛之主
章节序号: 1534, 标题: 龙佛之主
提取到标题行： 第一千五百三十五章  出人意料
章节序号: 1535, 标题: 出人意料
提取到标题行： 第一千五百三十六章  愚蠢
章节序号: 1536, 标题: 愚蠢
提取到标题行： 第一千五百三十七章  日月
章节序号: 1537, 标题: 日月
提取到标题行： 第一千五百三十八章  反被算计
章节序号: 1538, 标题: 反被算计
提取到标题行： 第一千五百三十九章  全被夺取
章节序号: 1539, 标题: 全被夺取
提取到标题行： 第一千五百四十章  控制局面
章节序号: 1540, 标题: 控制局面
提取到标题行： 第一千五百四十一章  连杀魔主
章节序号: 1541, 标题: 连杀魔主
提取到标题行： 第一千五百四十二章  卍字
章节序号: 1542, 标题: 卍字
提取到标题行： 第一千五百四十三章  认栽
章节序号: 1543, 标题: 认栽
提取到标题行： 第一千五百四十四章  祭魔界
章节序号: 1544, 标题: 祭魔界
提取到标题行： 第一千五百四十五章  意外
章节序号: 1545, 标题: 意外
提取到标题行： 第一千五百四十六章  三生
章节序号: 1546, 标题: 三生
提取到标题行： 第一千五百四十七章  追杀
章节序号: 1547, 标题: 追杀
提取到标题行： 第一千五百四十八章  白衣蒙面人
章节序号: 1548, 标题: 白衣蒙面人
提取到标题行： 第一千五百四十九章  仙王之秘
章节序号: 1549, 标题: 仙王之秘
提取到标题行： 第一千五百五十章  三界臣服
章节序号: 1550, 标题: 三界臣服
提取到标题行： 第一千五百五十一章  成长
章节序号: 1551, 标题: 成长
提取到标题行： 第一千百五十二章  界上界
序号解析错误， 标题行是：第一千百五十二章  界上界
章节序号: 0, 标题: 界上界
提取到标题行： 第一千五百五十三章  危险位面
章节序号: 1553, 标题: 危险位面
提取到标题行： 第一千五百五十四章  古巫城
章节序号: 1554, 标题: 古巫城
提取到标题行： 第一千五百五十五章  仙王丹
章节序号: 1555, 标题: 仙王丹
提取到标题行： 第一千五百五十六章  修成命运 上
章节序号: 1556, 标题: 修成命运 上
提取到标题行： 第一千五百五十七章  修成命运 下
章节序号: 1557, 标题: 修成命运 下
提取到标题行： 第一千五百五十八章  乾坤之主
章节序号: 1558, 标题: 乾坤之主
提取到标题行： 第一千五百五十九章  三大巫师
章节序号: 1559, 标题: 三大巫师
提取到标题行： 第一千五百六十章  多宝太上
章节序号: 1560, 标题: 多宝太上
提取到标题行： 第一千五百六十一章  人字
章节序号: 1561, 标题: 人字
提取到标题行： 第一千五百六十二章  偷鸡不成 上
章节序号: 1562, 标题: 偷鸡不成 上
提取到标题行： 第一千五百六十三章  偷鸡不成 下
章节序号: 1563, 标题: 偷鸡不成 下
提取到标题行： 第一千五百六十四章  击杀多宝 上
章节序号: 1564, 标题: 击杀多宝 上
提取到标题行： 第一千五百六十五章  击杀多宝 中
章节序号: 1565, 标题: 击杀多宝 中
提取到标题行： 第一千五百六十六章  击杀多宝 下
章节序号: 1566, 标题: 击杀多宝 下
提取到标题行： 第一千五百六十七章  击杀多宝 续
章节序号: 1567, 标题: 击杀多宝 续
提取到标题行： 第一千五百六十八章  击杀多宝 终
章节序号: 1568, 标题: 击杀多宝 终
提取到标题行： 第一千五百六十九章  十四纪元
章节序号: 1569, 标题: 十四纪元
提取到标题行： 第一千五百七十章  乾坤城
章节序号: 1570, 标题: 乾坤城
提取到标题行： 第一千五百七十一章  夜帝天君
章节序号: 1571, 标题: 夜帝天君
提取到标题行： 第一千五百七十二章  电母消息
章节序号: 1572, 标题: 电母消息
提取到标题行： 第一千五百七十三章  太虚神铁
章节序号: 1573, 标题: 太虚神铁
提取到标题行： 第一千五百七十四章  寿字
章节序号: 1574, 标题: 寿字
提取到标题行： 一千五百七十五章  刹那之主
章节序号: 1575, 标题: 刹那之主
提取到标题行： 第一千五百七十六章  天地玄门
章节序号: 1576, 标题: 天地玄门
提取到标题行： 第一千五百七十七章  穷光蛋
章节序号: 1577, 标题: 穷光蛋
提取到标题行： 第一千五百七十八章  两兆
章节序号: 1578, 标题: 两兆
提取到标题行： 第一千五百七十九章  阴阳一剑
章节序号: 1579, 标题: 阴阳一剑
提取到标题行： 第一千五百八十章  永世封印
章节序号: 1580, 标题: 永世封印
提取到标题行： 第一千五百八十一章  收取法神
章节序号: 1581, 标题: 收取法神
提取到标题行： 第一千五百八十二章  乾坤出现
章节序号: 1582, 标题: 乾坤出现
提取到标题行： 第七百六十章  献宝
章节序号: 760, 标题: 献宝
提取到标题行： 第一千五百八十三章  华天都拜师
章节序号: 1583, 标题: 华天都拜师
提取到标题行： 第一千五百八十四章  方寒来历
章节序号: 1584, 标题: 方寒来历
提取到标题行： 第一千五百八十五章  回忆
章节序号: 1585, 标题: 回忆
提取到标题行： 第一千五百八十六章  去杀天母 上
章节序号: 1586, 标题: 去杀天母 上
提取到标题行： 第一千五百八十七 去杀天母 下
章节序号: 1587, 标题: 去杀天母 下
提取到标题行： 第一千五百八十八章  造化神话
章节序号: 1588, 标题: 造化神话
提取到标题行： 第一千五百八十九章  击退
章节序号: 1589, 标题: 击退
提取到标题行： 第一千五百九十章  天妃求见
章节序号: 1590, 标题: 天妃求见
提取到标题行： 第一千五百九十一章  始祖圣王阴谋
章节序号: 1591, 标题: 始祖圣王阴谋
提取到标题行： 第一千五百九十二章  仙王战场
章节序号: 1592, 标题: 仙王战场
提取到标题行： 第一千五百九十三章  太皇天再现
章节序号: 1593, 标题: 太皇天再现
提取到标题行： 第一千五百九十四章  太一门的“一”
章节序号: 1594, 标题: 太一门的“一”
提取到标题行： 第一千五百九十五章  三位始祖
章节序号: 1595, 标题: 三位始祖
提取到标题行： 第一千五百九十六章  与虎谋皮
章节序号: 1596, 标题: 与虎谋皮
提取到标题行： 第一千五百九十七章  联手施展
章节序号: 1597, 标题: 联手施展
提取到标题行： 第一千五百九十八章  真身
章节序号: 1598, 标题: 真身
提取到标题行： 第一千五百九十九章  十六纪元
章节序号: 1599, 标题: 十六纪元
提取到标题行： 第一千六百章  鸿蒙的帮助
章节序号: 1600, 标题: 鸿蒙的帮助
提取到标题行： 第一千六百零一章  天都夺舍 上
章节序号: 1601, 标题: 天都夺舍 上
提取到标题行： 第一千六百零二章  天都夺舍 下
章节序号: 1602, 标题: 天都夺舍 下
提取到标题行： 第一千六百零三章  乾坤之死
章节序号: 1603, 标题: 乾坤之死
提取到标题行： 第一千六百零四章  扫荡界上界
章节序号: 1604, 标题: 扫荡界上界
提取到标题行： 第一千六百零五章  永生之神
章节序号: 1605, 标题: 永生之神
提取到标题行： 第一千六百零六章  自然之斧
章节序号: 1606, 标题: 自然之斧
提取到标题行： 第一千六百零七章  黄泉大帝尸体
章节序号: 1607, 标题: 黄泉大帝尸体
提取到标题行： 第一千六百零八章  阎的出现
章节序号: 1608, 标题: 阎的出现
提取到标题行： 第一千六百零九章  再度交锋
章节序号: 1609, 标题: 再度交锋
提取到标题行： 第一千六百十章  兽族再现
章节序号: 1600, 标题: 兽族再现
提取到标题行： 第一千六百十一章  年兽
章节序号: 1601, 标题: 年兽
提取到标题行： 第一千六百十二章  万兽之主
章节序号: 1602, 标题: 万兽之主
提取到标题行： 第一千六百十三章  准备好了
章节序号: 1603, 标题: 准备好了
提取到标题行： 第一千六百十四章  贪得无厌
章节序号: 1604, 标题: 贪得无厌
提取到标题行： 第一千六百十五章  最后较量
章节序号: 1605, 标题: 最后较量
提取到标题行： 第一千六百十六章  十八纪元修为
章节序号: 1606, 标题: 十八纪元修为
提取到标题行： 第一千六百十七章  灵魂逃跑
章节序号: 1607, 标题: 灵魂逃跑
提取到标题行： 第一千六百十八章  各自修养
章节序号: 1608, 标题: 各自修养
提取到标题行： 第一千六百十九章  两者图谋
章节序号: 1609, 标题: 两者图谋
提取到标题行： 第一千六百二十章  兽主阴谋
章节序号: 1620, 标题: 兽主阴谋
提取到标题行： 第一千六百二十一章  万事俱备
章节序号: 1621, 标题: 万事俱备
提取到标题行： 第一千六百二十二章  宇宙破灭
章节序号: 1622, 标题: 宇宙破灭
提取到标题行： 第一千六百二十三章  喷射神物
章节序号: 1623, 标题: 喷射神物
提取到标题行： 第一千六百二十四章  情义仙王
章节序号: 1624, 标题: 情义仙王
提取到标题行： 第一千六百二十五章  击杀应天情
章节序号: 1625, 标题: 击杀应天情
提取到标题行： 第一千六百二十六章  最后较量
章节序号: 1626, 标题: 最后较量
提取到标题行： 第一千六百二十七章  毒瘤转世
章节序号: 1627, 标题: 毒瘤转世
提取到标题行： 第一千二百二十八章  仙王脱困
章节序号: 1228, 标题: 仙王脱困
提取到标题行： 第一千六百二十九章  八大仙王
章节序号: 1629, 标题: 八大仙王
提取到标题行： 第一千六百三十章  我无所不能
章节序号: 1630, 标题: 我无所不能
提取到标题行： 第一千六百三十一章  击杀华天都
章节序号: 1631, 标题: 击杀华天都
提取到标题行： 第一千六百三十二章  最后的因缘
章节序号: 1632, 标题: 最后的因缘
提取到标题行： 第一千六百三十三章  给你们一个机会
章节序号: 1633, 标题: 给你们一个机会
提取到标题行： 第一千六百三十四章  永生 {大结局}
章节序号: 1634, 标题: 永生 {大结局}
一共提取出1563个章节, 作者的最大序号是1634, 提取失败了71个章节， 成功比例:95.65%
@@@开始进行的role提取工作
  0%|          | 0/1563 [00:00<?, ?it/s]100%|██████████| 1563/1563 [00:00<00:00, 263027.49it/s]
读取到的章节数量1563
[1, 2, 3, 4, 5, 6, 7, 8, 9, 10, 11, 12, 13, 14, 15, 16, 17, 18, 19, 20, 21, 22, 23, 24, 25, 26, 27, 28, 29, 30, 31, 32, 33, 34, 35, 36, 37, 38, 39, 40, 41, 42, 43, 44, 45, 46, 47, 48, 49, 50, 51, 52, 53, 54, 55, 56, 57, 58, 59, 60, 61, 62, 63, 64, 65, 66, 67, 68, 69, 70, 71, 72, 73, 74, 75, 76, 77, 78, 79, 80, 81, 82, 83, 84, 85, 86, 87, 88, 89, 90, 91, 92, 93, 94, 95, 96, 97, 98, 99, 100, 101, 102, 103, 104, 105, 106, 107, 108, 109, 110, 111, 112, 113, 114, 115, 116, 117, 118, 119, 120, 121, 122, 123, 124, 125, 126, 127, 128, 129, 130, 131, 132, 133, 134, 135, 136, 137, 138, 139, 140, 141, 142, 143, 144, 145, 146, 147, 148, 149, 150, 151, 152, 153, 154, 155, 156, 157, 158, 159, 160, 161, 162, 163, 164, 165, 166, 167, 168, 169, 170, 171, 172, 174, 175, 176, 177, 178, 179, 180, 181, 182, 183, 184, 185, 186, 187, 188, 189, 190, 191, 192, 193, 194, 195, 196, 197, 198, 199, 200, 201, 202, 203, 204, 205, 206, 207, 208, 209, 210, 211, 212, 214, 215, 216, 217, 218, 219, 220, 221, 222, 223, 224, 225, 226, 227, 228, 229, 230, 231, 232, 233, 234, 235, 236, 237, 238, 339, 240, 241, 242, 243, 244, 245, 246, 247, 248, 249, 250, 251, 252, 253, 254, 255, 256, 257, 258, 259, 260, 261, 262, 263, 264, 266, 267, 268, 269, 270, 271, 272, 273, 274, 275, 276, 277, 278, 279, 280, 281, 282, 283, 284, 285, 286, 287, 288, 289, 290, 291, 292, 293, 294, 296, 297, 298, 299, 300, 301, 302, 303, 304, 305, 306, 307, 308, 309, 310, 311, 312, 313, 314, 315, 317, 318, 320, 321, 0, 323, 325, 326, 327, 329, 330, 331, 333, 334, 335, 336, 337, 338, 340, 341, 342, 343, 344, 345, 346, 347, 348, 349, 350, 351, 353, 354, 355, 357, 358, 359, 360, 361, 362, 363, 364, 365, 366, 367, 368, 369, 370, 371, 372, 373, 374, 375, 376, 377, 378, 379, 380, 381, 382, 383, 384, 385, 387, 388, 389, 390, 391, 392, 393, 394, 396, 397, 398, 399, 400, 401, 402, 403, 405, 408, 409, 410, 411, 412, 413, 414, 415, 416, 417, 418, 419, 420, 421, 422, 423, 425, 426, 427, 428, 429, 430, 431, 432, 433, 434, 435, 436, 437, 438, 439, 440, 441, 442, 443, 444, 445, 446, 447, 448, 449, 450, 451, 452, 453, 454, 455, 456, 457, 458, 459, 460, 461, 462, 463, 464, 465, 466, 467, 468, 469, 470, 471, 472, 473, 474, 475, 476, 477, 478, 479, 484, 485, 486, 487, 488, 489, 490, 491, 492, 493, 494, 495, 496, 497, 498, 499, 500, 501, 502, 503, 504, 505, 506, 507, 508, 509, 510, 511, 512, 513, 514, 515, 516, 517, 518, 519, 520, 521, 522, 523, 524, 525, 526, 527, 528, 529, 530, 531, 532, 533, 534, 535, 536, 537, 538, 539, 540, 541, 542, 543, 544, 545, 546, 547, 548, 549, 550, 551, 552, 553, 554, 555, 557, 559, 560, 561, 562, 563, 564, 565, 566, 567, 568, 569, 570, 571, 572, 573, 574, 575, 576, 577, 578, 579, 580, 581, 582, 583, 584, 585, 586, 587, 588, 589, 590, 591, 592, 593, 594, 595, 596, 597, 598, 599, 600, 601, 602, 603, 604, 605, 606, 607, 609, 610, 612, 613, 614, 615, 617, 618, 619, 620, 621, 622, 623, 624, 625, 626, 627, 628, 629, 630, 631, 632, 633, 634, 635, 636, 637, 638, 639, 640, 641, 642, 643, 644, 645, 646, 647, 648, 649, 650, 652, 653, 654, 655, 656, 657, 658, 659, 660, 661, 662, 663, 664, 665, 666, 667, 668, 669, 670, 671, 672, 673, 674, 675, 676, 677, 678, 679, 680, 681, 682, 683, 684, 685, 686, 687, 688, 689, 690, 691, 692, 693, 694, 695, 696, 697, 698, 699, 700, 701, 702, 703, 704, 705, 706, 707, 708, 709, 710, 711, 712, 713, 714, 715, 716, 717, 718, 719, 720, 721, 722, 723, 724, 725, 726, 727, 728, 729, 730, 731, 732, 733, 734, 735, 736, 737, 738, 739, 740, 741, 742, 743, 744, 745, 746, 747, 748, 749, 750, 751, 752, 753, 754, 755, 756, 757, 758, 759, 761, 763, 764, 765, 766, 767, 768, 769, 770, 771, 772, 773, 774, 775, 776, 777, 778, 779, 780, 781, 782, 783, 784, 785, 786, 787, 788, 789, 790, 791, 792, 793, 794, 795, 796, 797, 798, 799, 800, 801, 802, 803, 804, 805, 806, 807, 808, 809, 810, 811, 812, 813, 814, 815, 816, 817, 818, 819, 820, 821, 822, 823, 824, 825, 826, 827, 828, 829, 830, 831, 832, 833, 834, 835, 836, 837, 839, 840, 841, 842, 843, 844, 845, 846, 847, 848, 849, 850, 852, 853, 854, 855, 856, 857, 858, 859, 860, 861, 862, 863, 864, 865, 866, 867, 886, 869, 871, 872, 873, 874, 875, 876, 877, 878, 889, 880, 881, 882, 883, 884, 885, 887, 888, 890, 891, 892, 893, 894, 895, 896, 897, 898, 899, 900, 901, 902, 903, 904, 905, 906, 907, 908, 909, 919, 911, 912, 913, 914, 915, 916, 917, 918, 920, 921, 922, 923, 924, 925, 927, 928, 929, 930, 931, 932, 933, 934, 935, 936, 937, 938, 939, 940, 941, 942, 943, 944, 945, 946, 947, 948, 949, 950, 951, 953, 954, 955, 956, 957, 958, 959, 960, 961, 962, 963, 964, 965, 966, 967, 968, 969, 970, 971, 972, 973, 974, 975, 976, 977, 978, 979, 980, 981, 982, 983, 984, 985, 986, 987, 988, 989, 990, 991, 992, 993, 994, 995, 996, 997, 998, 999, 1000, 1001, 1002, 1003, 1004, 1005, 1006, 1007, 1008, 1009, 1010, 1012, 1013, 1014, 1015, 1016, 1017, 1018, 1019, 1020, 1021, 1022, 1023, 1024, 1025, 1026, 1027, 1028, 1029, 1030, 1031, 1032, 1033, 1034, 1035, 1036, 1037, 1038, 1039, 1040, 1041, 1042, 1043, 1044, 1045, 1046, 1047, 1048, 1049, 1050, 1051, 1052, 1053, 1054, 1055, 1056, 1057, 1058, 1059, 1060, 1061, 1062, 1063, 1064, 1065, 1066, 1067, 1068, 1069, 1070, 1071, 1072, 1073, 1074, 1075, 1076, 1077, 1078, 1079, 1080, 1081, 1082, 1083, 1084, 1085, 1087, 1088, 1089, 1090, 1091, 1092, 1093, 1094, 1095, 1096, 1097, 1098, 1099, 1100, 1101, 1102, 1103, 1104, 1105, 1106, 1107, 1108, 1109, 1110, 1111, 1112, 1113, 1114, 1115, 1116, 1117, 1118, 1119, 1120, 1121, 1122, 1123, 1124, 1125, 1126, 1127, 1128, 1129, 1130, 1131, 1132, 1133, 1134, 1135, 1136, 1137, 1138, 1139, 1140, 1141, 1142, 1143, 1144, 1145, 1146, 1147, 1148, 1149, 1150, 1151, 1152, 1153, 1154, 1155, 1156, 1157, 1158, 1159, 1160, 1161, 1162, 1163, 1164, 1165, 1166, 1167, 1168, 1169, 1170, 1171, 1172, 1173, 1174, 1175, 1176, 1177, 1178, 1179, 1180, 1181, 1182, 1183, 1184, 1185, 1186, 1187, 1188, 1189, 1190, 1191, 1192, 1193, 1194, 1195, 1196, 1197, 1198, 1200, 1201, 1202, 1203, 1204, 1205, 1206, 1207, 1208, 1209, 1210, 1211, 1212, 1214, 1215, 1216, 1217, 1218, 1219, 1220, 1221, 1222, 1223, 1224, 1225, 1226, 1227, 1228, 1229, 1231, 1232, 1233, 1236, 1237, 1238, 1239, 1240, 1241, 1242, 1243, 1244, 1245, 1246, 1247, 1248, 1249, 1250, 1251, 1252, 1253, 1254, 1255, 1256, 1257, 1259, 1260, 1261, 1262, 1263, 1264, 1265, 1266, 1267, 1268, 1269, 1270, 1271, 1272, 1273, 1274, 1275, 1276, 1277, 1278, 1279, 1280, 1281, 1282, 1283, 1284, 1285, 1286, 1287, 1288, 1289, 1290, 1291, 1293, 1294, 1295, 1296, 1297, 1298, 1299, 1300, 1301, 1302, 1303, 1304, 1305, 1306, 1307, 1308, 1309, 1311, 1314, 1315, 1316, 1317, 1319, 1320, 1321, 1322, 1323, 1324, 1325, 1326, 1327, 1328, 1329, 1330, 1331, 1332, 1333, 1334, 1335, 1336, 1337, 1338, 1339, 1340, 1342, 1343, 1344, 1345, 1346, 1347, 1348, 1349, 1350, 1351, 1352, 1354, 1355, 1356, 1357, 1358, 1359, 1360, 1361, 1362, 1363, 1364, 1365, 1366, 1367, 1368, 1369, 1370, 1371, 1372, 1374, 1375, 1376, 1377, 1378, 1379, 1380, 1381, 1382, 1383, 1384, 1385, 1386, 1387, 1388, 1389, 1391, 1392, 1393, 1394, 1395, 1396, 1397, 1398, 1399, 1400, 1401, 1402, 1403, 1404, 1405, 1406, 1407, 1408, 1409, 1413, 1414, 1415, 1416, 1417, 1418, 1419, 1420, 1421, 1422, 1423, 1424, 1425, 1426, 1427, 1428, 1429, 1430, 1431, 1432, 1433, 1434, 1435, 1436, 1437, 1438, 1439, 1440, 1441, 1442, 1443, 1444, 1445, 1446, 1447, 1448, 1450, 1449, 1452, 1453, 1454, 1455, 1456, 1457, 1458, 1459, 1460, 1461, 1462, 1463, 1464, 1465, 1466, 1467, 1468, 1469, 1470, 1471, 1472, 1473, 1474, 1475, 1476, 1477, 1478, 1479, 1480, 1481, 1482, 1483, 1484, 1485, 1486, 1487, 1488, 1489, 1490, 1491, 1492, 1493, 1494, 1495, 1496, 1497, 1498, 1499, 1500, 1501, 1502, 1503, 1504, 1505, 1506, 1507, 1508, 1509, 1510, 1512, 1513, 1514, 1515, 1516, 1517, 1518, 1519, 1520, 1521, 1522, 1523, 1524, 1525, 1526, 1527, 1528, 1529, 1530, 1531, 1532, 1533, 1534, 1535, 1536, 1537, 1538, 1539, 1540, 1541, 1542, 1543, 1544, 1545, 1546, 1547, 1548, 1549, 1550, 1551, 1553, 1554, 1555, 1556, 1557, 1558, 1559, 1560, 1561, 1562, 1563, 1564, 1565, 1566, 1567, 1568, 1569, 1570, 1571, 1572, 1573, 1574, 1575, 1576, 1577, 1578, 1579, 1580, 1581, 1582, 760, 1583, 1584, 1585, 1586, 1587, 1588, 1589, 1590, 1591, 1592, 1593, 1594, 1595, 1596, 1597, 1598, 1599, 1600, 1601, 1602, 1603, 1604, 1605, 1606, 1607, 1608, 1609, 1620, 1621, 1622, 1623, 1624, 1625, 1626, 1627, 1629, 1630, 1631, 1632, 1633, 1634]
合并后的章节组个数1563
[[0, 1], [1, 2], [2, 3], [3, 4], [4, 5], [5, 6], [6, 7], [7, 8], [8, 9], [9, 10], [10, 11], [11, 12], [12, 13], [13, 14], [14, 15], [15, 16], [16, 17], [17, 18], [18, 19], [19, 20], [20, 21], [21, 22], [22, 23], [23, 24], [24, 25], [25, 26], [26, 27], [27, 28], [28, 29], [29, 30], [30, 31], [31, 32], [32, 33], [33, 34], [34, 35], [35, 36], [36, 37], [37, 38], [38, 39], [39, 40], [40, 41], [41, 42], [42, 43], [43, 44], [44, 45], [45, 46], [46, 47], [47, 48], [48, 49], [49, 50], [50, 51], [51, 52], [52, 53], [53, 54], [54, 55], [55, 56], [56, 57], [57, 58], [58, 59], [59, 60], [60, 61], [61, 62], [62, 63], [63, 64], [64, 65], [65, 66], [66, 67], [67, 68], [68, 69], [69, 70], [70, 71], [71, 72], [72, 73], [73, 74], [74, 75], [75, 76], [76, 77], [77, 78], [78, 79], [79, 80], [80, 81], [81, 82], [82, 83], [83, 84], [84, 85], [85, 86], [86, 87], [87, 88], [88, 89], [89, 90], [90, 91], [91, 92], [92, 93], [93, 94], [94, 95], [95, 96], [96, 97], [97, 98], [98, 99], [99, 100], [100, 101], [101, 102], [102, 103], [103, 104], [104, 105], [105, 106], [106, 107], [107, 108], [108, 109], [109, 110], [110, 111], [111, 112], [112, 113], [113, 114], [114, 115], [115, 116], [116, 117], [117, 118], [118, 119], [119, 120], [120, 121], [121, 122], [122, 123], [123, 124], [124, 125], [125, 126], [126, 127], [127, 128], [128, 129], [129, 130], [130, 131], [131, 132], [132, 133], [133, 134], [134, 135], [135, 136], [136, 137], [137, 138], [138, 139], [139, 140], [140, 141], [141, 142], [142, 143], [143, 144], [144, 145], [145, 146], [146, 147], [147, 148], [148, 149], [149, 150], [150, 151], [151, 152], [152, 153], [153, 154], [154, 155], [155, 156], [156, 157], [157, 158], [158, 159], [159, 160], [160, 161], [161, 162], [162, 163], [163, 164], [164, 165], [165, 166], [166, 167], [167, 168], [168, 169], [169, 170], [170, 171], [171, 172], [172, 173], [173, 174], [174, 175], [175, 176], [176, 177], [177, 178], [178, 179], [179, 180], [180, 181], [181, 182], [182, 183], [183, 184], [184, 185], [185, 186], [186, 187], [187, 188], [188, 189], [189, 190], [190, 191], [191, 192], [192, 193], [193, 194], [194, 195], [195, 196], [196, 197], [197, 198], [198, 199], [199, 200], [200, 201], [201, 202], [202, 203], [203, 204], [204, 205], [205, 206], [206, 207], [207, 208], [208, 209], [209, 210], [210, 211], [211, 212], [212, 213], [213, 214], [214, 215], [215, 216], [216, 217], [217, 218], [218, 219], [219, 220], [220, 221], [221, 222], [222, 223], [223, 224], [224, 225], [225, 226], [226, 227], [227, 228], [228, 229], [229, 230], [230, 231], [231, 232], [232, 233], [233, 234], [234, 235], [235, 236], [236, 237], [237, 238], [238, 239], [239, 240], [240, 241], [241, 242], [242, 243], [243, 244], [244, 245], [245, 246], [246, 247], [247, 248], [248, 249], [249, 250], [250, 251], [251, 252], [252, 253], [253, 254], [254, 255], [255, 256], [256, 257], [257, 258], [258, 259], [259, 260], [260, 261], [261, 262], [262, 263], [263, 264], [264, 265], [265, 266], [266, 267], [267, 268], [268, 269], [269, 270], [270, 271], [271, 272], [272, 273], [273, 274], [274, 275], [275, 276], [276, 277], [277, 278], [278, 279], [279, 280], [280, 281], [281, 282], [282, 283], [283, 284], [284, 285], [285, 286], [286, 287], [287, 288], [288, 289], [289, 290], [290, 291], [291, 292], [292, 293], [293, 294], [294, 295], [295, 296], [296, 297], [297, 298], [298, 299], [299, 300], [300, 301], [301, 302], [302, 303], [303, 304], [304, 305], [305, 306], [306, 307], [307, 308], [308, 309], [309, 310], [310, 311], [311, 312], [312, 313], [313, 314], [314, 315], [315, 316], [316, 317], [317, 318], [318, 319], [319, 320], [320, 321], [321, 322], [322, 323], [323, 324], [324, 325], [325, 326], [326, 327], [327, 328], [328, 329], [329, 330], [330, 331], [331, 332], [332, 333], [333, 334], [334, 335], [335, 336], [336, 337], [337, 338], [338, 339], [339, 340], [340, 341], [341, 342], [342, 343], [343, 344], [344, 345], [345, 346], [346, 347], [347, 348], [348, 349], [349, 350], [350, 351], [351, 352], [352, 353], [353, 354], [354, 355], [355, 356], [356, 357], [357, 358], [358, 359], [359, 360], [360, 361], [361, 362], [362, 363], [363, 364], [364, 365], [365, 366], [366, 367], [367, 368], [368, 369], [369, 370], [370, 371], [371, 372], [372, 373], [373, 374], [374, 375], [375, 376], [376, 377], [377, 378], [378, 379], [379, 380], [380, 381], [381, 382], [382, 383], [383, 384], [384, 385], [385, 386], [386, 387], [387, 388], [388, 389], [389, 390], [390, 391], [391, 392], [392, 393], [393, 394], [394, 395], [395, 396], [396, 397], [397, 398], [398, 399], [399, 400], [400, 401], [401, 402], [402, 403], [403, 404], [404, 405], [405, 406], [406, 407], [407, 408], [408, 409], [409, 410], [410, 411], [411, 412], [412, 413], [413, 414], [414, 415], [415, 416], [416, 417], [417, 418], [418, 419], [419, 420], [420, 421], [421, 422], [422, 423], [423, 424], [424, 425], [425, 426], [426, 427], [427, 428], [428, 429], [429, 430], [430, 431], [431, 432], [432, 433], [433, 434], [434, 435], [435, 436], [436, 437], [437, 438], [438, 439], [439, 440], [440, 441], [441, 442], [442, 443], [443, 444], [444, 445], [445, 446], [446, 447], [447, 448], [448, 449], [449, 450], [450, 451], [451, 452], [452, 453], [453, 454], [454, 455], [455, 456], [456, 457], [457, 458], [458, 459], [459, 460], [460, 461], [461, 462], [462, 463], [463, 464], [464, 465], [465, 466], [466, 467], [467, 468], [468, 469], [469, 470], [470, 471], [471, 472], [472, 473], [473, 474], [474, 475], [475, 476], [476, 477], [477, 478], [478, 479], [479, 480], [480, 481], [481, 482], [482, 483], [483, 484], [484, 485], [485, 486], [486, 487], [487, 488], [488, 489], [489, 490], [490, 491], [491, 492], [492, 493], [493, 494], [494, 495], [495, 496], [496, 497], [497, 498], [498, 499], [499, 500], [500, 501], [501, 502], [502, 503], [503, 504], [504, 505], [505, 506], [506, 507], [507, 508], [508, 509], [509, 510], [510, 511], [511, 512], [512, 513], [513, 514], [514, 515], [515, 516], [516, 517], [517, 518], [518, 519], [519, 520], [520, 521], [521, 522], [522, 523], [523, 524], [524, 525], [525, 526], [526, 527], [527, 528], [528, 529], [529, 530], [530, 531], [531, 532], [532, 533], [533, 534], [534, 535], [535, 536], [536, 537], [537, 538], [538, 539], [539, 540], [540, 541], [541, 542], [542, 543], [543, 544], [544, 545], [545, 546], [546, 547], [547, 548], [548, 549], [549, 550], [550, 551], [551, 552], [552, 553], [553, 554], [554, 555], [555, 556], [556, 557], [557, 558], [558, 559], [559, 560], [560, 561], [561, 562], [562, 563], [563, 564], [564, 565], [565, 566], [566, 567], [567, 568], [568, 569], [569, 570], [570, 571], [571, 572], [572, 573], [573, 574], [574, 575], [575, 576], [576, 577], [577, 578], [578, 579], [579, 580], [580, 581], [581, 582], [582, 583], [583, 584], [584, 585], [585, 586], [586, 587], [587, 588], [588, 589], [589, 590], [590, 591], [591, 592], [592, 593], [593, 594], [594, 595], [595, 596], [596, 597], [597, 598], [598, 599], [599, 600], [600, 601], [601, 602], [602, 603], [603, 604], [604, 605], [605, 606], [606, 607], [607, 608], [608, 609], [609, 610], [610, 611], [611, 612], [612, 613], [613, 614], [614, 615], [615, 616], [616, 617], [617, 618], [618, 619], [619, 620], [620, 621], [621, 622], [622, 623], [623, 624], [624, 625], [625, 626], [626, 627], [627, 628], [628, 629], [629, 630], [630, 631], [631, 632], [632, 633], [633, 634], [634, 635], [635, 636], [636, 637], [637, 638], [638, 639], [639, 640], [640, 641], [641, 642], [642, 643], [643, 644], [644, 645], [645, 646], [646, 647], [647, 648], [648, 649], [649, 650], [650, 651], [651, 652], [652, 653], [653, 654], [654, 655], [655, 656], [656, 657], [657, 658], [658, 659], [659, 660], [660, 661], [661, 662], [662, 663], [663, 664], [664, 665], [665, 666], [666, 667], [667, 668], [668, 669], [669, 670], [670, 671], [671, 672], [672, 673], [673, 674], [674, 675], [675, 676], [676, 677], [677, 678], [678, 679], [679, 680], [680, 681], [681, 682], [682, 683], [683, 684], [684, 685], [685, 686], [686, 687], [687, 688], [688, 689], [689, 690], [690, 691], [691, 692], [692, 693], [693, 694], [694, 695], [695, 696], [696, 697], [697, 698], [698, 699], [699, 700], [700, 701], [701, 702], [702, 703], [703, 704], [704, 705], [705, 706], [706, 707], [707, 708], [708, 709], [709, 710], [710, 711], [711, 712], [712, 713], [713, 714], [714, 715], [715, 716], [716, 717], [717, 718], [718, 719], [719, 720], [720, 721], [721, 722], [722, 723], [723, 724], [724, 725], [725, 726], [726, 727], [727, 728], [728, 729], [729, 730], [730, 731], [731, 732], [732, 733], [733, 734], [734, 735], [735, 736], [736, 737], [737, 738], [738, 739], [739, 740], [740, 741], [741, 742], [742, 743], [743, 744], [744, 745], [745, 746], [746, 747], [747, 748], [748, 749], [749, 750], [750, 751], [751, 752], [752, 753], [753, 754], [754, 755], [755, 756], [756, 757], [757, 758], [758, 759], [759, 760], [760, 761], [761, 762], [762, 763], [763, 764], [764, 765], [765, 766], [766, 767], [767, 768], [768, 769], [769, 770], [770, 771], [771, 772], [772, 773], [773, 774], [774, 775], [775, 776], [776, 777], [777, 778], [778, 779], [779, 780], [780, 781], [781, 782], [782, 783], [783, 784], [784, 785], [785, 786], [786, 787], [787, 788], [788, 789], [789, 790], [790, 791], [791, 792], [792, 793], [793, 794], [794, 795], [795, 796], [796, 797], [797, 798], [798, 799], [799, 800], [800, 801], [801, 802], [802, 803], [803, 804], [804, 805], [805, 806], [806, 807], [807, 808], [808, 809], [809, 810], [810, 811], [811, 812], [812, 813], [813, 814], [814, 815], [815, 816], [816, 817], [817, 818], [818, 819], [819, 820], [820, 821], [821, 822], [822, 823], [823, 824], [824, 825], [825, 826], [826, 827], [827, 828], [828, 829], [829, 830], [830, 831], [831, 832], [832, 833], [833, 834], [834, 835], [835, 836], [836, 837], [837, 838], [838, 839], [839, 840], [840, 841], [841, 842], [842, 843], [843, 844], [844, 845], [845, 846], [846, 847], [847, 848], [848, 849], [849, 850], [850, 851], [851, 852], [852, 853], [853, 854], [854, 855], [855, 856], [856, 857], [857, 858], [858, 859], [859, 860], [860, 861], [861, 862], [862, 863], [863, 864], [864, 865], [865, 866], [866, 867], [867, 868], [868, 869], [869, 870], [870, 871], [871, 872], [872, 873], [873, 874], [874, 875], [875, 876], [876, 877], [877, 878], [878, 879], [879, 880], [880, 881], [881, 882], [882, 883], [883, 884], [884, 885], [885, 886], [886, 887], [887, 888], [888, 889], [889, 890], [890, 891], [891, 892], [892, 893], [893, 894], [894, 895], [895, 896], [896, 897], [897, 898], [898, 899], [899, 900], [900, 901], [901, 902], [902, 903], [903, 904], [904, 905], [905, 906], [906, 907], [907, 908], [908, 909], [909, 910], [910, 911], [911, 912], [912, 913], [913, 914], [914, 915], [915, 916], [916, 917], [917, 918], [918, 919], [919, 920], [920, 921], [921, 922], [922, 923], [923, 924], [924, 925], [925, 926], [926, 927], [927, 928], [928, 929], [929, 930], [930, 931], [931, 932], [932, 933], [933, 934], [934, 935], [935, 936], [936, 937], [937, 938], [938, 939], [939, 940], [940, 941], [941, 942], [942, 943], [943, 944], [944, 945], [945, 946], [946, 947], [947, 948], [948, 949], [949, 950], [950, 951], [951, 952], [952, 953], [953, 954], [954, 955], [955, 956], [956, 957], [957, 958], [958, 959], [959, 960], [960, 961], [961, 962], [962, 963], [963, 964], [964, 965], [965, 966], [966, 967], [967, 968], [968, 969], [969, 970], [970, 971], [971, 972], [972, 973], [973, 974], [974, 975], [975, 976], [976, 977], [977, 978], [978, 979], [979, 980], [980, 981], [981, 982], [982, 983], [983, 984], [984, 985], [985, 986], [986, 987], [987, 988], [988, 989], [989, 990], [990, 991], [991, 992], [992, 993], [993, 994], [994, 995], [995, 996], [996, 997], [997, 998], [998, 999], [999, 1000], [1000, 1001], [1001, 1002], [1002, 1003], [1003, 1004], [1004, 1005], [1005, 1006], [1006, 1007], [1007, 1008], [1008, 1009], [1009, 1010], [1010, 1011], [1011, 1012], [1012, 1013], [1013, 1014], [1014, 1015], [1015, 1016], [1016, 1017], [1017, 1018], [1018, 1019], [1019, 1020], [1020, 1021], [1021, 1022], [1022, 1023], [1023, 1024], [1024, 1025], [1025, 1026], [1026, 1027], [1027, 1028], [1028, 1029], [1029, 1030], [1030, 1031], [1031, 1032], [1032, 1033], [1033, 1034], [1034, 1035], [1035, 1036], [1036, 1037], [1037, 1038], [1038, 1039], [1039, 1040], [1040, 1041], [1041, 1042], [1042, 1043], [1043, 1044], [1044, 1045], [1045, 1046], [1046, 1047], [1047, 1048], [1048, 1049], [1049, 1050], [1050, 1051], [1051, 1052], [1052, 1053], [1053, 1054], [1054, 1055], [1055, 1056], [1056, 1057], [1057, 1058], [1058, 1059], [1059, 1060], [1060, 1061], [1061, 1062], [1062, 1063], [1063, 1064], [1064, 1065], [1065, 1066], [1066, 1067], [1067, 1068], [1068, 1069], [1069, 1070], [1070, 1071], [1071, 1072], [1072, 1073], [1073, 1074], [1074, 1075], [1075, 1076], [1076, 1077], [1077, 1078], [1078, 1079], [1079, 1080], [1080, 1081], [1081, 1082], [1082, 1083], [1083, 1084], [1084, 1085], [1085, 1086], [1086, 1087], [1087, 1088], [1088, 1089], [1089, 1090], [1090, 1091], [1091, 1092], [1092, 1093], [1093, 1094], [1094, 1095], [1095, 1096], [1096, 1097], [1097, 1098], [1098, 1099], [1099, 1100], [1100, 1101], [1101, 1102], [1102, 1103], [1103, 1104], [1104, 1105], [1105, 1106], [1106, 1107], [1107, 1108], [1108, 1109], [1109, 1110], [1110, 1111], [1111, 1112], [1112, 1113], [1113, 1114], [1114, 1115], [1115, 1116], [1116, 1117], [1117, 1118], [1118, 1119], [1119, 1120], [1120, 1121], [1121, 1122], [1122, 1123], [1123, 1124], [1124, 1125], [1125, 1126], [1126, 1127], [1127, 1128], [1128, 1129], [1129, 1130], [1130, 1131], [1131, 1132], [1132, 1133], [1133, 1134], [1134, 1135], [1135, 1136], [1136, 1137], [1137, 1138], [1138, 1139], [1139, 1140], [1140, 1141], [1141, 1142], [1142, 1143], [1143, 1144], [1144, 1145], [1145, 1146], [1146, 1147], [1147, 1148], [1148, 1149], [1149, 1150], [1150, 1151], [1151, 1152], [1152, 1153], [1153, 1154], [1154, 1155], [1155, 1156], [1156, 1157], [1157, 1158], [1158, 1159], [1159, 1160], [1160, 1161], [1161, 1162], [1162, 1163], [1163, 1164], [1164, 1165], [1165, 1166], [1166, 1167], [1167, 1168], [1168, 1169], [1169, 1170], [1170, 1171], [1171, 1172], [1172, 1173], [1173, 1174], [1174, 1175], [1175, 1176], [1176, 1177], [1177, 1178], [1178, 1179], [1179, 1180], [1180, 1181], [1181, 1182], [1182, 1183], [1183, 1184], [1184, 1185], [1185, 1186], [1186, 1187], [1187, 1188], [1188, 1189], [1189, 1190], [1190, 1191], [1191, 1192], [1192, 1193], [1193, 1194], [1194, 1195], [1195, 1196], [1196, 1197], [1197, 1198], [1198, 1199], [1199, 1200], [1200, 1201], [1201, 1202], [1202, 1203], [1203, 1204], [1204, 1205], [1205, 1206], [1206, 1207], [1207, 1208], [1208, 1209], [1209, 1210], [1210, 1211], [1211, 1212], [1212, 1213], [1213, 1214], [1214, 1215], [1215, 1216], [1216, 1217], [1217, 1218], [1218, 1219], [1219, 1220], [1220, 1221], [1221, 1222], [1222, 1223], [1223, 1224], [1224, 1225], [1225, 1226], [1226, 1227], [1227, 1228], [1228, 1229], [1229, 1230], [1230, 1231], [1231, 1232], [1232, 1233], [1233, 1234], [1234, 1235], [1235, 1236], [1236, 1237], [1237, 1238], [1238, 1239], [1239, 1240], [1240, 1241], [1241, 1242], [1242, 1243], [1243, 1244], [1244, 1245], [1245, 1246], [1246, 1247], [1247, 1248], [1248, 1249], [1249, 1250], [1250, 1251], [1251, 1252], [1252, 1253], [1253, 1254], [1254, 1255], [1255, 1256], [1256, 1257], [1257, 1258], [1258, 1259], [1259, 1260], [1260, 1261], [1261, 1262], [1262, 1263], [1263, 1264], [1264, 1265], [1265, 1266], [1266, 1267], [1267, 1268], [1268, 1269], [1269, 1270], [1270, 1271], [1271, 1272], [1272, 1273], [1273, 1274], [1274, 1275], [1275, 1276], [1276, 1277], [1277, 1278], [1278, 1279], [1279, 1280], [1280, 1281], [1281, 1282], [1282, 1283], [1283, 1284], [1284, 1285], [1285, 1286], [1286, 1287], [1287, 1288], [1288, 1289], [1289, 1290], [1290, 1291], [1291, 1292], [1292, 1293], [1293, 1294], [1294, 1295], [1295, 1296], [1296, 1297], [1297, 1298], [1298, 1299], [1299, 1300], [1300, 1301], [1301, 1302], [1302, 1303], [1303, 1304], [1304, 1305], [1305, 1306], [1306, 1307], [1307, 1308], [1308, 1309], [1309, 1310], [1310, 1311], [1311, 1312], [1312, 1313], [1313, 1314], [1314, 1315], [1315, 1316], [1316, 1317], [1317, 1318], [1318, 1319], [1319, 1320], [1320, 1321], [1321, 1322], [1322, 1323], [1323, 1324], [1324, 1325], [1325, 1326], [1326, 1327], [1327, 1328], [1328, 1329], [1329, 1330], [1330, 1331], [1331, 1332], [1332, 1333], [1333, 1334], [1334, 1335], [1335, 1336], [1336, 1337], [1337, 1338], [1338, 1339], [1339, 1340], [1340, 1341], [1341, 1342], [1342, 1343], [1343, 1344], [1344, 1345], [1345, 1346], [1346, 1347], [1347, 1348], [1348, 1349], [1349, 1350], [1350, 1351], [1351, 1352], [1352, 1353], [1353, 1354], [1354, 1355], [1355, 1356], [1356, 1357], [1357, 1358], [1358, 1359], [1359, 1360], [1360, 1361], [1361, 1362], [1362, 1363], [1363, 1364], [1364, 1365], [1365, 1366], [1366, 1367], [1367, 1368], [1368, 1369], [1369, 1370], [1370, 1371], [1371, 1372], [1372, 1373], [1373, 1374], [1374, 1375], [1375, 1376], [1376, 1377], [1377, 1378], [1378, 1379], [1379, 1380], [1380, 1381], [1381, 1382], [1382, 1383], [1383, 1384], [1384, 1385], [1385, 1386], [1386, 1387], [1387, 1388], [1388, 1389], [1389, 1390], [1390, 1391], [1391, 1392], [1392, 1393], [1393, 1394], [1394, 1395], [1395, 1396], [1396, 1397], [1397, 1398], [1398, 1399], [1399, 1400], [1400, 1401], [1401, 1402], [1402, 1403], [1403, 1404], [1404, 1405], [1405, 1406], [1406, 1407], [1407, 1408], [1408, 1409], [1409, 1410], [1410, 1411], [1411, 1412], [1412, 1413], [1413, 1414], [1414, 1415], [1415, 1416], [1416, 1417], [1417, 1418], [1418, 1419], [1419, 1420], [1420, 1421], [1421, 1422], [1422, 1423], [1423, 1424], [1424, 1425], [1425, 1426], [1426, 1427], [1427, 1428], [1428, 1429], [1429, 1430], [1430, 1431], [1431, 1432], [1432, 1433], [1433, 1434], [1434, 1435], [1435, 1436], [1436, 1437], [1437, 1438], [1438, 1439], [1439, 1440], [1440, 1441], [1441, 1442], [1442, 1443], [1443, 1444], [1444, 1445], [1445, 1446], [1446, 1447], [1447, 1448], [1448, 1449], [1449, 1450], [1450, 1451], [1451, 1452], [1452, 1453], [1453, 1454], [1454, 1455], [1455, 1456], [1456, 1457], [1457, 1458], [1458, 1459], [1459, 1460], [1460, 1461], [1461, 1462], [1462, 1463], [1463, 1464], [1464, 1465], [1465, 1466], [1466, 1467], [1467, 1468], [1468, 1469], [1469, 1470], [1470, 1471], [1471, 1472], [1472, 1473], [1473, 1474], [1474, 1475], [1475, 1476], [1476, 1477], [1477, 1478], [1478, 1479], [1479, 1480], [1480, 1481], [1481, 1482], [1482, 1483], [1483, 1484], [1484, 1485], [1485, 1486], [1486, 1487], [1487, 1488], [1488, 1489], [1489, 1490], [1490, 1491], [1491, 1492], [1492, 1493], [1493, 1494], [1494, 1495], [1495, 1496], [1496, 1497], [1497, 1498], [1498, 1499], [1499, 1500], [1500, 1501], [1501, 1502], [1502, 1503], [1503, 1504], [1504, 1505], [1505, 1506], [1506, 1507], [1507, 1508], [1508, 1509], [1509, 1510], [1510, 1511], [1511, 1512], [1512, 1513], [1513, 1514], [1514, 1515], [1515, 1516], [1516, 1517], [1517, 1518], [1518, 1519], [1519, 1520], [1520, 1521], [1521, 1522], [1522, 1523], [1523, 1524], [1524, 1525], [1525, 1526], [1526, 1527], [1527, 1528], [1528, 1529], [1529, 1530], [1530, 1531], [1531, 1532], [1532, 1533], [1533, 1534], [1534, 1535], [1535, 1536], [1536, 1537], [1537, 1538], [1538, 1539], [1539, 1540], [1540, 1541], [1541, 1542], [1542, 1543], [1543, 1544], [1544, 1545], [1545, 1546], [1546, 1547], [1547, 1548], [1548, 1549], [1549, 1550], [1550, 1551], [1551, 1552], [1552, 1553], [1553, 1554], [1554, 1555], [1555, 1556], [1556, 1557], [1557, 1558], [1558, 1559], [1559, 1560], [1560, 1561], [1561, 1562], [1562, 1562]]
开始执行压缩
  0%|          | 0/1563 [00:00<?, ?it/s]本次token消耗: 2821
------当前第0章节 ~ 第0章节 ：0------当前token消耗: 2821(all) = 2395(in) + 426(out)---压缩比:17.51%---

  0%|          | 1/1563 [00:17<7:40:50, 17.70s/it]本次token消耗: 2256
------当前第1章节 ~ 第1章节 ：1------当前token消耗: 5077(all) = 4287(in) + 790(out)---压缩比:18.06%---

  0%|          | 2/1563 [00:32<6:57:43, 16.06s/it]本次token消耗: 4141
------当前第2章节 ~ 第2章节 ：2------当前token消耗: 9218(all) = 7937(in) + 1281(out)---压缩比:15.85%---

  0%|          | 3/1563 [00:54<8:02:19, 18.55s/it]本次token消耗: 3244
------当前第3章节 ~ 第3章节 ：3------当前token消耗: 12462(all) = 10829(in) + 1633(out)---压缩比:14.6%---

  0%|          | 4/1563 [01:09<7:30:39, 17.34s/it]本次token消耗: 2197
------当前第4章节 ~ 第4章节 ：4------当前token消耗: 14659(all) = 12661(in) + 1998(out)---压缩比:15.24%---

  0%|          | 5/1563 [01:24<7:08:19, 16.50s/it]本次token消耗: 2935
------当前第5章节 ~ 第5章节 ：5------当前token消耗: 17594(all) = 15199(in) + 2395(out)---压缩比:15.31%---

  0%|          | 6/1563 [01:41<7:14:50, 16.76s/it]本次token消耗: 2518
------当前第6章节 ~ 第6章节 ：6------当前token消耗: 20112(all) = 17123(in) + 2989(out)---压缩比:17.14%---

  0%|          | 7/1563 [02:05<8:10:13, 18.90s/it]本次token消耗: 2780
------当前第7章节 ~ 第7章节 ：7------当前token消耗: 22892(all) = 19556(in) + 3336(out)---压缩比:16.79%---

  1%|          | 8/1563 [02:20<7:37:16, 17.64s/it]本次token消耗: 3150
------当前第8章节 ~ 第8章节 ：8------当前token消耗: 26042(all) = 22482(in) + 3560(out)---压缩比:15.62%---

  1%|          | 9/1563 [02:31<6:43:50, 15.59s/it]本次token消耗: 3286
------当前第9章节 ~ 第9章节 ：9------当前token消耗: 29328(all) = 25459(in) + 3869(out)---压缩比:14.99%---

  1%|          | 10/1563 [02:45<6:33:46, 15.21s/it]本次token消耗: 2812
------当前第10章节 ~ 第10章节 ：10------当前token消耗: 32140(all) = 27900(in) + 4240(out)---压缩比:15.02%---

  1%|          | 11/1563 [03:01<6:38:21, 15.40s/it]本次token消耗: 3233
------当前第11章节 ~ 第11章节 ：11------当前token消耗: 35373(all) = 30608(in) + 4765(out)---压缩比:15.33%---

  1%|          | 12/1563 [03:23<7:26:54, 17.29s/it]本次token消耗: 2830
------当前第12章节 ~ 第12章节 ：12------当前token消耗: 38203(all) = 33040(in) + 5163(out)---压缩比:15.35%---

  1%|          | 13/1563 [03:39<7:22:13, 17.12s/it]本次token消耗: 2621
------当前第13章节 ~ 第13章节 ：13------当前token消耗: 40824(all) = 35319(in) + 5505(out)---压缩比:15.31%---

  1%|          | 14/1563 [03:54<7:04:26, 16.44s/it]本次token消耗: 3159
------当前第14章节 ~ 第14章节 ：14------当前token消耗: 43983(all) = 38089(in) + 5894(out)---压缩比:15.23%---

  1%|          | 15/1563 [04:11<7:09:09, 16.63s/it]本次token消耗: 3662
------当前第15章节 ~ 第15章节 ：15------当前token消耗: 47645(all) = 41477(in) + 6168(out)---压缩比:14.61%---

  1%|          | 16/1563 [04:24<6:42:37, 15.62s/it]本次token消耗: 2668
------当前第16章节 ~ 第16章节 ：16------当前token消耗: 50313(all) = 43841(in) + 6472(out)---压缩比:14.48%---

  1%|          | 17/1563 [04:38<6:25:08, 14.95s/it]本次token消耗: 2688
------当前第17章节 ~ 第17章节 ：17------当前token消耗: 53001(all) = 46214(in) + 6787(out)---压缩比:14.48%---

  1%|          | 18/1563 [04:52<6:15:09, 14.57s/it]本次token消耗: 2837
------当前第18章节 ~ 第18章节 ：18------当前token消耗: 55838(all) = 48584(in) + 7254(out)---压缩比:14.79%---

  1%|          | 19/1563 [05:11<6:50:34, 15.96s/it]本次token消耗: 2958
------当前第19章节 ~ 第19章节 ：19------当前token消耗: 58796(all) = 51278(in) + 7518(out)---压缩比:14.52%---

  1%|▏         | 20/1563 [05:23<6:20:35, 14.80s/it]本次token消耗: 2855
------当前第20章节 ~ 第20章节 ：20------当前token消耗: 61651(all) = 53619(in) + 8032(out)---压缩比:14.79%---

  1%|▏         | 21/1563 [05:44<7:07:14, 16.62s/it]本次token消耗: 2799
------当前第21章节 ~ 第21章节 ：21------当前token消耗: 64450(all) = 56024(in) + 8426(out)---压缩比:14.87%---

  1%|▏         | 22/1563 [06:00<7:07:49, 16.66s/it]本次token消耗: 3013
------当前第22章节 ~ 第22章节 ：22------当前token消耗: 67463(all) = 58521(in) + 8942(out)---压缩比:14.97%---

  1%|▏         | 23/1563 [06:22<7:43:17, 18.05s/it]本次token消耗: 3004
------当前第23章节 ~ 第23章节 ：23------当前token消耗: 70467(all) = 60910(in) + 9557(out)---压缩比:15.38%---

  2%|▏         | 24/1563 [06:46<8:32:19, 19.97s/it]本次token消耗: 3066
------当前第24章节 ~ 第24章节 ：24------当前token消耗: 73533(all) = 63387(in) + 10146(out)---压缩比:15.62%---

  2%|▏         | 25/1563 [07:10<9:02:13, 21.15s/it]本次token消耗: 2822
------当前第25章节 ~ 第25章节 ：25------当前token消耗: 76355(all) = 65836(in) + 10519(out)---压缩比:15.62%---

  2%|▏         | 26/1563 [07:26<8:22:37, 19.62s/it]本次token消耗: 2831
------当前第26章节 ~ 第26章节 ：26------当前token消耗: 79186(all) = 68285(in) + 10901(out)---压缩比:15.59%---

  2%|▏         | 27/1563 [07:42<7:55:34, 18.58s/it]本次token消耗: 2836
------当前第27章节 ~ 第27章节 ：27------当前token消耗: 82022(all) = 70752(in) + 11270(out)---压缩比:15.58%---

  2%|▏         | 28/1563 [07:58<7:33:36, 17.73s/it]本次token消耗: 2969
------当前第28章节 ~ 第28章节 ：28------当前token消耗: 84991(all) = 73351(in) + 11640(out)---压缩比:15.5%---

  2%|▏         | 29/1563 [08:14<7:18:53, 17.17s/it]本次token消耗: 2024
------当前第29章节 ~ 第29章节 ：29------当前token消耗: 87015(all) = 75045(in) + 11970(out)---压缩比:15.58%---

  2%|▏         | 30/1563 [08:27<6:50:53, 16.08s/it]本次token消耗: 2223
------当前第30章节 ~ 第30章节 ：30------当前token消耗: 89238(all) = 76786(in) + 12452(out)---压缩比:15.87%---

  2%|▏         | 31/1563 [08:47<7:14:02, 17.00s/it]本次token消耗: 2217
------当前第31章节 ~ 第31章节 ：31------当前token消耗: 91455(all) = 78503(in) + 12952(out)---压缩比:16.13%---

  2%|▏         | 32/1563 [09:06<7:35:54, 17.87s/it]本次token消耗: 2397
------当前第32章节 ~ 第32章节 ：32------当前token消耗: 93852(all) = 80551(in) + 13301(out)---压缩比:16.1%---

  2%|▏         | 33/1563 [09:21<7:11:48, 16.93s/it]本次token消耗: 2254
------当前第33章节 ~ 第33章节 ：33------当前token消耗: 96106(all) = 82520(in) + 13586(out)---压缩比:16.06%---

  2%|▏         | 34/1563 [09:34<6:36:01, 15.54s/it]本次token消耗: 2425
------当前第34章节 ~ 第34章节 ：34------当前token消耗: 98531(all) = 84515(in) + 14016(out)---压缩比:16.16%---

  2%|▏         | 35/1563 [09:51<6:50:39, 16.13s/it]本次token消耗: 2285
------当前第35章节 ~ 第35章节 ：35------当前token消耗: 100816(all) = 86241(in) + 14575(out)---压缩比:16.47%---

  2%|▏         | 36/1563 [10:13<7:34:22, 17.85s/it]本次token消耗: 3056
------当前第36章节 ~ 第36章节 ：36------当前token消耗: 103872(all) = 88839(in) + 15033(out)---压缩比:16.51%---

  2%|▏         | 37/1563 [10:32<7:44:05, 18.25s/it]本次token消耗: 2418
------当前第37章节 ~ 第37章节 ：37------当前token消耗: 106290(all) = 90862(in) + 15428(out)---压缩比:16.54%---

  2%|▏         | 38/1563 [10:48<7:28:16, 17.64s/it]本次token消耗: 2087
------当前第38章节 ~ 第38章节 ：38------当前token消耗: 108377(all) = 92590(in) + 15787(out)---压缩比:16.6%---

  2%|▏         | 39/1563 [11:03<7:04:50, 16.73s/it]本次token消耗: 2042
------当前第39章节 ~ 第39章节 ：39------当前token消耗: 110419(all) = 94312(in) + 16107(out)---压缩比:16.6%---

  3%|▎         | 40/1563 [11:16<6:38:21, 15.69s/it]本次token消耗: 2222
------当前第40章节 ~ 第40章节 ：40------当前token消耗: 112641(all) = 96150(in) + 16491(out)---压缩比:16.66%---

  3%|▎         | 41/1563 [11:32<6:39:20, 15.74s/it]本次token消耗: 2924
------当前第41章节 ~ 第41章节 ：41------当前token消耗: 115565(all) = 98637(in) + 16928(out)---压缩比:16.66%---

  3%|▎         | 42/1563 [11:50<6:59:09, 16.53s/it]本次token消耗: 2963
------当前第42章节 ~ 第42章节 ：42------当前token消耗: 118528(all) = 101145(in) + 17383(out)---压缩比:16.7%---

  3%|▎         | 43/1563 [12:09<7:17:11, 17.26s/it]本次token消耗: 2929
------当前第43章节 ~ 第43章节 ：43------当前token消耗: 121457(all) = 103708(in) + 17749(out)---压缩比:16.64%---

  3%|▎         | 44/1563 [12:25<7:06:20, 16.84s/it]本次token消耗: 2303
------当前第44章节 ~ 第44章节 ：44------当前token消耗: 123760(all) = 105741(in) + 18019(out)---压缩比:16.57%---

  3%|▎         | 45/1563 [12:37<6:26:49, 15.29s/it]本次token消耗: 2887
------当前第45章节 ~ 第45章节 ：45------当前token消耗: 126647(all) = 108246(in) + 18401(out)---压缩比:16.54%---

  3%|▎         | 46/1563 [12:53<6:36:19, 15.68s/it]本次token消耗: 2742
------当前第46章节 ~ 第46章节 ：46------当前token消耗: 129389(all) = 110472(in) + 18917(out)---压缩比:16.64%---

  3%|▎         | 47/1563 [13:14<7:14:34, 17.20s/it]本次token消耗: 2532
------当前第47章节 ~ 第47章节 ：47------当前token消耗: 131921(all) = 112479(in) + 19442(out)---压缩比:16.81%---

  3%|▎         | 48/1563 [13:35<7:42:22, 18.31s/it]本次token消耗: 2136
------当前第48章节 ~ 第48章节 ：48------当前token消耗: 134057(all) = 114218(in) + 19839(out)---压缩比:16.91%---

  3%|▎         | 49/1563 [13:51<7:25:54, 17.67s/it]本次token消耗: 1996
------当前第49章节 ~ 第49章节 ：49------当前token消耗: 136053(all) = 115910(in) + 20143(out)---压缩比:16.94%---

  3%|▎         | 50/1563 [14:04<6:48:38, 16.21s/it]本次token消耗: 2332
------当前第50章节 ~ 第50章节 ：50------当前token消耗: 138385(all) = 117888(in) + 20497(out)---压缩比:16.97%---

  3%|▎         | 51/1563 [14:19<6:36:56, 15.75s/it]本次token消耗: 2054
------当前第51章节 ~ 第51章节 ：51------当前token消耗: 140439(all) = 119619(in) + 20820(out)---压缩比:17.0%---

  3%|▎         | 52/1563 [14:32<6:18:38, 15.04s/it]本次token消耗: 3159
------当前第52章节 ~ 第52章节 ：52------当前token消耗: 143598(all) = 122387(in) + 21211(out)---压缩比:16.92%---

  3%|▎         | 53/1563 [14:49<6:31:19, 15.55s/it]本次token消耗: 2112
------当前第53章节 ~ 第53章节 ：53------当前token消耗: 145710(all) = 124161(in) + 21549(out)---压缩比:16.93%---

  3%|▎         | 54/1563 [15:03<6:18:53, 15.07s/it]本次token消耗: 2618
------当前第54章节 ~ 第54章节 ：54------当前token消耗: 148328(all) = 126255(in) + 22073(out)---压缩比:17.07%---

  4%|▎         | 55/1563 [15:24<7:02:39, 16.82s/it]本次token消耗: 2124
------当前第55章节 ~ 第55章节 ：55------当前token消耗: 150452(all) = 127928(in) + 22524(out)---压缩比:17.21%---

  4%|▎         | 56/1563 [15:42<7:12:17, 17.21s/it]本次token消耗: 2066
------当前第56章节 ~ 第56章节 ：56------当前token消耗: 152518(all) = 129649(in) + 22869(out)---压缩比:17.25%---

  4%|▎         | 57/1563 [15:56<6:49:07, 16.30s/it]本次token消耗: 1931
------当前第57章节 ~ 第57章节 ：57------当前token消耗: 154449(all) = 131306(in) + 23143(out)---压缩比:17.25%---

  4%|▎         | 58/1563 [16:07<6:12:17, 14.84s/it]本次token消耗: 2056
------当前第58章节 ~ 第58章节 ：58------当前token消耗: 156505(all) = 132884(in) + 23621(out)---压缩比:17.39%---

  4%|▍         | 59/1563 [16:26<6:40:51, 15.99s/it]本次token消耗: 2911
------当前第59章节 ~ 第59章节 ：59------当前token消耗: 159416(all) = 135416(in) + 24000(out)---压缩比:17.35%---

  4%|▍         | 60/1563 [16:43<6:43:18, 16.10s/it]本次token消耗: 2994
------当前第60章节 ~ 第60章节 ：60------当前token消耗: 162410(all) = 137889(in) + 24521(out)---压缩比:17.36%---

  4%|▍         | 61/1563 [17:04<7:23:02, 17.70s/it]本次token消耗: 2282
------当前第61章节 ~ 第61章节 ：61------当前token消耗: 164692(all) = 139769(in) + 24923(out)---压缩比:17.43%---

  4%|▍         | 62/1563 [17:20<7:13:29, 17.33s/it]本次token消耗: 2802
------当前第62章节 ~ 第62章节 ：62------当前token消耗: 167494(all) = 141849(in) + 25645(out)---压缩比:17.67%---

  4%|▍         | 63/1563 [17:49<8:37:43, 20.71s/it]本次token消耗: 2413
------当前第63章节 ~ 第63章节 ：63------当前token消耗: 169907(all) = 143814(in) + 26093(out)---压缩比:17.72%---

  4%|▍         | 64/1563 [18:07<8:18:09, 19.94s/it]本次token消耗: 2271
------当前第64章节 ~ 第64章节 ：64------当前token消耗: 172178(all) = 145501(in) + 26677(out)---压缩比:17.94%---

  4%|▍         | 65/1563 [18:30<8:38:02, 20.75s/it]本次token消耗: 2249
------当前第65章节 ~ 第65章节 ：65------当前token消耗: 174427(all) = 147410(in) + 27017(out)---压缩比:17.93%---

  4%|▍         | 66/1563 [18:44<7:50:20, 18.85s/it]本次token消耗: 2124
------当前第66章节 ~ 第66章节 ：66------当前token消耗: 176551(all) = 149133(in) + 27418(out)---压缩比:18.0%---

  4%|▍         | 67/1563 [19:00<7:30:20, 18.06s/it]本次token消耗: 2673
------当前第67章节 ~ 第67章节 ：67------当前token消耗: 179224(all) = 151515(in) + 27709(out)---压缩比:17.91%---

  4%|▍         | 68/1563 [19:13<6:50:57, 16.49s/it]本次token消耗: 2763
------当前第68章节 ~ 第68章节 ：68------当前token消耗: 181987(all) = 153886(in) + 28101(out)---压缩比:17.89%---

  4%|▍         | 69/1563 [19:30<6:50:07, 16.47s/it]本次token消耗: 2952
------当前第69章节 ~ 第69章节 ：69------当前token消耗: 184939(all) = 156522(in) + 28417(out)---压缩比:17.79%---

  4%|▍         | 70/1563 [19:44<6:32:29, 15.77s/it]本次token消耗: 2128
------当前第70章节 ~ 第70章节 ：70------当前token消耗: 187067(all) = 158314(in) + 28753(out)---压缩比:17.82%---

  5%|▍         | 71/1563 [19:58<6:17:57, 15.20s/it]本次token消耗: 2101
------当前第71章节 ~ 第71章节 ：71------当前token消耗: 189168(all) = 160115(in) + 29053(out)---压缩比:17.8%---

  5%|▍         | 72/1563 [20:11<6:00:31, 14.51s/it]本次token消耗: 2040
------当前第72章节 ~ 第72章节 ：72------当前token消耗: 191208(all) = 161765(in) + 29443(out)---压缩比:17.85%---

  5%|▍         | 73/1563 [20:26<6:09:03, 14.86s/it]本次token消耗: 2398
------当前第73章节 ~ 第73章节 ：73------当前token消耗: 193606(all) = 163456(in) + 30150(out)---压缩比:18.09%---

  5%|▍         | 74/1563 [20:53<7:39:39, 18.52s/it]本次token消耗: 2123
------当前第74章节 ~ 第74章节 ：74------当前token消耗: 195729(all) = 165137(in) + 30592(out)---压缩比:18.17%---

  5%|▍         | 75/1563 [21:11<7:31:51, 18.22s/it]本次token消耗: 3043
------当前第75章节 ~ 第75章节 ：75------当前token消耗: 198772(all) = 167699(in) + 31073(out)---压缩比:18.18%---

  5%|▍         | 76/1563 [21:31<7:45:47, 18.79s/it]本次token消耗: 3544
------当前第76章节 ~ 第76章节 ：76------当前token消耗: 202316(all) = 170922(in) + 31394(out)---压缩比:18.02%---

  5%|▍         | 77/1563 [21:46<7:19:51, 17.76s/it]本次token消耗: 2512
------当前第77章节 ~ 第77章节 ：77------当前token消耗: 204828(all) = 172946(in) + 31882(out)---压缩比:18.08%---

  5%|▍         | 78/1563 [22:06<7:34:27, 18.36s/it]本次token消耗: 2537
------当前第78章节 ~ 第78章节 ：78------当前token消耗: 207365(all) = 175118(in) + 32247(out)---压缩比:18.08%---

  5%|▌         | 79/1563 [22:21<7:11:31, 17.45s/it]本次token消耗: 2286
------当前第79章节 ~ 第79章节 ：79------当前token消耗: 209651(all) = 177143(in) + 32508(out)---压缩比:18.03%---

  5%|▌         | 80/1563 [22:33<6:26:27, 15.64s/it]本次token消耗: 2126
------当前第80章节 ~ 第80章节 ：80------当前token消耗: 211777(all) = 178883(in) + 32894(out)---压缩比:18.08%---

  5%|▌         | 81/1563 [22:49<6:26:55, 15.66s/it]本次token消耗: 2555
------当前第81章节 ~ 第81章节 ：81------当前token消耗: 214332(all) = 180727(in) + 33605(out)---压缩比:18.27%---

  5%|▌         | 82/1563 [23:16<7:53:03, 19.17s/it]本次token消耗: 2290
------当前第82章节 ~ 第82章节 ：82------当前token消耗: 216622(all) = 182580(in) + 34042(out)---压缩比:18.32%---

  5%|▌         | 83/1563 [23:33<7:41:17, 18.70s/it]本次token消耗: 2546
------当前第83章节 ~ 第83章节 ：83------当前token消耗: 219168(all) = 184569(in) + 34599(out)---压缩比:18.42%---

  5%|▌         | 84/1563 [23:56<8:08:17, 19.81s/it]本次token消耗: 2085
------当前第84章节 ~ 第84章节 ：84------当前token消耗: 221253(all) = 186245(in) + 35008(out)---压缩比:18.48%---

  5%|▌         | 85/1563 [24:12<7:42:43, 18.78s/it]本次token消耗: 2259
------当前第85章节 ~ 第85章节 ：85------当前token消耗: 223512(all) = 188084(in) + 35428(out)---压缩比:18.53%---

  6%|▌         | 86/1563 [24:29<7:28:35, 18.22s/it]本次token消耗: 2102
------当前第86章节 ~ 第86章节 ：86------当前token消耗: 225614(all) = 189783(in) + 35831(out)---压缩比:18.57%---

  6%|▌         | 87/1563 [24:45<7:12:48, 17.59s/it]本次token消耗: 2134
------当前第87章节 ~ 第87章节 ：87------当前token消耗: 227748(all) = 191560(in) + 36188(out)---压缩比:18.59%---

  6%|▌         | 88/1563 [25:00<6:50:50, 16.71s/it]本次token消耗: 2096
------当前第88章节 ~ 第88章节 ：88------当前token消耗: 229844(all) = 193175(in) + 36669(out)---压缩比:18.71%---

  6%|▌         | 89/1563 [25:19<7:06:42, 17.37s/it]本次token消耗: 2172
------当前第89章节 ~ 第89章节 ：89------当前token消耗: 232016(all) = 194935(in) + 37081(out)---压缩比:18.77%---

  6%|▌         | 90/1563 [25:36<7:01:37, 17.17s/it]本次token消耗: 2218
------当前第90章节 ~ 第90章节 ：90------当前token消耗: 234234(all) = 196689(in) + 37545(out)---压缩比:18.85%---

  6%|▌         | 91/1563 [25:54<7:12:26, 17.63s/it]本次token消耗: 3091
------当前第91章节 ~ 第91章节 ：91------当前token消耗: 237325(all) = 199264(in) + 38061(out)---压缩比:18.87%---

  6%|▌         | 92/1563 [26:15<7:37:27, 18.66s/it]本次token消耗: 2174
------当前第92章节 ~ 第92章节 ：92------当前token消耗: 239499(all) = 201021(in) + 38478(out)---压缩比:18.92%---

  6%|▌         | 93/1563 [26:32<7:22:56, 18.08s/it]本次token消耗: 3550
------当前第93章节 ~ 第93章节 ：93------当前token消耗: 243049(all) = 204141(in) + 38908(out)---压缩比:18.84%---

  6%|▌         | 94/1563 [26:51<7:27:22, 18.27s/it]本次token消耗: 2919
------当前第94章节 ~ 第94章节 ：94------当前token消耗: 245968(all) = 206780(in) + 39188(out)---压缩比:18.73%---

  6%|▌         | 95/1563 [27:03<6:46:10, 16.60s/it]本次token消耗: 2010
------当前第95章节 ~ 第95章节 ：95------当前token消耗: 247978(all) = 208437(in) + 39541(out)---压缩比:18.75%---

  6%|▌         | 96/1563 [27:18<6:31:59, 16.03s/it]本次token消耗: 2432
------当前第96章节 ~ 第96章节 ：96------当前token消耗: 250410(all) = 210507(in) + 39903(out)---压缩比:18.74%---

  6%|▌         | 97/1563 [27:34<6:27:15, 15.85s/it]本次token消耗: 2072
------当前第97章节 ~ 第97章节 ：97------当前token消耗: 252482(all) = 212224(in) + 40258(out)---压缩比:18.76%---

  6%|▋         | 98/1563 [27:48<6:16:32, 15.42s/it]本次token消耗: 2299
------当前第98章节 ~ 第98章节 ：98------当前token消耗: 254781(all) = 213928(in) + 40853(out)---压缩比:18.88%---

  6%|▋         | 99/1563 [28:11<7:12:14, 17.71s/it]本次token消耗: 2314
------当前第99章节 ~ 第99章节 ：99------当前token消耗: 257095(all) = 215736(in) + 41359(out)---压缩比:18.95%---

  6%|▋         | 100/1563 [28:31<7:28:44, 18.40s/it]本次token消耗: 2153
------当前第100章节 ~ 第100章节 ：100------当前token消耗: 259248(all) = 217612(in) + 41636(out)---压缩比:18.91%---

  6%|▋         | 101/1563 [28:43<6:41:54, 16.49s/it]本次token消耗: 2122
------当前第101章节 ~ 第101章节 ：101------当前token消耗: 261370(all) = 219391(in) + 41979(out)---压缩比:18.91%---

  7%|▋         | 102/1563 [28:57<6:24:03, 15.77s/it]本次token消耗: 2091
------当前第102章节 ~ 第102章节 ：102------当前token消耗: 263461(all) = 221079(in) + 42382(out)---压缩比:18.95%---

  7%|▋         | 103/1563 [29:13<6:26:13, 15.87s/it]本次token消耗: 2093
------当前第103章节 ~ 第103章节 ：103------当前token消耗: 265554(all) = 222772(in) + 42782(out)---压缩比:18.99%---

  7%|▋         | 104/1563 [29:29<6:26:50, 15.91s/it]本次token消耗: 1980
------当前第104章节 ~ 第104章节 ：104------当前token消耗: 267534(all) = 224427(in) + 43107(out)---压缩比:18.99%---

  7%|▋         | 105/1563 [29:43<6:07:17, 15.11s/it]本次token消耗: 2458
------当前第105章节 ~ 第105章节 ：105------当前token消耗: 269992(all) = 226491(in) + 43501(out)---压缩比:18.99%---

  7%|▋         | 106/1563 [29:59<6:14:49, 15.44s/it]本次token消耗: 2356
------当前第106章节 ~ 第106章节 ：106------当前token消耗: 272348(all) = 228467(in) + 43881(out)---压缩比:18.99%---

  7%|▋         | 107/1563 [30:14<6:15:47, 15.49s/it]本次token消耗: 2522
------当前第107章节 ~ 第107章节 ：107------当前token消耗: 274870(all) = 230616(in) + 44254(out)---压缩比:18.97%---

  7%|▋         | 108/1563 [30:30<6:16:27, 15.52s/it]本次token消耗: 2322
------当前第108章节 ~ 第108章节 ：108------当前token消耗: 277192(all) = 232536(in) + 44656(out)---压缩比:18.99%---

  7%|▋         | 109/1563 [30:46<6:22:02, 15.76s/it]本次token消耗: 2275
------当前第109章节 ~ 第109章节 ：109------当前token消耗: 279467(all) = 234435(in) + 45032(out)---压缩比:19.0%---

  7%|▋         | 110/1563 [31:02<6:20:02, 15.69s/it]本次token消耗: 2795
------当前第110章节 ~ 第110章节 ：110------当前token消耗: 282262(all) = 236899(in) + 45363(out)---压缩比:18.95%---

  7%|▋         | 111/1563 [31:16<6:09:40, 15.28s/it]本次token消耗: 2849
------当前第111章节 ~ 第111章节 ：111------当前token消耗: 285111(all) = 239393(in) + 45718(out)---压缩比:18.91%---

  7%|▋         | 112/1563 [31:31<6:08:46, 15.25s/it]本次token消耗: 2440
------当前第112章节 ~ 第112章节 ：112------当前token消耗: 287551(all) = 241257(in) + 46294(out)---压缩比:18.97%---

  7%|▋         | 113/1563 [31:54<7:04:09, 17.55s/it]本次token消耗: 2135
------当前第113章节 ~ 第113章节 ：113------当前token消耗: 289686(all) = 243021(in) + 46665(out)---压缩比:18.98%---

  7%|▋         | 114/1563 [32:09<6:45:56, 16.81s/it]本次token消耗: 3252
------当前第114章节 ~ 第114章节 ：114------当前token消耗: 292938(all) = 245604(in) + 47334(out)---压缩比:19.05%---

  7%|▋         | 115/1563 [32:36<7:58:12, 19.82s/it]本次token消耗: 3114
------当前第115章节 ~ 第115章节 ：115------当前token消耗: 296052(all) = 247942(in) + 48110(out)---压缩比:19.16%---

  7%|▋         | 116/1563 [33:07<9:15:38, 23.04s/it]本次token消耗: 2112
------当前第116章节 ~ 第116章节 ：116------当前token消耗: 298164(all) = 249704(in) + 48460(out)---压缩比:19.18%---

  7%|▋         | 117/1563 [33:21<8:11:54, 20.41s/it]本次token消耗: 2148
------当前第117章节 ~ 第117章节 ：117------当前token消耗: 300312(all) = 251318(in) + 48994(out)---压缩比:19.26%---

  8%|▊         | 118/1563 [33:42<8:13:52, 20.51s/it]本次token消耗: 3858
------当前第118章节 ~ 第118章节 ：118------当前token消耗: 304170(all) = 254738(in) + 49432(out)---压缩比:19.16%---

  8%|▊         | 119/1563 [34:01<8:03:18, 20.08s/it]本次token消耗: 1974
------当前第119章节 ~ 第119章节 ：119------当前token消耗: 306144(all) = 256403(in) + 49741(out)---压缩比:19.15%---

  8%|▊         | 120/1563 [34:14<7:12:00, 17.96s/it]本次token消耗: 2236
------当前第120章节 ~ 第120章节 ：120------当前token消耗: 308380(all) = 258230(in) + 50150(out)---压缩比:19.18%---

  8%|▊         | 121/1563 [34:31<7:03:25, 17.62s/it]本次token消耗: 2349
------当前第121章节 ~ 第121章节 ：121------当前token消耗: 310729(all) = 260231(in) + 50498(out)---压缩比:19.15%---

  8%|▊         | 122/1563 [34:45<6:40:41, 16.68s/it]本次token消耗: 2368
------当前第122章节 ~ 第122章节 ：122------当前token消耗: 313097(all) = 262097(in) + 51000(out)---压缩比:19.21%---

  8%|▊         | 123/1563 [35:05<7:03:40, 17.65s/it]本次token消耗: 2170
------当前第123章节 ~ 第123章节 ：123------当前token消耗: 315267(all) = 263799(in) + 51468(out)---压缩比:19.26%---

  8%|▊         | 124/1563 [35:24<7:10:47, 17.96s/it]本次token消耗: 2438
------当前第124章节 ~ 第124章节 ：124------当前token消耗: 317705(all) = 265773(in) + 51932(out)---压缩比:19.29%---

  8%|▊         | 125/1563 [35:42<7:15:29, 18.17s/it]本次token消耗: 2117
------当前第125章节 ~ 第125章节 ：125------当前token消耗: 319822(all) = 267535(in) + 52287(out)---压缩比:19.31%---

  8%|▊         | 126/1563 [35:57<6:49:44, 17.11s/it]本次token消耗: 2048
------当前第126章节 ~ 第126章节 ：126------当前token消耗: 321870(all) = 269237(in) + 52633(out)---压缩比:19.31%---

  8%|▊         | 127/1563 [36:11<6:28:26, 16.23s/it]本次token消耗: 2344
------当前第127章节 ~ 第127章节 ：127------当前token消耗: 324214(all) = 271162(in) + 53052(out)---压缩比:19.34%---

  8%|▊         | 128/1563 [36:28<6:34:18, 16.49s/it]本次token消耗: 2135
------当前第128章节 ~ 第128章节 ：128------当前token消耗: 326349(all) = 272874(in) + 53475(out)---压缩比:19.36%---

  8%|▊         | 129/1563 [36:45<6:37:29, 16.63s/it]本次token消耗: 3552
------当前第129章节 ~ 第129章节 ：129------当前token消耗: 329901(all) = 275961(in) + 53940(out)---压缩比:19.31%---

  8%|▊         | 130/1563 [37:05<7:00:21, 17.60s/it]本次token消耗: 3409
------当前第130章节 ~ 第130章节 ：130------当前token消耗: 333310(all) = 279078(in) + 54232(out)---压缩比:19.19%---

  8%|▊         | 131/1563 [37:19<6:32:19, 16.44s/it]本次token消耗: 2884
------当前第131章节 ~ 第131章节 ：131------当前token消耗: 336194(all) = 281561(in) + 54633(out)---压缩比:19.15%---

  8%|▊         | 132/1563 [37:36<6:35:00, 16.56s/it]本次token消耗: 2922
------当前第132章节 ~ 第132章节 ：132------当前token消耗: 339116(all) = 284016(in) + 55100(out)---压缩比:19.15%---

  9%|▊         | 133/1563 [37:55<6:56:03, 17.46s/it]本次token消耗: 1994
------当前第133章节 ~ 第133章节 ：133------当前token消耗: 341110(all) = 285677(in) + 55433(out)---压缩比:19.16%---

  9%|▊         | 134/1563 [38:09<6:32:04, 16.46s/it]本次token消耗: 2417
------当前第134章节 ~ 第134章节 ：134------当前token消耗: 343527(all) = 287655(in) + 55872(out)---压缩比:19.16%---

  9%|▊         | 135/1563 [38:27<6:42:02, 16.89s/it]本次token消耗: 2857
------当前第135章节 ~ 第135章节 ：135------当前token消耗: 346384(all) = 290157(in) + 56227(out)---压缩比:19.12%---

  9%|▊         | 136/1563 [38:43<6:29:29, 16.38s/it]本次token消耗: 2400
------当前第136章节 ~ 第136章节 ：136------当前token消耗: 348784(all) = 292080(in) + 56704(out)---压缩比:19.17%---

  9%|▉         | 137/1563 [39:01<6:47:42, 17.15s/it]本次token消耗: 3050
------当前第137章节 ~ 第137章节 ：137------当前token消耗: 351834(all) = 294652(in) + 57182(out)---压缩比:19.16%---

  9%|▉         | 138/1563 [39:21<7:07:42, 18.01s/it]本次token消耗: 3103
------当前第138章节 ~ 第138章节 ：138------当前token消耗: 354937(all) = 297080(in) + 57857(out)---压缩比:19.24%---

  9%|▉         | 139/1563 [39:48<8:10:09, 20.65s/it]本次token消耗: 2143
------当前第139章节 ~ 第139章节 ：139------当前token消耗: 357080(all) = 298890(in) + 58190(out)---压缩比:19.23%---

  9%|▉         | 140/1563 [40:02<7:21:07, 18.60s/it]本次token消耗: 2942
------当前第140章节 ~ 第140章节 ：140------当前token消耗: 360022(all) = 301541(in) + 58481(out)---压缩比:19.16%---

  9%|▉         | 141/1563 [40:15<6:41:56, 16.96s/it]本次token消耗: 3203
------当前第141章节 ~ 第141章节 ：141------当前token消耗: 363225(all) = 303954(in) + 59271(out)---压缩比:19.26%---

  9%|▉         | 142/1563 [40:46<8:21:25, 21.17s/it]本次token消耗: 3196
------当前第142章节 ~ 第142章节 ：142------当前token消耗: 366421(all) = 306527(in) + 59894(out)---压缩比:19.29%---

  9%|▉         | 143/1563 [41:12<8:50:47, 22.43s/it]本次token消耗: 2676
------当前第143章节 ~ 第143章节 ：143------当前token消耗: 369097(all) = 308707(in) + 60390(out)---压缩比:19.31%---

  9%|▉         | 144/1563 [41:32<8:33:58, 21.73s/it]本次token消耗: 2926
------当前第144章节 ~ 第144章节 ：144------当前token消耗: 372023(all) = 311221(in) + 60802(out)---压缩比:19.29%---

  9%|▉         | 145/1563 [41:49<8:02:35, 20.42s/it]本次token消耗: 3867
------当前第145章节 ~ 第145章节 ：145------当前token消耗: 375890(all) = 314483(in) + 61407(out)---压缩比:19.28%---

  9%|▉         | 146/1563 [42:14<8:37:36, 21.92s/it]本次token消耗: 3517
------当前第146章节 ~ 第146章节 ：146------当前token消耗: 379407(all) = 317712(in) + 61695(out)---压缩比:19.17%---

  9%|▉         | 147/1563 [42:28<7:37:52, 19.40s/it]本次token消耗: 2030
------当前第147章节 ~ 第147章节 ：147------当前token消耗: 381437(all) = 319349(in) + 62088(out)---压缩比:19.19%---

  9%|▉         | 148/1563 [42:44<7:11:44, 18.31s/it]本次token消耗: 3065
------当前第148章节 ~ 第148章节 ：148------当前token消耗: 384502(all) = 322045(in) + 62457(out)---压缩比:19.13%---

 10%|▉         | 149/1563 [43:00<6:57:18, 17.71s/it]本次token消耗: 2598
------当前第149章节 ~ 第149章节 ：149------当前token消耗: 387100(all) = 324375(in) + 62725(out)---压缩比:19.07%---

 10%|▉         | 150/1563 [43:12<6:16:16, 15.98s/it]本次token消耗: 2362
------当前第150章节 ~ 第150章节 ：150------当前token消耗: 389462(all) = 326365(in) + 63097(out)---压缩比:19.07%---

 10%|▉         | 151/1563 [43:28<6:12:45, 15.84s/it]本次token消耗: 3723
------当前第151章节 ~ 第151章节 ：151------当前token消耗: 393185(all) = 329673(in) + 63512(out)---压缩比:19.0%---

 10%|▉         | 152/1563 [43:46<6:29:11, 16.55s/it]本次token消耗: 2068
------当前第152章节 ~ 第152章节 ：152------当前token消耗: 395253(all) = 331425(in) + 63828(out)---压缩比:19.0%---

 10%|▉         | 153/1563 [43:59<6:05:00, 15.53s/it]本次token消耗: 3009
------当前第153章节 ~ 第153章节 ：153------当前token消耗: 398262(all) = 333929(in) + 64333(out)---压缩比:19.0%---

 10%|▉         | 154/1563 [44:20<6:42:35, 17.14s/it]本次token消耗: 1965
------当前第154章节 ~ 第154章节 ：154------当前token消耗: 400227(all) = 335610(in) + 64617(out)---压缩比:18.99%---

 10%|▉         | 155/1563 [44:32<6:06:16, 15.61s/it]本次token消耗: 2449
------当前第155章节 ~ 第155章节 ：155------当前token消耗: 402676(all) = 337688(in) + 64988(out)---压缩比:18.98%---

 10%|▉         | 156/1563 [44:47<6:04:52, 15.56s/it]本次token消耗: 2968
------当前第156章节 ~ 第156章节 ：156------当前token消耗: 405644(all) = 340177(in) + 65467(out)---压缩比:18.98%---

 10%|█         | 157/1563 [45:07<6:34:37, 16.84s/it]本次token消耗: 2672
------当前第157章节 ~ 第157章节 ：157------当前token消耗: 408316(all) = 342509(in) + 65807(out)---压缩比:18.96%---

 10%|█         | 158/1563 [45:22<6:18:11, 16.15s/it]本次token消耗: 3012
------当前第158章节 ~ 第158章节 ：158------当前token消耗: 411328(all) = 344974(in) + 66354(out)---压缩比:18.97%---

 10%|█         | 159/1563 [45:44<7:00:07, 17.95s/it]本次token消耗: 3197
------当前第159章节 ~ 第159章节 ：159------当前token消耗: 414525(all) = 347623(in) + 66902(out)---压缩比:18.99%---

 10%|█         | 160/1563 [46:06<7:30:13, 19.25s/it]本次token消耗: 2934
------当前第160章节 ~ 第160章节 ：160------当前token消耗: 417459(all) = 350062(in) + 67397(out)---压缩比:19.0%---

 10%|█         | 161/1563 [46:27<7:38:51, 19.64s/it]本次token消耗: 2916
------当前第161章节 ~ 第161章节 ：161------当前token消耗: 420375(all) = 352511(in) + 67864(out)---压缩比:19.0%---

 10%|█         | 162/1563 [46:46<7:35:46, 19.52s/it]本次token消耗: 3118
------当前第162章节 ~ 第162章节 ：162------当前token消耗: 423493(all) = 355305(in) + 68188(out)---压缩比:18.95%---

 10%|█         | 163/1563 [47:00<6:59:42, 17.99s/it]本次token消耗: 2323
------当前第163章节 ~ 第163章节 ：163------当前token消耗: 425816(all) = 357310(in) + 68506(out)---压缩比:18.93%---

 10%|█         | 164/1563 [47:14<6:28:09, 16.65s/it]本次token消耗: 2858
------当前第164章节 ~ 第164章节 ：164------当前token消耗: 428674(all) = 359784(in) + 68890(out)---压缩比:18.91%---

 11%|█         | 165/1563 [47:30<6:26:17, 16.58s/it]本次token消耗: 2318
------当前第165章节 ~ 第165章节 ：165------当前token消耗: 430992(all) = 361779(in) + 69213(out)---压缩比:18.89%---

 11%|█         | 166/1563 [47:44<6:04:42, 15.66s/it]本次token消耗: 2974
------当前第166章节 ~ 第166章节 ：166------当前token消耗: 433966(all) = 364263(in) + 69703(out)---压缩比:18.9%---

 11%|█         | 167/1563 [48:04<6:35:08, 16.98s/it]本次token消耗: 2353
------当前第167章节 ~ 第167章节 ：167------当前token消耗: 436319(all) = 366123(in) + 70196(out)---压缩比:18.94%---

 11%|█         | 168/1563 [48:23<6:53:47, 17.80s/it]本次token消耗: 2105
------当前第168章节 ~ 第168章节 ：168------当前token消耗: 438424(all) = 367906(in) + 70518(out)---压缩比:18.95%---

 11%|█         | 169/1563 [48:37<6:23:00, 16.49s/it]本次token消耗: 2868
------当前第169章节 ~ 第169章节 ：169------当前token消耗: 441292(all) = 370332(in) + 70960(out)---压缩比:18.94%---

 11%|█         | 170/1563 [48:56<6:37:41, 17.13s/it]本次token消耗: 2950
------当前第170章节 ~ 第170章节 ：170------当前token消耗: 444242(all) = 372982(in) + 71260(out)---压缩比:18.88%---

 11%|█         | 171/1563 [49:09<6:11:12, 16.00s/it]本次token消耗: 2869
------当前第171章节 ~ 第171章节 ：171------当前token消耗: 447111(all) = 375382(in) + 71729(out)---压缩比:18.89%---

 11%|█         | 172/1563 [49:28<6:33:41, 16.98s/it]本次token消耗: 2106
------当前第172章节 ~ 第172章节 ：172------当前token消耗: 449217(all) = 377046(in) + 72171(out)---压缩比:18.92%---

 11%|█         | 173/1563 [49:46<6:37:08, 17.14s/it]本次token消耗: 2346
------当前第173章节 ~ 第173章节 ：173------当前token消耗: 451563(all) = 378939(in) + 72624(out)---压缩比:18.94%---

 11%|█         | 174/1563 [50:04<6:44:05, 17.46s/it]本次token消耗: 3031
------当前第174章节 ~ 第174章节 ：174------当前token消耗: 454594(all) = 381628(in) + 72966(out)---压缩比:18.9%---

 11%|█         | 175/1563 [50:19<6:28:54, 16.81s/it]本次token消耗: 2881
------当前第175章节 ~ 第175章节 ：175------当前token消耗: 457475(all) = 384045(in) + 73430(out)---压缩比:18.9%---

 11%|█▏        | 176/1563 [50:38<6:45:26, 17.54s/it]本次token消耗: 2719
------当前第176章节 ~ 第176章节 ：176------当前token消耗: 460194(all) = 386343(in) + 73851(out)---压缩比:18.89%---

 11%|█▏        | 177/1563 [50:56<6:45:36, 17.56s/it]本次token消耗: 2916
------当前第177章节 ~ 第177章节 ：177------当前token消耗: 463110(all) = 388696(in) + 74414(out)---压缩比:18.91%---

 11%|█▏        | 178/1563 [51:19<7:22:29, 19.17s/it]本次token消耗: 2288
------当前第178章节 ~ 第178章节 ：178------当前token消耗: 465398(all) = 390650(in) + 74748(out)---压缩比:18.91%---

 11%|█▏        | 179/1563 [51:33<6:45:51, 17.59s/it]本次token消耗: 2995
------当前第179章节 ~ 第179章节 ：179------当前token消耗: 468393(all) = 392958(in) + 75435(out)---压缩比:18.96%---

 12%|█▏        | 180/1563 [52:00<7:50:34, 20.42s/it]本次token消耗: 2094
------当前第180章节 ~ 第180章节 ：180------当前token消耗: 470487(all) = 394588(in) + 75899(out)---压缩比:19.01%---

 12%|█▏        | 181/1563 [52:18<7:35:32, 19.78s/it]本次token消耗: 2088
------当前第181章节 ~ 第181章节 ：181------当前token消耗: 472575(all) = 396401(in) + 76174(out)---压缩比:18.99%---

 12%|█▏        | 182/1563 [52:30<6:40:20, 17.39s/it]本次token消耗: 2107
------当前第182章节 ~ 第182章节 ：182------当前token消耗: 474682(all) = 398178(in) + 76504(out)---压缩比:18.99%---

 12%|█▏        | 183/1563 [52:44<6:14:21, 16.28s/it]本次token消耗: 2302
------当前第183章节 ~ 第183章节 ：183------当前token消耗: 476984(all) = 400133(in) + 76851(out)---压缩比:18.99%---

 12%|█▏        | 184/1563 [52:58<6:01:09, 15.71s/it]本次token消耗: 2060
------当前第184章节 ~ 第184章节 ：184------当前token消耗: 479044(all) = 401860(in) + 77184(out)---压缩比:18.99%---

 12%|█▏        | 185/1563 [53:12<5:47:10, 15.12s/it]本次token消耗: 3015
------当前第185章节 ~ 第185章节 ：185------当前token消耗: 482059(all) = 404357(in) + 77702(out)---压缩比:19.0%---

 12%|█▏        | 186/1563 [53:33<6:29:31, 16.97s/it]本次token消耗: 2010
------当前第186章节 ~ 第186章节 ：186------当前token消耗: 484069(all) = 406026(in) + 78043(out)---压缩比:19.01%---

 12%|█▏        | 187/1563 [53:47<6:08:02, 16.05s/it]本次token消耗: 2676
------当前第187章节 ~ 第187章节 ：187------当前token消耗: 486745(all) = 408173(in) + 78572(out)---压缩比:19.03%---

 12%|█▏        | 188/1563 [54:09<6:46:00, 17.72s/it]本次token消耗: 1233
------当前第188章节 ~ 第188章节 ：188------当前token消耗: 487978(all) = 409036(in) + 78942(out)---压缩比:19.08%---

 12%|█▏        | 189/1563 [54:23<6:23:03, 16.73s/it]本次token消耗: 2955
------当前第189章节 ~ 第189章节 ：189------当前token消耗: 490933(all) = 411590(in) + 79343(out)---压缩比:19.06%---

 12%|█▏        | 190/1563 [54:40<6:24:11, 16.79s/it]本次token消耗: 2341
------当前第190章节 ~ 第190章节 ：190------当前token消耗: 493274(all) = 413487(in) + 79787(out)---压缩比:19.08%---

 12%|█▏        | 191/1563 [54:58<6:34:46, 17.26s/it]本次token消耗: 3034
------当前第191章节 ~ 第191章节 ：191------当前token消耗: 496308(all) = 416020(in) + 80288(out)---压缩比:19.08%---

 12%|█▏        | 192/1563 [55:19<6:57:53, 18.29s/it]本次token消耗: 2866
------当前第192章节 ~ 第192章节 ：192------当前token消耗: 499174(all) = 418505(in) + 80669(out)---压缩比:19.05%---

 12%|█▏        | 193/1563 [55:35<6:43:31, 17.67s/it]本次token消耗: 3049
------当前第193章节 ~ 第193章节 ：193------当前token消耗: 502223(all) = 421081(in) + 81142(out)---压缩比:19.05%---

 12%|█▏        | 194/1563 [55:55<6:57:13, 18.29s/it]本次token消耗: 3356
------当前第194章节 ~ 第194章节 ：194------当前token消耗: 505579(all) = 423952(in) + 81627(out)---压缩比:19.03%---

 12%|█▏        | 195/1563 [56:16<7:12:19, 18.96s/it]本次token消耗: 3134
------当前第195章节 ~ 第195章节 ：195------当前token消耗: 508713(all) = 426444(in) + 82269(out)---压缩比:19.07%---

 13%|█▎        | 196/1563 [56:41<7:57:54, 20.98s/it]本次token消耗: 3163
------当前第196章节 ~ 第196章节 ：196------当前token消耗: 511876(all) = 429149(in) + 82727(out)---压缩比:19.06%---

 13%|█▎        | 197/1563 [57:01<7:46:25, 20.49s/it]本次token消耗: 2870
------当前第197章节 ~ 第197章节 ：197------当前token消耗: 514746(all) = 431624(in) + 83122(out)---压缩比:19.03%---

 13%|█▎        | 198/1563 [57:17<7:20:03, 19.34s/it]本次token消耗: 2907
------当前第198章节 ~ 第198章节 ：198------当前token消耗: 517653(all) = 434032(in) + 83621(out)---压缩比:19.04%---

 13%|█▎        | 199/1563 [57:38<7:26:26, 19.64s/it]本次token消耗: 2772
------当前第199章节 ~ 第199章节 ：199------当前token消耗: 520425(all) = 436486(in) + 83939(out)---压缩比:19.0%---

 13%|█▎        | 200/1563 [57:51<6:47:01, 17.92s/it]本次token消耗: 2996
------当前第200章节 ~ 第200章节 ：200------当前token消耗: 523421(all) = 439060(in) + 84361(out)---压缩比:18.98%---

 13%|█▎        | 201/1563 [58:09<6:46:16, 17.90s/it]本次token消耗: 2809
------当前第201章节 ~ 第201章节 ：201------当前token消耗: 526230(all) = 441504(in) + 84726(out)---压缩比:18.95%---

 13%|█▎        | 202/1563 [58:25<6:33:28, 17.35s/it]本次token消耗: 2951
------当前第202章节 ~ 第202章节 ：202------当前token消耗: 529181(all) = 443895(in) + 85286(out)---压缩比:18.98%---

 13%|█▎        | 203/1563 [58:48<7:10:01, 18.97s/it]本次token消耗: 2900
------当前第203章节 ~ 第203章节 ：203------当前token消耗: 532081(all) = 446230(in) + 85851(out)---压缩比:19.0%---

 13%|█▎        | 204/1563 [59:11<7:37:02, 20.18s/it]本次token消耗: 2852
------当前第204章节 ~ 第204章节 ：204------当前token消耗: 534933(all) = 448678(in) + 86255(out)---压缩比:18.99%---

 13%|█▎        | 205/1563 [59:28<7:16:38, 19.29s/it]本次token消耗: 2701
------当前第205章节 ~ 第205章节 ：205------当前token消耗: 537634(all) = 451024(in) + 86610(out)---压缩比:18.97%---

 13%|█▎        | 206/1563 [59:43<6:48:05, 18.04s/it]本次token消耗: 2770
------当前第206章节 ~ 第206章节 ：206------当前token消耗: 540404(all) = 453455(in) + 86949(out)---压缩比:18.94%---

 13%|█▎        | 207/1563 [59:58<6:25:09, 17.04s/it]本次token消耗: 2888
------当前第207章节 ~ 第207章节 ：207------当前token消耗: 543292(all) = 455779(in) + 87513(out)---压缩比:18.97%---

 13%|█▎        | 208/1563 [1:00:21<7:03:59, 18.77s/it]本次token消耗: 2739
------当前第208章节 ~ 第208章节 ：208------当前token消耗: 546031(all) = 458163(in) + 87868(out)---压缩比:18.95%---

 13%|█▎        | 209/1563 [1:00:36<6:39:38, 17.71s/it]本次token消耗: 2879
------当前第209章节 ~ 第209章节 ：209------当前token消耗: 548910(all) = 460679(in) + 88231(out)---压缩比:18.93%---

 13%|█▎        | 210/1563 [1:00:52<6:25:19, 17.09s/it]本次token消耗: 2929
------当前第210章节 ~ 第210章节 ：210------当前token消耗: 551839(all) = 463190(in) + 88649(out)---压缩比:18.91%---

 13%|█▎        | 211/1563 [1:01:10<6:29:50, 17.30s/it]本次token消耗: 2961
------当前第211章节 ~ 第211章节 ：211------当前token消耗: 554800(all) = 465805(in) + 88995(out)---压缩比:18.88%---

 14%|█▎        | 212/1563 [1:01:25<6:14:20, 16.63s/it]本次token消耗: 2747
------当前第212章节 ~ 第212章节 ：212------当前token消耗: 557547(all) = 468224(in) + 89323(out)---压缩比:18.85%---

 14%|█▎        | 213/1563 [1:01:39<5:59:13, 15.97s/it]本次token消耗: 2960
------当前第213章节 ~ 第213章节 ：213------当前token消耗: 560507(all) = 470615(in) + 89892(out)---压缩比:18.87%---

 14%|█▎        | 214/1563 [1:02:03<6:49:57, 18.23s/it]本次token消耗: 2884
------当前第214章节 ~ 第214章节 ：214------当前token消耗: 563391(all) = 472966(in) + 90425(out)---压缩比:18.88%---

 14%|█▍        | 215/1563 [1:02:24<7:13:45, 19.31s/it]本次token消耗: 2894
------当前第215章节 ~ 第215章节 ：215------当前token消耗: 566285(all) = 475489(in) + 90796(out)---压缩比:18.86%---

 14%|█▍        | 216/1563 [1:02:40<6:49:54, 18.26s/it]本次token消耗: 3072
------当前第216章节 ~ 第216章节 ：216------当前token消耗: 569357(all) = 477969(in) + 91388(out)---压缩比:18.89%---

 14%|█▍        | 217/1563 [1:03:04<7:26:58, 19.92s/it]本次token消耗: 2898
------当前第217章节 ~ 第217章节 ：217------当前token消耗: 572255(all) = 480437(in) + 91818(out)---压缩比:18.88%---

 14%|█▍        | 218/1563 [1:03:22<7:15:49, 19.44s/it]本次token消耗: 2870
------当前第218章节 ~ 第218章节 ：218------当前token消耗: 575125(all) = 482894(in) + 92231(out)---压缩比:18.87%---

 14%|█▍        | 219/1563 [1:03:40<7:03:08, 18.89s/it]本次token消耗: 2843
------当前第219章节 ~ 第219章节 ：219------当前token消耗: 577968(all) = 485275(in) + 92693(out)---压缩比:18.88%---

 14%|█▍        | 220/1563 [1:03:59<7:05:03, 18.99s/it]本次token消耗: 2774
------当前第220章节 ~ 第220章节 ：220------当前token消耗: 580742(all) = 487704(in) + 93038(out)---压缩比:18.86%---

 14%|█▍        | 221/1563 [1:04:14<6:38:03, 17.80s/it]本次token消耗: 2722
------当前第221章节 ~ 第221章节 ：221------当前token消耗: 583464(all) = 490125(in) + 93339(out)---压缩比:18.83%---

 14%|█▍        | 222/1563 [1:04:28<6:07:37, 16.45s/it]本次token消耗: 2674
------当前第222章节 ~ 第222章节 ：222------当前token消耗: 586138(all) = 492497(in) + 93641(out)---压缩比:18.79%---

 14%|█▍        | 223/1563 [1:04:41<5:45:51, 15.49s/it]本次token消耗: 2929
------当前第223章节 ~ 第223章节 ：223------当前token消耗: 589067(all) = 494967(in) + 94100(out)---压缩比:18.79%---

 14%|█▍        | 224/1563 [1:05:00<6:09:13, 16.55s/it]本次token消耗: 2756
------当前第224章节 ~ 第224章节 ：224------当前token消耗: 591823(all) = 497387(in) + 94436(out)---压缩比:18.76%---

 14%|█▍        | 225/1563 [1:05:14<5:55:40, 15.95s/it]本次token消耗: 2969
------当前第225章节 ~ 第225章节 ：225------当前token消耗: 594792(all) = 499896(in) + 94896(out)---压缩比:18.76%---

 14%|█▍        | 226/1563 [1:05:34<6:17:41, 16.95s/it]本次token消耗: 3139
------当前第226章节 ~ 第226章节 ：226------当前token消耗: 597931(all) = 502294(in) + 95637(out)---压缩比:18.81%---

 15%|█▍        | 227/1563 [1:06:03<7:40:30, 20.68s/it]本次token消耗: 2839
------当前第227章节 ~ 第227章节 ：227------当前token消耗: 600770(all) = 504666(in) + 96104(out)---压缩比:18.81%---

 15%|█▍        | 228/1563 [1:06:22<7:30:35, 20.25s/it]本次token消耗: 2972
------当前第228章节 ~ 第228章节 ：228------当前token消耗: 603742(all) = 507116(in) + 96626(out)---压缩比:18.82%---

 15%|█▍        | 229/1563 [1:06:43<7:36:13, 20.52s/it]本次token消耗: 3182
------当前第229章节 ~ 第229章节 ：229------当前token消耗: 606924(all) = 509722(in) + 97202(out)---压缩比:18.83%---

 15%|█▍        | 230/1563 [1:07:07<7:54:19, 21.35s/it]本次token消耗: 3012
------当前第230章节 ~ 第230章节 ：230------当前token消耗: 609936(all) = 512184(in) + 97752(out)---压缩比:18.84%---

 15%|█▍        | 231/1563 [1:07:29<8:00:08, 21.63s/it]本次token消耗: 2865
------当前第231章节 ~ 第231章节 ：231------当前token消耗: 612801(all) = 514678(in) + 98123(out)---压缩比:18.82%---

 15%|█▍        | 232/1563 [1:07:45<7:21:07, 19.89s/it]本次token消耗: 2735
------当前第232章节 ~ 第232章节 ：232------当前token消耗: 615536(all) = 517144(in) + 98392(out)---压缩比:18.78%---

 15%|█▍        | 233/1563 [1:07:57<6:29:51, 17.59s/it]本次token消耗: 2746
------当前第233章节 ~ 第233章节 ：233------当前token消耗: 618282(all) = 519609(in) + 98673(out)---压缩比:18.75%---

 15%|█▍        | 234/1563 [1:08:10<5:56:15, 16.08s/it]本次token消耗: 2920
------当前第234章节 ~ 第234章节 ：234------当前token消耗: 621202(all) = 522035(in) + 99167(out)---压缩比:18.76%---

 15%|█▌        | 235/1563 [1:08:30<6:24:09, 17.36s/it]本次token消耗: 2786
------当前第235章节 ~ 第235章节 ：235------当前token消耗: 623988(all) = 524467(in) + 99521(out)---压缩比:18.74%---

 15%|█▌        | 236/1563 [1:08:45<6:10:57, 16.77s/it]本次token消耗: 2997
------当前第236章节 ~ 第236章节 ：236------当前token消耗: 626985(all) = 526918(in) + 100067(out)---压缩比:18.74%---

 15%|█▌        | 237/1563 [1:09:08<6:47:50, 18.45s/it]本次token消耗: 3106
------当前第237章节 ~ 第237章节 ：237------当前token消耗: 630091(all) = 529540(in) + 100551(out)---压缩比:18.74%---

 15%|█▌        | 238/1563 [1:09:28<6:58:37, 18.96s/it]本次token消耗: 3039
------当前第238章节 ~ 第238章节 ：238------当前token消耗: 633130(all) = 532027(in) + 101103(out)---压缩比:18.75%---

 15%|█▌        | 239/1563 [1:09:50<7:21:24, 20.00s/it]本次token消耗: 2720
------当前第239章节 ~ 第239章节 ：239------当前token消耗: 635850(all) = 534365(in) + 101485(out)---压缩比:18.74%---

 15%|█▌        | 240/1563 [1:10:07<6:56:39, 18.90s/it]本次token消耗: 2908
------当前第240章节 ~ 第240章节 ：240------当前token消耗: 638758(all) = 536871(in) + 101887(out)---压缩比:18.72%---

 15%|█▌        | 241/1563 [1:10:24<6:44:18, 18.35s/it]本次token消耗: 3181
------当前第241章节 ~ 第241章节 ：241------当前token消耗: 641939(all) = 539335(in) + 102604(out)---压缩比:18.76%---

 15%|█▌        | 242/1563 [1:10:52<7:52:22, 21.46s/it]本次token消耗: 3127
------当前第242章节 ~ 第242章节 ：242------当前token消耗: 645066(all) = 541892(in) + 103174(out)---压缩比:18.78%---

 16%|█▌        | 243/1563 [1:11:16<8:03:15, 21.97s/it]本次token消耗: 2927
------当前第243章节 ~ 第243章节 ：243------当前token消耗: 647993(all) = 544366(in) + 103627(out)---压缩比:18.77%---

 16%|█▌        | 244/1563 [1:11:34<7:42:03, 21.02s/it]本次token消耗: 3008
------当前第244章节 ~ 第244章节 ：244------当前token消耗: 651001(all) = 546854(in) + 104147(out)---压缩比:18.78%---

 16%|█▌        | 245/1563 [1:11:56<7:44:02, 21.12s/it]本次token消耗: 2839
------当前第245章节 ~ 第245章节 ：245------当前token消耗: 653840(all) = 549250(in) + 104590(out)---压缩比:18.78%---

 16%|█▌        | 246/1563 [1:12:14<7:25:18, 20.29s/it]本次token消耗: 2983
------当前第246章节 ~ 第246章节 ：246------当前token消耗: 656823(all) = 551724(in) + 105099(out)---压缩比:18.78%---

 16%|█▌        | 247/1563 [1:12:35<7:29:23, 20.49s/it]本次token消耗: 2902
------当前第247章节 ~ 第247章节 ：247------当前token消耗: 659725(all) = 554253(in) + 105472(out)---压缩比:18.76%---

 16%|█▌        | 248/1563 [1:12:51<6:59:09, 19.12s/it]本次token消耗: 3245
------当前第248章节 ~ 第248章节 ：248------当前token消耗: 662970(all) = 556884(in) + 106086(out)---压缩比:18.78%---

 16%|█▌        | 249/1563 [1:13:16<7:36:20, 20.84s/it]本次token消耗: 3065
------当前第249章节 ~ 第249章节 ：249------当前token消耗: 666035(all) = 559425(in) + 106610(out)---压缩比:18.78%---

 16%|█▌        | 250/1563 [1:13:37<7:39:46, 21.01s/it]本次token消耗: 2860
------当前第250章节 ~ 第250章节 ：250------当前token消耗: 668895(all) = 561850(in) + 107045(out)---压缩比:18.78%---

 16%|█▌        | 251/1563 [1:13:55<7:20:34, 20.15s/it]本次token消耗: 2678
------当前第251章节 ~ 第251章节 ：251------当前token消耗: 671573(all) = 564215(in) + 107358(out)---压缩比:18.75%---

 16%|█▌        | 252/1563 [1:14:09<6:37:50, 18.21s/it]本次token消耗: 2762
------当前第252章节 ~ 第252章节 ：252------当前token消耗: 674335(all) = 566667(in) + 107668(out)---压缩比:18.73%---

 16%|█▌        | 253/1563 [1:14:23<6:07:45, 16.84s/it]本次token消耗: 5398
------当前第253章节 ~ 第253章节 ：253------当前token消耗: 679733(all) = 571617(in) + 108116(out)---压缩比:18.64%---

 16%|█▋        | 254/1563 [1:14:44<6:37:06, 18.20s/it]本次token消耗: 2775
------当前第254章节 ~ 第254章节 ：254------当前token消耗: 682508(all) = 573975(in) + 108533(out)---压缩比:18.64%---

 16%|█▋        | 255/1563 [1:15:01<6:31:34, 17.96s/it]本次token消耗: 2698
------当前第255章节 ~ 第255章节 ：255------当前token消耗: 685206(all) = 576334(in) + 108872(out)---压缩比:18.62%---

 16%|█▋        | 256/1563 [1:15:16<6:09:18, 16.95s/it]本次token消耗: 2743
------当前第256章节 ~ 第256章节 ：256------当前token消耗: 687949(all) = 578640(in) + 109309(out)---压缩比:18.61%---

 16%|█▋        | 257/1563 [1:15:34<6:17:11, 17.33s/it]本次token消耗: 2790
------当前第257章节 ~ 第257章节 ：257------当前token消耗: 690739(all) = 581028(in) + 109711(out)---压缩比:18.6%---

 17%|█▋        | 258/1563 [1:15:51<6:13:34, 17.18s/it]本次token消耗: 2831
------当前第258章节 ~ 第258章节 ：258------当前token消耗: 693570(all) = 583421(in) + 110149(out)---压缩比:18.6%---

 17%|█▋        | 259/1563 [1:16:09<6:19:34, 17.47s/it]本次token消耗: 2853
------当前第259章节 ~ 第259章节 ：259------当前token消耗: 696423(all) = 585914(in) + 110509(out)---压缩比:18.58%---

 17%|█▋        | 260/1563 [1:16:25<6:05:59, 16.85s/it]本次token消耗: 2758
------当前第260章节 ~ 第260章节 ：260------当前token消耗: 699181(all) = 588263(in) + 110918(out)---压缩比:18.57%---

 17%|█▋        | 261/1563 [1:16:42<6:06:57, 16.91s/it]本次token消耗: 2804
------当前第261章节 ~ 第261章节 ：261------当前token消耗: 701985(all) = 590632(in) + 111353(out)---压缩比:18.57%---

 17%|█▋        | 262/1563 [1:17:00<6:14:23, 17.27s/it]本次token消耗: 2973
------当前第262章节 ~ 第262章节 ：262------当前token消耗: 704958(all) = 593063(in) + 111895(out)---压缩比:18.59%---

 17%|█▋        | 263/1563 [1:17:22<6:45:37, 18.72s/it]本次token消耗: 2814
------当前第263章节 ~ 第263章节 ：263------当前token消耗: 707772(all) = 595445(in) + 112327(out)---压缩比:18.58%---

 17%|█▋        | 264/1563 [1:17:40<6:40:58, 18.52s/it]本次token消耗: 2834
------当前第264章节 ~ 第264章节 ：264------当前token消耗: 710606(all) = 597847(in) + 112759(out)---压缩比:18.58%---

 17%|█▋        | 265/1563 [1:17:58<6:37:57, 18.40s/it]本次token消耗: 2845
------当前第265章节 ~ 第265章节 ：265------当前token消耗: 713451(all) = 600283(in) + 113168(out)---压缩比:18.57%---

 17%|█▋        | 266/1563 [1:18:15<6:30:15, 18.05s/it]本次token消耗: 2872
------当前第266章节 ~ 第266章节 ：266------当前token消耗: 716323(all) = 602713(in) + 113610(out)---压缩比:18.56%---

 17%|█▋        | 267/1563 [1:18:34<6:31:36, 18.13s/it]本次token消耗: 2956
------当前第267章节 ~ 第267章节 ：267------当前token消耗: 719279(all) = 605172(in) + 114107(out)---压缩比:18.57%---

 17%|█▋        | 268/1563 [1:18:54<6:46:10, 18.82s/it]本次token消耗: 3023
------当前第268章节 ~ 第268章节 ：268------当前token消耗: 722302(all) = 607676(in) + 114626(out)---压缩比:18.57%---

 17%|█▋        | 269/1563 [1:19:15<7:02:24, 19.59s/it]本次token消耗: 2832
------当前第269章节 ~ 第269章节 ：269------当前token消耗: 725134(all) = 610160(in) + 114974(out)---压缩比:18.55%---

 17%|█▋        | 270/1563 [1:19:31<6:33:06, 18.24s/it]本次token消耗: 2695
------当前第270章节 ~ 第270章节 ：270------当前token消耗: 727829(all) = 612563(in) + 115266(out)---压缩比:18.52%---

 17%|█▋        | 271/1563 [1:19:43<5:58:40, 16.66s/it]本次token消耗: 2815
------当前第271章节 ~ 第271章节 ：271------当前token消耗: 730644(all) = 615002(in) + 115642(out)---压缩比:18.51%---

 17%|█▋        | 272/1563 [1:19:59<5:54:03, 16.46s/it]本次token消耗: 2899
------当前第272章节 ~ 第272章节 ：272------当前token消耗: 733543(all) = 617495(in) + 116048(out)---压缩比:18.5%---

 17%|█▋        | 273/1563 [1:20:17<5:58:08, 16.66s/it]本次token消耗: 2666
------当前第273章节 ~ 第273章节 ：273------当前token消耗: 736209(all) = 619814(in) + 116395(out)---压缩比:18.49%---

 18%|█▊        | 274/1563 [1:20:32<5:47:46, 16.19s/it]本次token消耗: 2937
------当前第274章节 ~ 第274章节 ：274------当前token消耗: 739146(all) = 622488(in) + 116658(out)---压缩比:18.45%---

 18%|█▊        | 275/1563 [1:20:44<5:22:04, 15.00s/it]本次token消耗: 2820
------当前第275章节 ~ 第275章节 ：275------当前token消耗: 741966(all) = 624931(in) + 117035(out)---压缩比:18.45%---

 18%|█▊        | 276/1563 [1:21:00<5:29:26, 15.36s/it]本次token消耗: 2710
------当前第276章节 ~ 第276章节 ：276------当前token消耗: 744676(all) = 627247(in) + 117429(out)---压缩比:18.44%---

 18%|█▊        | 277/1563 [1:21:17<5:39:49, 15.86s/it]本次token消耗: 2733
------当前第277章节 ~ 第277章节 ：277------当前token消耗: 747409(all) = 629623(in) + 117786(out)---压缩比:18.43%---

 18%|█▊        | 278/1563 [1:21:32<5:35:20, 15.66s/it]本次token消耗: 3009
------当前第278章节 ~ 第278章节 ：278------当前token消耗: 750418(all) = 632065(in) + 118353(out)---压缩比:18.44%---

 18%|█▊        | 279/1563 [1:21:55<6:21:04, 17.81s/it]本次token消耗: 2707
------当前第279章节 ~ 第279章节 ：279------当前token消耗: 753125(all) = 634397(in) + 118728(out)---压缩比:18.43%---

 18%|█▊        | 280/1563 [1:22:11<6:08:31, 17.23s/it]本次token消耗: 2954
------当前第280章节 ~ 第280章节 ：280------当前token消耗: 756079(all) = 636817(in) + 119262(out)---压缩比:18.44%---

 18%|█▊        | 281/1563 [1:22:33<6:36:09, 18.54s/it]本次token消耗: 2789
------当前第281章节 ~ 第281章节 ：281------当前token消耗: 758868(all) = 639164(in) + 119704(out)---压缩比:18.45%---

 18%|█▊        | 282/1563 [1:22:51<6:35:25, 18.52s/it]本次token消耗: 2881
------当前第282章节 ~ 第282章节 ：282------当前token消耗: 761749(all) = 641491(in) + 120258(out)---压缩比:18.47%---

 18%|█▊        | 283/1563 [1:23:13<6:59:33, 19.67s/it]本次token消耗: 2712
------当前第283章节 ~ 第283章节 ：283------当前token消耗: 764461(all) = 643879(in) + 120582(out)---压缩比:18.45%---

 18%|█▊        | 284/1563 [1:23:28<6:23:16, 17.98s/it]本次token消耗: 2710
------当前第284章节 ~ 第284章节 ：284------当前token消耗: 767171(all) = 646246(in) + 120925(out)---压缩比:18.43%---

 18%|█▊        | 285/1563 [1:23:42<6:01:29, 16.97s/it]本次token消耗: 2840
------当前第285章节 ~ 第285章节 ：285------当前token消耗: 770011(all) = 648670(in) + 121341(out)---压缩比:18.42%---

 18%|█▊        | 286/1563 [1:23:59<6:03:36, 17.08s/it]本次token消耗: 2818
------当前第286章节 ~ 第286章节 ：286------当前token消耗: 772829(all) = 651004(in) + 121825(out)---压缩比:18.43%---

 18%|█▊        | 287/1563 [1:24:19<6:19:58, 17.87s/it]本次token消耗: 2747
------当前第287章节 ~ 第287章节 ：287------当前token消耗: 775576(all) = 653390(in) + 122186(out)---压缩比:18.41%---

 18%|█▊        | 288/1563 [1:24:35<6:03:35, 17.11s/it]本次token消耗: 2981
------当前第288章节 ~ 第288章节 ：288------当前token消耗: 778557(all) = 655742(in) + 122815(out)---压缩比:18.44%---

 18%|█▊        | 289/1563 [1:25:00<6:55:44, 19.58s/it]本次token消耗: 2786
------当前第289章节 ~ 第289章节 ：289------当前token消耗: 781343(all) = 658190(in) + 123153(out)---压缩比:18.42%---

 19%|█▊        | 290/1563 [1:25:15<6:24:50, 18.14s/it]本次token消耗: 2894
------当前第290章节 ~ 第290章节 ：290------当前token消耗: 784237(all) = 660665(in) + 123572(out)---压缩比:18.41%---

 19%|█▊        | 291/1563 [1:25:32<6:21:18, 17.99s/it]本次token消耗: 2929
------当前第291章节 ~ 第291章节 ：291------当前token消耗: 787166(all) = 663127(in) + 124039(out)---压缩比:18.42%---

 19%|█▊        | 292/1563 [1:25:52<6:29:47, 18.40s/it]本次token消耗: 2853
------当前第292章节 ~ 第292章节 ：292------当前token消耗: 790019(all) = 665479(in) + 124540(out)---压缩比:18.42%---

 19%|█▊        | 293/1563 [1:26:12<6:42:29, 19.02s/it]本次token消耗: 2941
------当前第293章节 ~ 第293章节 ：293------当前token消耗: 792960(all) = 668042(in) + 124918(out)---压缩比:18.41%---

 19%|█▉        | 294/1563 [1:26:28<6:23:38, 18.14s/it]本次token消耗: 2922
------当前第294章节 ~ 第294章节 ：294------当前token消耗: 795882(all) = 670463(in) + 125419(out)---压缩比:18.42%---

 19%|█▉        | 295/1563 [1:26:49<6:37:24, 18.81s/it]本次token消耗: 2974
------当前第295章节 ~ 第295章节 ：295------当前token消耗: 798856(all) = 672926(in) + 125930(out)---压缩比:18.43%---

 19%|█▉        | 296/1563 [1:27:09<6:50:02, 19.42s/it]本次token消耗: 2909
------当前第296章节 ~ 第296章节 ：296------当前token消耗: 801765(all) = 675404(in) + 126361(out)---压缩比:18.42%---

 19%|█▉        | 297/1563 [1:27:28<6:41:46, 19.04s/it]本次token消耗: 2961
------当前第297章节 ~ 第297章节 ：297------当前token消耗: 804726(all) = 677886(in) + 126840(out)---压缩比:18.43%---

 19%|█▉        | 298/1563 [1:27:48<6:47:40, 19.34s/it]本次token消耗: 3094
------当前第298章节 ~ 第298章节 ：298------当前token消耗: 807820(all) = 680404(in) + 127416(out)---压缩比:18.45%---

 19%|█▉        | 299/1563 [1:28:11<7:12:06, 20.51s/it]本次token消耗: 2771
------当前第299章节 ~ 第299章节 ：299------当前token消耗: 810591(all) = 682828(in) + 127763(out)---压缩比:18.43%---

 19%|█▉        | 300/1563 [1:28:26<6:37:33, 18.89s/it]本次token消耗: 2737
------当前第300章节 ~ 第300章节 ：300------当前token消耗: 813328(all) = 685228(in) + 128100(out)---压缩比:18.41%---

 19%|█▉        | 301/1563 [1:28:41<6:11:09, 17.65s/it]本次token消耗: 2771
------当前第301章节 ~ 第301章节 ：301------当前token消耗: 816099(all) = 687539(in) + 128560(out)---压缩比:18.42%---

 19%|█▉        | 302/1563 [1:29:00<6:20:07, 18.09s/it]本次token消耗: 2796
------当前第302章节 ~ 第302章节 ：302------当前token消耗: 818895(all) = 689963(in) + 128932(out)---压缩比:18.41%---

 19%|█▉        | 303/1563 [1:29:16<6:06:00, 17.43s/it]本次token消耗: 3128
------当前第303章节 ~ 第303章节 ：303------当前token消耗: 822023(all) = 692455(in) + 129568(out)---压缩比:18.43%---

 19%|█▉        | 304/1563 [1:29:41<6:56:09, 19.83s/it]本次token消耗: 3234
------当前第304章节 ~ 第304章节 ：304------当前token消耗: 825257(all) = 695142(in) + 130115(out)---压缩比:18.43%---

 20%|█▉        | 305/1563 [1:30:03<7:11:20, 20.57s/it]本次token消耗: 2923
------当前第305章节 ~ 第305章节 ：305------当前token消耗: 828180(all) = 697648(in) + 130532(out)---压缩比:18.42%---

 20%|█▉        | 306/1563 [1:30:21<6:51:14, 19.63s/it]本次token消耗: 2737
------当前第306章节 ~ 第306章节 ：306------当前token消耗: 830917(all) = 700068(in) + 130849(out)---压缩比:18.4%---

 20%|█▉        | 307/1563 [1:30:35<6:15:28, 17.94s/it]本次token消耗: 2913
------当前第307章节 ~ 第307章节 ：307------当前token消耗: 833830(all) = 702519(in) + 131311(out)---压缩比:18.4%---

 20%|█▉        | 308/1563 [1:30:54<6:22:06, 18.27s/it]本次token消耗: 2946
------当前第308章节 ~ 第308章节 ：308------当前token消耗: 836776(all) = 705010(in) + 131766(out)---压缩比:18.39%---

 20%|█▉        | 309/1563 [1:31:13<6:25:41, 18.45s/it]本次token消耗: 2909
------当前第309章节 ~ 第309章节 ：309------当前token消耗: 839685(all) = 707503(in) + 132182(out)---压缩比:18.39%---

 20%|█▉        | 310/1563 [1:31:30<6:20:09, 18.20s/it]本次token消耗: 2780
------当前第310章节 ~ 第310章节 ：310------当前token消耗: 842465(all) = 709886(in) + 132579(out)---压缩比:18.38%---

 20%|█▉        | 311/1563 [1:31:47<6:10:19, 17.75s/it]本次token消耗: 2733
------当前第311章节 ~ 第311章节 ：311------当前token消耗: 845198(all) = 712268(in) + 132930(out)---压缩比:18.37%---

 20%|█▉        | 312/1563 [1:32:02<5:53:45, 16.97s/it]本次token消耗: 2886
------当前第312章节 ~ 第312章节 ：312------当前token消耗: 848084(all) = 714719(in) + 133365(out)---压缩比:18.37%---

 20%|██        | 313/1563 [1:32:20<6:01:20, 17.34s/it]本次token消耗: 2674
------当前第313章节 ~ 第313章节 ：313------当前token消耗: 850758(all) = 717065(in) + 133693(out)---压缩比:18.35%---

 20%|██        | 314/1563 [1:32:35<5:41:00, 16.38s/it]本次token消耗: 2862
------当前第314章节 ~ 第314章节 ：314------当前token消耗: 853620(all) = 719449(in) + 134171(out)---压缩比:18.36%---

 20%|██        | 315/1563 [1:32:54<6:02:27, 17.43s/it]本次token消耗: 2690
------当前第315章节 ~ 第315章节 ：315------当前token消耗: 856310(all) = 721711(in) + 134599(out)---压缩比:18.36%---

 20%|██        | 316/1563 [1:33:12<6:03:44, 17.50s/it]本次token消耗: 2909
------当前第316章节 ~ 第316章节 ：316------当前token消耗: 859219(all) = 724144(in) + 135075(out)---压缩比:18.36%---

 20%|██        | 317/1563 [1:33:32<6:16:37, 18.14s/it]本次token消耗: 2793
------当前第317章节 ~ 第317章节 ：317------当前token消耗: 862012(all) = 726620(in) + 135392(out)---压缩比:18.34%---

 20%|██        | 318/1563 [1:33:46<5:49:30, 16.84s/it]本次token消耗: 2927
------当前第318章节 ~ 第318章节 ：318------当前token消耗: 864939(all) = 729103(in) + 135836(out)---压缩比:18.34%---

 20%|██        | 319/1563 [1:34:04<5:59:27, 17.34s/it]本次token消耗: 2747
------当前第319章节 ~ 第319章节 ：319------当前token消耗: 867686(all) = 731503(in) + 136183(out)---压缩比:18.33%---

 20%|██        | 320/1563 [1:34:19<5:44:22, 16.62s/it]本次token消耗: 2921
------当前第320章节 ~ 第320章节 ：320------当前token消耗: 870607(all) = 733929(in) + 136678(out)---压缩比:18.33%---

 21%|██        | 321/1563 [1:34:40<6:08:39, 17.81s/it]本次token消耗: 3039
------当前第321章节 ~ 第321章节 ：321------当前token消耗: 873646(all) = 736404(in) + 137242(out)---压缩比:18.34%---

 21%|██        | 322/1563 [1:35:02<6:39:43, 19.33s/it]本次token消耗: 2991
------当前第322章节 ~ 第322章节 ：322------当前token消耗: 876637(all) = 738858(in) + 137779(out)---压缩比:18.35%---

 21%|██        | 323/1563 [1:35:24<6:55:12, 20.09s/it]本次token消耗: 2757
------当前第323章节 ~ 第323章节 ：323------当前token消耗: 879394(all) = 741291(in) + 138103(out)---压缩比:18.34%---

 21%|██        | 324/1563 [1:35:38<6:17:59, 18.30s/it]本次token消耗: 2857
------当前第324章节 ~ 第324章节 ：324------当前token消耗: 882251(all) = 743783(in) + 138468(out)---压缩比:18.32%---

 21%|██        | 325/1563 [1:35:54<6:01:20, 17.51s/it]本次token消耗: 2936
------当前第325章节 ~ 第325章节 ：325------当前token消耗: 885187(all) = 746257(in) + 138930(out)---压缩比:18.32%---

 21%|██        | 326/1563 [1:36:13<6:10:56, 17.99s/it]本次token消耗: 3063
------当前第326章节 ~ 第326章节 ：326------当前token消耗: 888250(all) = 748699(in) + 139551(out)---压缩比:18.35%---

 21%|██        | 327/1563 [1:36:39<6:55:43, 20.18s/it]本次token消耗: 2816
------当前第327章节 ~ 第327章节 ：327------当前token消耗: 891066(all) = 751170(in) + 139896(out)---压缩比:18.33%---

 21%|██        | 328/1563 [1:36:53<6:23:08, 18.61s/it]本次token消耗: 3081
------当前第328章节 ~ 第328章节 ：328------当前token消耗: 894147(all) = 753686(in) + 140461(out)---压缩比:18.34%---

 21%|██        | 329/1563 [1:37:16<6:48:47, 19.88s/it]本次token消耗: 2960
------当前第329章节 ~ 第329章节 ：329------当前token消耗: 897107(all) = 756154(in) + 140953(out)---压缩比:18.34%---

 21%|██        | 330/1563 [1:37:37<6:51:43, 20.03s/it]本次token消耗: 2988
------当前第330章节 ~ 第330章节 ：330------当前token消耗: 900095(all) = 758686(in) + 141409(out)---压缩比:18.34%---

 21%|██        | 331/1563 [1:37:56<6:45:54, 19.77s/it]本次token消耗: 2994
------当前第331章节 ~ 第331章节 ：331------当前token消耗: 903089(all) = 761212(in) + 141877(out)---压缩比:18.33%---

 21%|██        | 332/1563 [1:38:15<6:42:52, 19.64s/it]本次token消耗: 2798
------当前第332章节 ~ 第332章节 ：332------当前token消耗: 905887(all) = 763687(in) + 142200(out)---压缩比:18.31%---

 21%|██▏       | 333/1563 [1:38:30<6:09:55, 18.05s/it]本次token消耗: 3020
------当前第333章节 ~ 第333章节 ：333------当前token消耗: 908907(all) = 766259(in) + 142648(out)---压缩比:18.31%---

 21%|██▏       | 334/1563 [1:38:48<6:15:26, 18.33s/it]本次token消耗: 2732
------当前第334章节 ~ 第334章节 ：334------当前token消耗: 911639(all) = 768646(in) + 142993(out)---压缩比:18.3%---

 21%|██▏       | 335/1563 [1:39:03<5:53:43, 17.28s/it]本次token消耗: 2797
------当前第335章节 ~ 第335章节 ：335------当前token消耗: 914436(all) = 771043(in) + 143393(out)---压缩比:18.29%---

 21%|██▏       | 336/1563 [1:39:20<5:51:26, 17.19s/it]本次token消耗: 2702
------当前第336章节 ~ 第336章节 ：336------当前token消耗: 917138(all) = 773437(in) + 143701(out)---压缩比:18.27%---

 22%|██▏       | 337/1563 [1:39:34<5:28:15, 16.06s/it]本次token消耗: 3125
------当前第337章节 ~ 第337章节 ：337------当前token消耗: 920263(all) = 775839(in) + 144424(out)---压缩比:18.31%---

 22%|██▏       | 338/1563 [1:40:02<6:45:09, 19.84s/it]本次token消耗: 3110
------当前第338章节 ~ 第338章节 ：338------当前token消耗: 923373(all) = 778382(in) + 144991(out)---压缩比:18.31%---

 22%|██▏       | 339/1563 [1:40:26<7:05:23, 20.85s/it]本次token消耗: 2819
------当前第339章节 ~ 第339章节 ：339------当前token消耗: 926192(all) = 780807(in) + 145385(out)---压缩比:18.3%---

 22%|██▏       | 340/1563 [1:40:42<6:40:00, 19.62s/it]本次token消耗: 2761
------当前第340章节 ~ 第340章节 ：340------当前token消耗: 928953(all) = 783121(in) + 145832(out)---压缩比:18.3%---

 22%|██▏       | 341/1563 [1:41:01<6:32:13, 19.26s/it]本次token消耗: 2877
------当前第341章节 ~ 第341章节 ：341------当前token消耗: 931830(all) = 785536(in) + 146294(out)---压缩比:18.31%---

 22%|██▏       | 342/1563 [1:41:20<6:31:14, 19.23s/it]本次token消耗: 2851
------当前第342章节 ~ 第342章节 ：342------当前token消耗: 934681(all) = 787968(in) + 146713(out)---压缩比:18.3%---

 22%|██▏       | 343/1563 [1:41:38<6:21:02, 18.74s/it]本次token消耗: 2794
------当前第343章节 ~ 第343章节 ：343------当前token消耗: 937475(all) = 790367(in) + 147108(out)---压缩比:18.29%---

 22%|██▏       | 344/1563 [1:41:54<6:07:35, 18.09s/it]本次token消耗: 2833
------当前第344章节 ~ 第344章节 ：344------当前token消耗: 940308(all) = 792816(in) + 147492(out)---压缩比:18.28%---

 22%|██▏       | 345/1563 [1:42:10<5:55:34, 17.52s/it]本次token消耗: 2903
------当前第345章节 ~ 第345章节 ：345------当前token消耗: 943211(all) = 795284(in) + 147927(out)---压缩比:18.28%---

 22%|██▏       | 346/1563 [1:42:29<6:01:10, 17.81s/it]本次token消耗: 2929
------当前第346章节 ~ 第346章节 ：346------当前token消耗: 946140(all) = 797628(in) + 148512(out)---压缩比:18.3%---

 22%|██▏       | 347/1563 [1:42:52<6:36:16, 19.55s/it]本次token消耗: 3069
------当前第347章节 ~ 第347章节 ：347------当前token消耗: 949209(all) = 800078(in) + 149131(out)---压缩比:18.32%---

 22%|██▏       | 348/1563 [1:43:17<7:06:51, 21.08s/it]本次token消耗: 2794
------当前第348章节 ~ 第348章节 ：348------当前token消耗: 952003(all) = 802479(in) + 149524(out)---压缩比:18.31%---

 22%|██▏       | 349/1563 [1:43:34<6:39:22, 19.74s/it]本次token消耗: 2959
------当前第349章节 ~ 第349章节 ：349------当前token消耗: 954962(all) = 804892(in) + 150070(out)---压缩比:18.32%---

 22%|██▏       | 350/1563 [1:43:56<6:53:59, 20.48s/it]本次token消耗: 2763
------当前第350章节 ~ 第350章节 ：350------当前token消耗: 957725(all) = 807312(in) + 150413(out)---压缩比:18.31%---

 22%|██▏       | 351/1563 [1:44:11<6:19:09, 18.77s/it]本次token消耗: 2917
------当前第351章节 ~ 第351章节 ：351------当前token消耗: 960642(all) = 809758(in) + 150884(out)---压缩比:18.31%---

 23%|██▎       | 352/1563 [1:44:30<6:22:48, 18.97s/it]本次token消耗: 2889
------当前第352章节 ~ 第352章节 ：352------当前token消耗: 963531(all) = 812133(in) + 151398(out)---压缩比:18.32%---

 23%|██▎       | 353/1563 [1:44:51<6:34:53, 19.58s/it]本次token消耗: 2852
------当前第353章节 ~ 第353章节 ：353------当前token消耗: 966383(all) = 814524(in) + 151859(out)---压缩比:18.32%---

 23%|██▎       | 354/1563 [1:45:10<6:30:41, 19.39s/it]本次token消耗: 2745
------当前第354章节 ~ 第354章节 ：354------当前token消耗: 969128(all) = 816920(in) + 152208(out)---压缩比:18.31%---

 23%|██▎       | 355/1563 [1:45:25<6:03:13, 18.04s/it]本次token消耗: 2680
------当前第355章节 ~ 第355章节 ：355------当前token消耗: 971808(all) = 819356(in) + 152452(out)---压缩比:18.28%---

 23%|██▎       | 356/1563 [1:45:36<5:22:04, 16.01s/it]本次token消耗: 2961
------当前第356章节 ~ 第356章节 ：356------当前token消耗: 974769(all) = 821795(in) + 152974(out)---压缩比:18.29%---

 23%|██▎       | 357/1563 [1:45:57<5:52:59, 17.56s/it]本次token消耗: 2843
------当前第357章节 ~ 第357章节 ：357------当前token消耗: 977612(all) = 824240(in) + 153372(out)---压缩比:18.29%---

 23%|██▎       | 358/1563 [1:46:14<5:49:21, 17.40s/it]本次token消耗: 2991
------当前第358章节 ~ 第358章节 ：358------当前token消耗: 980603(all) = 826707(in) + 153896(out)---压缩比:18.29%---

 23%|██▎       | 359/1563 [1:46:36<6:14:10, 18.65s/it]本次token消耗: 3079
------当前第359章节 ~ 第359章节 ：359------当前token消耗: 983682(all) = 829159(in) + 154523(out)---压缩比:18.31%---

 23%|██▎       | 360/1563 [1:47:01<6:54:14, 20.66s/it]本次token消耗: 2879
------当前第360章节 ~ 第360章节 ：360------当前token消耗: 986561(all) = 831630(in) + 154931(out)---压缩比:18.3%---

 23%|██▎       | 361/1563 [1:47:19<6:33:17, 19.63s/it]本次token消耗: 3007
------当前第361章节 ~ 第361章节 ：361------当前token消耗: 989568(all) = 834170(in) + 155398(out)---压缩比:18.3%---

 23%|██▎       | 362/1563 [1:47:38<6:31:51, 19.58s/it]本次token消耗: 2919
------当前第362章节 ~ 第362章节 ：362------当前token消耗: 992487(all) = 836570(in) + 155917(out)---压缩比:18.31%---

 23%|██▎       | 363/1563 [1:47:59<6:40:43, 20.04s/it]本次token消耗: 2713
------当前第363章节 ~ 第363章节 ：363------当前token消耗: 995200(all) = 838995(in) + 156205(out)---压缩比:18.29%---

 23%|██▎       | 364/1563 [1:48:12<5:58:51, 17.96s/it]本次token消耗: 2792
------当前第364章节 ~ 第364章节 ：364------当前token消耗: 997992(all) = 841434(in) + 156558(out)---压缩比:18.28%---

 23%|██▎       | 365/1563 [1:48:27<5:42:07, 17.13s/it]本次token消耗: 3039
------当前第365章节 ~ 第365章节 ：365------当前token消耗: 1001031(all) = 843892(in) + 157139(out)---压缩比:18.3%---

 23%|██▎       | 366/1563 [1:48:51<6:18:54, 18.99s/it]本次token消耗: 3237
------当前第366章节 ~ 第366章节 ：366------当前token消耗: 1004268(all) = 846439(in) + 157829(out)---压缩比:18.33%---

 23%|██▎       | 367/1563 [1:49:18<7:10:02, 21.57s/it]本次token消耗: 3067
------当前第367章节 ~ 第367章节 ：367------当前token消耗: 1007335(all) = 848904(in) + 158431(out)---压缩比:18.34%---

 24%|██▎       | 368/1563 [1:49:42<7:25:00, 22.34s/it]本次token消耗: 2984
------当前第368章节 ~ 第368章节 ：368------当前token消耗: 1010319(all) = 851370(in) + 158949(out)---压缩比:18.35%---

 24%|██▎       | 369/1563 [1:50:04<7:17:15, 21.97s/it]本次token消耗: 2660
------当前第369章节 ~ 第369章节 ：369------当前token消耗: 1012979(all) = 853748(in) + 159231(out)---压缩比:18.33%---

 24%|██▎       | 370/1563 [1:50:16<6:21:11, 19.17s/it]本次token消耗: 2798
------当前第370章节 ~ 第370章节 ：370------当前token消耗: 1015777(all) = 856203(in) + 159574(out)---压缩比:18.31%---

 24%|██▎       | 371/1563 [1:50:31<5:53:50, 17.81s/it]本次token消耗: 2842
------当前第371章节 ~ 第371章节 ：371------当前token消耗: 1018619(all) = 858675(in) + 159944(out)---压缩比:18.3%---

 24%|██▍       | 372/1563 [1:50:47<5:41:27, 17.20s/it]本次token消耗: 2866
------当前第372章节 ~ 第372章节 ：372------当前token消耗: 1021485(all) = 861091(in) + 160394(out)---压缩比:18.3%---

 24%|██▍       | 373/1563 [1:51:05<5:49:33, 17.62s/it]本次token消耗: 2955
------当前第373章节 ~ 第373章节 ：373------当前token消耗: 1024440(all) = 863547(in) + 160893(out)---压缩比:18.3%---

 24%|██▍       | 374/1563 [1:51:26<6:05:50, 18.46s/it]本次token消耗: 2980
------当前第374章节 ~ 第374章节 ：374------当前token消耗: 1027420(all) = 866103(in) + 161317(out)---压缩比:18.3%---

 24%|██▍       | 375/1563 [1:51:43<6:01:31, 18.26s/it]本次token消耗: 2989
------当前第375章节 ~ 第375章节 ：375------当前token消耗: 1030409(all) = 868604(in) + 161805(out)---压缩比:18.3%---

 24%|██▍       | 376/1563 [1:52:04<6:13:06, 18.86s/it]本次token消耗: 2932
------当前第376章节 ~ 第376章节 ：376------当前token消耗: 1033341(all) = 871026(in) + 162315(out)---压缩比:18.31%---

 24%|██▍       | 377/1563 [1:52:25<6:27:18, 19.59s/it]本次token消耗: 2743
------当前第377章节 ~ 第377章节 ：377------当前token消耗: 1036084(all) = 873396(in) + 162688(out)---压缩比:18.3%---

 24%|██▍       | 378/1563 [1:52:41<6:06:19, 18.55s/it]本次token消耗: 2775
------当前第378章节 ~ 第378章节 ：378------当前token消耗: 1038859(all) = 875783(in) + 163076(out)---压缩比:18.29%---

 24%|██▍       | 379/1563 [1:52:57<5:52:55, 17.88s/it]本次token消耗: 2799
------当前第379章节 ~ 第379章节 ：379------当前token消耗: 1041658(all) = 878130(in) + 163528(out)---压缩比:18.3%---

 24%|██▍       | 380/1563 [1:53:16<5:56:37, 18.09s/it]本次token消耗: 2799
------当前第380章节 ~ 第380章节 ：380------当前token消耗: 1044457(all) = 880604(in) + 163853(out)---压缩比:18.28%---

 24%|██▍       | 381/1563 [1:53:30<5:33:52, 16.95s/it]本次token消耗: 2958
------当前第381章节 ~ 第381章节 ：381------当前token消耗: 1047415(all) = 883049(in) + 164366(out)---压缩比:18.28%---

 24%|██▍       | 382/1563 [1:53:51<5:57:48, 18.18s/it]本次token消耗: 2935
------当前第382章节 ~ 第382章节 ：382------当前token消耗: 1050350(all) = 885632(in) + 164718(out)---压缩比:18.27%---

 25%|██▍       | 383/1563 [1:54:07<5:40:47, 17.33s/it]本次token消耗: 2890
------当前第383章节 ~ 第383章节 ：383------当前token消耗: 1053240(all) = 888089(in) + 165151(out)---压缩比:18.27%---

 25%|██▍       | 384/1563 [1:54:25<5:45:36, 17.59s/it]本次token消耗: 2884
------当前第384章节 ~ 第384章节 ：384------当前token消耗: 1056124(all) = 890603(in) + 165521(out)---压缩比:18.26%---

 25%|██▍       | 385/1563 [1:54:41<5:34:47, 17.05s/it]本次token消耗: 3207
------当前第385章节 ~ 第385章节 ：385------当前token消耗: 1059331(all) = 893226(in) + 166105(out)---压缩比:18.27%---

 25%|██▍       | 386/1563 [1:55:04<6:14:01, 19.07s/it]本次token消耗: 2948
------当前第386章节 ~ 第386章节 ：386------当前token消耗: 1062279(all) = 895708(in) + 166571(out)---压缩比:18.27%---

 25%|██▍       | 387/1563 [1:55:24<6:17:07, 19.24s/it]本次token消耗: 2851
------当前第387章节 ~ 第387章节 ：387------当前token消耗: 1065130(all) = 898160(in) + 166970(out)---压缩比:18.27%---

 25%|██▍       | 388/1563 [1:55:41<6:02:14, 18.50s/it]本次token消耗: 2858
------当前第388章节 ~ 第388章节 ：388------当前token消耗: 1067988(all) = 900610(in) + 167378(out)---压缩比:18.26%---

 25%|██▍       | 389/1563 [1:55:58<5:53:34, 18.07s/it]本次token消耗: 2931
------当前第389章节 ~ 第389章节 ：389------当前token消耗: 1070919(all) = 902995(in) + 167924(out)---压缩比:18.27%---

 25%|██▍       | 390/1563 [1:56:20<6:16:45, 19.27s/it]本次token消耗: 2863
------当前第390章节 ~ 第390章节 ：390------当前token消耗: 1073782(all) = 905331(in) + 168451(out)---压缩比:18.28%---

 25%|██▌       | 391/1563 [1:56:41<6:28:00, 19.86s/it]本次token消耗: 2844
------当前第391章节 ~ 第391章节 ：391------当前token消耗: 1076626(all) = 907754(in) + 168872(out)---压缩比:18.27%---

 25%|██▌       | 392/1563 [1:56:59<6:14:47, 19.20s/it]本次token消耗: 2805
------当前第392章节 ~ 第392章节 ：392------当前token消耗: 1079431(all) = 910196(in) + 169235(out)---压缩比:18.26%---

 25%|██▌       | 393/1563 [1:57:15<5:53:26, 18.12s/it]本次token消耗: 3349
------当前第393章节 ~ 第393章节 ：393------当前token消耗: 1082780(all) = 912636(in) + 170144(out)---压缩比:18.31%---

 25%|██▌       | 394/1563 [1:57:50<7:34:56, 23.35s/it]本次token消耗: 2757
------当前第394章节 ~ 第394章节 ：394------当前token消耗: 1085537(all) = 915063(in) + 170474(out)---压缩比:18.3%---

 25%|██▌       | 395/1563 [1:58:05<6:42:51, 20.70s/it]本次token消耗: 2894
------当前第395章节 ~ 第395章节 ：395------当前token消耗: 1088431(all) = 917564(in) + 170867(out)---压缩比:18.29%---

 25%|██▌       | 396/1563 [1:58:21<6:19:35, 19.52s/it]本次token消耗: 3067
------当前第396章节 ~ 第396章节 ：396------当前token消耗: 1091498(all) = 920050(in) + 171448(out)---压缩比:18.3%---

 25%|██▌       | 397/1563 [1:58:45<6:42:25, 20.71s/it]本次token消耗: 3080
------当前第397章节 ~ 第397章节 ：397------当前token消耗: 1094578(all) = 922521(in) + 172057(out)---压缩比:18.32%---

 25%|██▌       | 398/1563 [1:59:09<7:03:14, 21.80s/it]本次token消耗: 2764
------当前第398章节 ~ 第398章节 ：398------当前token消耗: 1097342(all) = 925021(in) + 172321(out)---压缩比:18.29%---

 26%|██▌       | 399/1563 [1:59:22<6:07:54, 18.96s/it]本次token消耗: 2830
------当前第399章节 ~ 第399章节 ：399------当前token消耗: 1100172(all) = 927464(in) + 172708(out)---压缩比:18.29%---

 26%|██▌       | 400/1563 [1:59:38<5:53:12, 18.22s/it]本次token消耗: 2848
------当前第400章节 ~ 第400章节 ：400------当前token消耗: 1103020(all) = 929932(in) + 173088(out)---压缩比:18.28%---

 26%|██▌       | 401/1563 [1:59:54<5:41:26, 17.63s/it]本次token消耗: 2849
------当前第401章节 ~ 第401章节 ：401------当前token消耗: 1105869(all) = 932362(in) + 173507(out)---压缩比:18.27%---

 26%|██▌       | 402/1563 [2:00:12<5:41:42, 17.66s/it]本次token消耗: 3024
------当前第402章节 ~ 第402章节 ：402------当前token消耗: 1108893(all) = 934834(in) + 174059(out)---压缩比:18.28%---

 26%|██▌       | 403/1563 [2:00:34<6:09:08, 19.09s/it]本次token消耗: 2896
------当前第403章节 ~ 第403章节 ：403------当前token消耗: 1111789(all) = 937290(in) + 174499(out)---压缩比:18.28%---

 26%|██▌       | 404/1563 [2:00:53<6:06:09, 18.96s/it]本次token消耗: 3032
------当前第404章节 ~ 第404章节 ：404------当前token消耗: 1114821(all) = 939700(in) + 175121(out)---压缩比:18.3%---

 26%|██▌       | 405/1563 [2:01:18<6:40:16, 20.74s/it]本次token消耗: 3163
------当前第405章节 ~ 第405章节 ：405------当前token消耗: 1117984(all) = 942146(in) + 175838(out)---压缩比:18.33%---

 26%|██▌       | 406/1563 [2:01:47<7:26:24, 23.15s/it]本次token消耗: 2757
------当前第406章节 ~ 第406章节 ：406------当前token消耗: 1120741(all) = 944522(in) + 176219(out)---压缩比:18.32%---

 26%|██▌       | 407/1563 [2:02:03<6:47:27, 21.15s/it]本次token消耗: 3195
------当前第407章节 ~ 第407章节 ：407------当前token消耗: 1123936(all) = 947005(in) + 176931(out)---压缩比:18.35%---

 26%|██▌       | 408/1563 [2:02:31<7:27:17, 23.24s/it]本次token消耗: 3055
------当前第408章节 ~ 第408章节 ：408------当前token消耗: 1126991(all) = 949580(in) + 177411(out)---压缩比:18.34%---

 26%|██▌       | 409/1563 [2:02:51<7:07:41, 22.24s/it]本次token消耗: 3021
------当前第409章节 ~ 第409章节 ：409------当前token消耗: 1130012(all) = 951925(in) + 178087(out)---压缩比:18.36%---

 26%|██▌       | 410/1563 [2:03:18<7:34:04, 23.63s/it]本次token消耗: 2778
------当前第410章节 ~ 第410章节 ：410------当前token消耗: 1132790(all) = 954248(in) + 178542(out)---压缩比:18.37%---

 26%|██▋       | 411/1563 [2:03:37<7:05:26, 22.16s/it]本次token消耗: 2795
------当前第411章节 ~ 第411章节 ：411------当前token消耗: 1135585(all) = 956559(in) + 179026(out)---压缩比:18.38%---

 26%|██▋       | 412/1563 [2:03:57<6:51:40, 21.46s/it]本次token消耗: 2878
------当前第412章节 ~ 第412章节 ：412------当前token消耗: 1138463(all) = 958918(in) + 179545(out)---压缩比:18.39%---

 26%|██▋       | 413/1563 [2:04:18<6:48:57, 21.34s/it]本次token消耗: 3011
------当前第413章节 ~ 第413章节 ：413------当前token消耗: 1141474(all) = 961427(in) + 180047(out)---压缩比:18.39%---

 26%|██▋       | 414/1563 [2:04:38<6:43:57, 21.09s/it]本次token消耗: 2828
------当前第414章节 ~ 第414章节 ：414------当前token消耗: 1144302(all) = 963761(in) + 180541(out)---压缩比:18.39%---

 27%|██▋       | 415/1563 [2:04:58<6:38:19, 20.82s/it]本次token消耗: 2736
------当前第415章节 ~ 第415章节 ：415------当前token消耗: 1147038(all) = 966169(in) + 180869(out)---压缩比:18.38%---

 27%|██▋       | 416/1563 [2:05:13<6:00:10, 18.84s/it]本次token消耗: 2790
------当前第416章节 ~ 第416章节 ：416------当前token消耗: 1149828(all) = 968590(in) + 181238(out)---压缩比:18.38%---

 27%|██▋       | 417/1563 [2:05:28<5:42:28, 17.93s/it]本次token消耗: 2905
------当前第417章节 ~ 第417章节 ：417------当前token消耗: 1152733(all) = 971050(in) + 181683(out)---压缩比:18.38%---

 27%|██▋       | 418/1563 [2:05:47<5:45:45, 18.12s/it]本次token消耗: 2878
------当前第418章节 ~ 第418章节 ：418------当前token消耗: 1155611(all) = 973450(in) + 182161(out)---压缩比:18.38%---

 27%|██▋       | 419/1563 [2:06:07<5:54:01, 18.57s/it]本次token消耗: 3031
------当前第419章节 ~ 第419章节 ：419------当前token消耗: 1158642(all) = 975870(in) + 182772(out)---压缩比:18.39%---

 27%|██▋       | 420/1563 [2:06:31<6:28:22, 20.39s/it]本次token消耗: 2799
------当前第420章节 ~ 第420章节 ：420------当前token消耗: 1161441(all) = 978267(in) + 183174(out)---压缩比:18.39%---

 27%|██▋       | 421/1563 [2:06:48<6:07:14, 19.29s/it]本次token消耗: 2848
------当前第421章节 ~ 第421章节 ：421------当前token消耗: 1164289(all) = 980636(in) + 183653(out)---压缩比:18.39%---

 27%|██▋       | 422/1563 [2:07:08<6:09:54, 19.45s/it]本次token消耗: 2941
------当前第422章节 ~ 第422章节 ：422------当前token消耗: 1167230(all) = 983019(in) + 184211(out)---压缩比:18.4%---

 27%|██▋       | 423/1563 [2:07:31<6:28:01, 20.42s/it]本次token消耗: 2990
------当前第423章节 ~ 第423章节 ：423------当前token消耗: 1170220(all) = 985625(in) + 184595(out)---压缩比:18.39%---

 27%|██▋       | 424/1563 [2:07:47<6:05:57, 19.28s/it]本次token消耗: 2832
------当前第424章节 ~ 第424章节 ：424------当前token消耗: 1173052(all) = 988033(in) + 185019(out)---压缩比:18.39%---

 27%|██▋       | 425/1563 [2:08:05<5:58:22, 18.89s/it]本次token消耗: 2996
------当前第425章节 ~ 第425章节 ：425------当前token消耗: 1176048(all) = 990618(in) + 185430(out)---压缩比:18.38%---

 27%|██▋       | 426/1563 [2:08:23<5:50:14, 18.48s/it]本次token消耗: 2862
------当前第426章节 ~ 第426章节 ：426------当前token消耗: 1178910(all) = 993079(in) + 185831(out)---压缩比:18.37%---

 27%|██▋       | 427/1563 [2:08:40<5:42:10, 18.07s/it]本次token消耗: 2761
------当前第427章节 ~ 第427章节 ：427------当前token消耗: 1181671(all) = 995542(in) + 186129(out)---压缩比:18.35%---

 27%|██▋       | 428/1563 [2:08:53<5:14:05, 16.60s/it]本次token消耗: 2847
------当前第428章节 ~ 第428章节 ：428------当前token消耗: 1184518(all) = 997931(in) + 186587(out)---压缩比:18.36%---

 27%|██▋       | 429/1563 [2:09:12<5:27:27, 17.33s/it]本次token消耗: 2880
------当前第429章节 ~ 第429章节 ：429------当前token消耗: 1187398(all) = 1000307(in) + 187091(out)---压缩比:18.36%---

 28%|██▊       | 430/1563 [2:09:33<5:46:25, 18.35s/it]本次token消耗: 2980
------当前第430章节 ~ 第430章节 ：430------当前token消耗: 1190378(all) = 1002811(in) + 187567(out)---压缩比:18.37%---

 28%|██▊       | 431/1563 [2:09:52<5:52:58, 18.71s/it]本次token消耗: 2930
------当前第431章节 ~ 第431章节 ：431------当前token消耗: 1193308(all) = 1005225(in) + 188083(out)---压缩比:18.37%---

 28%|██▊       | 432/1563 [2:10:13<6:05:18, 19.38s/it]本次token消耗: 2911
------当前第432章节 ~ 第432章节 ：432------当前token消耗: 1196219(all) = 1007645(in) + 188574(out)---压缩比:18.38%---

 28%|██▊       | 433/1563 [2:10:33<6:08:35, 19.57s/it]本次token消耗: 3102
------当前第433章节 ~ 第433章节 ：433------当前token消耗: 1199321(all) = 1010326(in) + 188995(out)---压缩比:18.37%---

 28%|██▊       | 434/1563 [2:10:51<6:00:03, 19.13s/it]本次token消耗: 2921
------当前第434章节 ~ 第434章节 ：434------当前token消耗: 1202242(all) = 1012753(in) + 189489(out)---压缩比:18.37%---

 28%|██▊       | 435/1563 [2:11:12<6:06:35, 19.50s/it]本次token消耗: 2707
------当前第435章节 ~ 第435章节 ：435------当前token消耗: 1204949(all) = 1015121(in) + 189828(out)---压缩比:18.36%---

 28%|██▊       | 436/1563 [2:11:26<5:38:02, 18.00s/it]本次token消耗: 3035
------当前第436章节 ~ 第436章节 ：436------当前token消耗: 1207984(all) = 1017555(in) + 190429(out)---压缩比:18.37%---

 28%|██▊       | 437/1563 [2:11:50<6:12:18, 19.84s/it]本次token消耗: 2741
------当前第437章节 ~ 第437章节 ：437------当前token消耗: 1210725(all) = 1019978(in) + 190747(out)---压缩比:18.36%---

 28%|██▊       | 438/1563 [2:12:04<5:38:29, 18.05s/it]本次token消耗: 2824
------当前第438章节 ~ 第438章节 ：438------当前token消耗: 1213549(all) = 1022468(in) + 191081(out)---压缩比:18.34%---

 28%|██▊       | 439/1563 [2:12:19<5:18:41, 17.01s/it]本次token消耗: 2792
------当前第439章节 ~ 第439章节 ：439------当前token消耗: 1216341(all) = 1024958(in) + 191383(out)---压缩比:18.33%---

 28%|██▊       | 440/1563 [2:12:32<4:59:22, 16.00s/it]本次token消耗: 2986
------当前第440章节 ~ 第440章节 ：440------当前token消耗: 1219327(all) = 1027569(in) + 191758(out)---压缩比:18.32%---

 28%|██▊       | 441/1563 [2:12:49<5:01:18, 16.11s/it]本次token消耗: 2830
------当前第441章节 ~ 第441章节 ：441------当前token消耗: 1222157(all) = 1030019(in) + 192138(out)---压缩比:18.31%---

 28%|██▊       | 442/1563 [2:13:05<5:00:43, 16.10s/it]本次token消耗: 2990
------当前第442章节 ~ 第442章节 ：442------当前token消耗: 1225147(all) = 1032465(in) + 192682(out)---压缩比:18.31%---

 28%|██▊       | 443/1563 [2:13:27<5:33:40, 17.88s/it]本次token消耗: 2862
------当前第443章节 ~ 第443章节 ：443------当前token消耗: 1228009(all) = 1034872(in) + 193137(out)---压缩比:18.31%---

 28%|██▊       | 444/1563 [2:13:46<5:38:52, 18.17s/it]本次token消耗: 3274
------当前第444章节 ~ 第444章节 ：444------当前token消耗: 1231283(all) = 1037375(in) + 193908(out)---压缩比:18.34%---

 28%|██▊       | 445/1563 [2:14:17<6:49:44, 21.99s/it]本次token消耗: 3032
------当前第445章节 ~ 第445章节 ：445------当前token消耗: 1234315(all) = 1039851(in) + 194464(out)---压缩比:18.35%---

 29%|██▊       | 446/1563 [2:14:39<6:53:39, 22.22s/it]本次token消耗: 2805
------当前第446章节 ~ 第446章节 ：446------当前token消耗: 1237120(all) = 1042279(in) + 194841(out)---压缩比:18.34%---

 29%|██▊       | 447/1563 [2:14:55<6:18:34, 20.35s/it]本次token消耗: 2876
------当前第447章节 ~ 第447章节 ：447------当前token消耗: 1239996(all) = 1044714(in) + 195282(out)---压缩比:18.34%---

 29%|██▊       | 448/1563 [2:15:14<6:07:11, 19.76s/it]本次token消耗: 2985
------当前第448章节 ~ 第448章节 ：448------当前token消耗: 1242981(all) = 1047292(in) + 195689(out)---压缩比:18.33%---

 29%|██▊       | 449/1563 [2:15:31<5:54:45, 19.11s/it]本次token消耗: 2876
------当前第449章节 ~ 第449章节 ：449------当前token消耗: 1245857(all) = 1049790(in) + 196067(out)---压缩比:18.32%---

 29%|██▉       | 450/1563 [2:15:48<5:39:23, 18.30s/it]本次token消耗: 3033
------当前第450章节 ~ 第450章节 ：450------当前token消耗: 1248890(all) = 1052363(in) + 196527(out)---压缩比:18.32%---

 29%|██▉       | 451/1563 [2:16:07<5:43:50, 18.55s/it]本次token消耗: 2975
------当前第451章节 ~ 第451章节 ：451------当前token消耗: 1251865(all) = 1054755(in) + 197110(out)---压缩比:18.33%---

 29%|██▉       | 452/1563 [2:16:30<6:10:42, 20.02s/it]本次token消耗: 2950
------当前第452章节 ~ 第452章节 ：452------当前token消耗: 1254815(all) = 1057238(in) + 197577(out)---压缩比:18.34%---

 29%|██▉       | 453/1563 [2:16:50<6:06:08, 19.79s/it]本次token消耗: 3149
------当前第453章节 ~ 第453章节 ：453------当前token消耗: 1257964(all) = 1059606(in) + 198358(out)---压缩比:18.36%---

 29%|██▉       | 454/1563 [2:17:20<7:05:50, 23.04s/it]本次token消耗: 2705
------当前第454章节 ~ 第454章节 ：454------当前token消耗: 1260669(all) = 1061976(in) + 198693(out)---压缩比:18.35%---

 29%|██▉       | 455/1563 [2:17:35<6:17:34, 20.45s/it]本次token消耗: 2817
------当前第455章节 ~ 第455章节 ：455------当前token消耗: 1263486(all) = 1064422(in) + 199064(out)---压缩比:18.34%---

 29%|██▉       | 456/1563 [2:17:50<5:51:57, 19.08s/it]本次token消耗: 2820
------当前第456章节 ~ 第456章节 ：456------当前token消耗: 1266306(all) = 1066846(in) + 199460(out)---压缩比:18.33%---

 29%|██▉       | 457/1563 [2:18:07<5:38:42, 18.38s/it]本次token消耗: 2866
------当前第457章节 ~ 第457章节 ：457------当前token消耗: 1269172(all) = 1069249(in) + 199923(out)---压缩比:18.34%---

 29%|██▉       | 458/1563 [2:18:26<5:43:11, 18.63s/it]本次token消耗: 2717
------当前第458章节 ~ 第458章节 ：458------当前token消耗: 1271889(all) = 1071626(in) + 200263(out)---压缩比:18.33%---

 29%|██▉       | 459/1563 [2:18:41<5:21:32, 17.47s/it]本次token消耗: 2772
------当前第459章节 ~ 第459章节 ：459------当前token消耗: 1274661(all) = 1074097(in) + 200564(out)---压缩比:18.31%---

 29%|██▉       | 460/1563 [2:18:55<4:58:30, 16.24s/it]本次token消耗: 2793
------当前第460章节 ~ 第460章节 ：460------当前token消耗: 1277454(all) = 1076477(in) + 200977(out)---压缩比:18.31%---

 29%|██▉       | 461/1563 [2:19:12<5:04:17, 16.57s/it]本次token消耗: 2893
------当前第461章节 ~ 第461章节 ：461------当前token消耗: 1280347(all) = 1078938(in) + 201409(out)---压缩比:18.31%---

 30%|██▉       | 462/1563 [2:19:30<5:12:40, 17.04s/it]本次token消耗: 3410
------当前第462章节 ~ 第462章节 ：462------当前token消耗: 1283757(all) = 1081444(in) + 202313(out)---压缩比:18.35%---

 30%|██▉       | 463/1563 [2:20:06<6:53:38, 22.56s/it]本次token消耗: 2831
------当前第463章节 ~ 第463章节 ：463------当前token消耗: 1286588(all) = 1083804(in) + 202784(out)---压缩比:18.35%---

 30%|██▉       | 464/1563 [2:20:25<6:35:23, 21.59s/it]本次token消耗: 2991
------当前第464章节 ~ 第464章节 ：464------当前token消耗: 1289579(all) = 1086377(in) + 203202(out)---压缩比:18.35%---

 30%|██▉       | 465/1563 [2:20:42<6:13:10, 20.39s/it]本次token消耗: 2829
------当前第465章节 ~ 第465章节 ：465------当前token消耗: 1292408(all) = 1088826(in) + 203582(out)---压缩比:18.34%---

 30%|██▉       | 466/1563 [2:20:59<5:49:27, 19.11s/it]本次token消耗: 3059
------当前第466章节 ~ 第466章节 ：466------当前token消耗: 1295467(all) = 1091324(in) + 204143(out)---压缩比:18.35%---

 30%|██▉       | 467/1563 [2:21:22<6:10:19, 20.27s/it]本次token消耗: 2882
------当前第467章节 ~ 第467章节 ：467------当前token消耗: 1298349(all) = 1093762(in) + 204587(out)---压缩比:18.35%---

 30%|██▉       | 468/1563 [2:21:40<6:00:42, 19.77s/it]本次token消耗: 2851
------当前第468章节 ~ 第468章节 ：468------当前token消耗: 1301200(all) = 1096237(in) + 204963(out)---压缩比:18.34%---

 30%|███       | 469/1563 [2:21:56<5:40:19, 18.66s/it]本次token消耗: 2987
------当前第469章节 ~ 第469章节 ：469------当前token消耗: 1304187(all) = 1098573(in) + 205614(out)---压缩比:18.36%---

 30%|███       | 470/1563 [2:22:22<6:20:30, 20.89s/it]本次token消耗: 2663
------当前第470章节 ~ 第470章节 ：470------当前token消耗: 1306850(all) = 1100890(in) + 205960(out)---压缩比:18.35%---

 30%|███       | 471/1563 [2:22:37<5:47:03, 19.07s/it]本次token消耗: 2822
------当前第471章节 ~ 第471章节 ：471------当前token消耗: 1309672(all) = 1103406(in) + 206266(out)---压缩比:18.34%---

 30%|███       | 472/1563 [2:22:51<5:16:13, 17.39s/it]本次token消耗: 2750
------当前第472章节 ~ 第472章节 ：472------当前token消耗: 1312422(all) = 1105838(in) + 206584(out)---压缩比:18.33%---

 30%|███       | 473/1563 [2:23:04<4:56:56, 16.35s/it]本次token消耗: 2791
------当前第473章节 ~ 第473章节 ：473------当前token消耗: 1315213(all) = 1108239(in) + 206974(out)---压缩比:18.32%---

 30%|███       | 474/1563 [2:23:21<4:58:56, 16.47s/it]本次token消耗: 2730
------当前第474章节 ~ 第474章节 ：474------当前token消耗: 1317943(all) = 1110636(in) + 207307(out)---压缩比:18.31%---

 30%|███       | 475/1563 [2:23:36<4:47:48, 15.87s/it]本次token消耗: 2820
------当前第475章节 ~ 第475章节 ：475------当前token消耗: 1320763(all) = 1113033(in) + 207730(out)---压缩比:18.31%---

 30%|███       | 476/1563 [2:23:53<4:56:51, 16.39s/it]本次token消耗: 2827
------当前第476章节 ~ 第476章节 ：476------当前token消耗: 1323590(all) = 1115470(in) + 208120(out)---压缩比:18.31%---

 31%|███       | 477/1563 [2:24:10<4:57:01, 16.41s/it]本次token消耗: 2997
------当前第477章节 ~ 第477章节 ：477------当前token消耗: 1326587(all) = 1118036(in) + 208551(out)---压缩比:18.3%---

 31%|███       | 478/1563 [2:24:28<5:06:06, 16.93s/it]本次token消耗: 2766
------当前第478章节 ~ 第478章节 ：478------当前token消耗: 1329353(all) = 1120484(in) + 208869(out)---压缩比:18.29%---

 31%|███       | 479/1563 [2:24:42<4:50:14, 16.06s/it]本次token消耗: 2838
------当前第479章节 ~ 第479章节 ：479------当前token消耗: 1332191(all) = 1122903(in) + 209288(out)---压缩比:18.28%---

 31%|███       | 480/1563 [2:25:00<5:00:41, 16.66s/it]本次token消耗: 2866
------当前第480章节 ~ 第480章节 ：480------当前token消耗: 1335057(all) = 1125316(in) + 209741(out)---压缩比:18.28%---

 31%|███       | 481/1563 [2:25:19<5:14:11, 17.42s/it]本次token消耗: 3016
------当前第481章节 ~ 第481章节 ：481------当前token消耗: 1338073(all) = 1127843(in) + 210230(out)---压缩比:18.28%---

 31%|███       | 482/1563 [2:25:40<5:30:08, 18.32s/it]本次token消耗: 2722
------当前第482章节 ~ 第482章节 ：482------当前token消耗: 1340795(all) = 1130227(in) + 210568(out)---压缩比:18.27%---

 31%|███       | 483/1563 [2:25:54<5:09:24, 17.19s/it]本次token消耗: 2848
------当前第483章节 ~ 第483章节 ：483------当前token消耗: 1343643(all) = 1132699(in) + 210944(out)---压缩比:18.26%---

 31%|███       | 484/1563 [2:26:10<5:02:44, 16.83s/it]本次token消耗: 3086
------当前第484章节 ~ 第484章节 ：484------当前token消耗: 1346729(all) = 1135135(in) + 211594(out)---压缩比:18.28%---

 31%|███       | 485/1563 [2:26:36<5:52:15, 19.61s/it]本次token消耗: 2705
------当前第485章节 ~ 第485章节 ：485------当前token消耗: 1349434(all) = 1137446(in) + 211988(out)---压缩比:18.28%---

 31%|███       | 486/1563 [2:26:53<5:35:14, 18.68s/it]本次token消耗: 2891
------当前第486章节 ~ 第486章节 ：486------当前token消耗: 1352325(all) = 1139829(in) + 212496(out)---压缩比:18.28%---

 31%|███       | 487/1563 [2:27:13<5:45:34, 19.27s/it]本次token消耗: 2980
------当前第487章节 ~ 第487章节 ：487------当前token消耗: 1355305(all) = 1142319(in) + 212986(out)---压缩比:18.28%---

 31%|███       | 488/1563 [2:27:33<5:49:27, 19.50s/it]本次token消耗: 2813
------当前第488章节 ~ 第488章节 ：488------当前token消耗: 1358118(all) = 1144770(in) + 213348(out)---压缩比:18.27%---

 31%|███▏      | 489/1563 [2:27:49<5:28:50, 18.37s/it]本次token消耗: 3296
------当前第489章节 ~ 第489章节 ：489------当前token消耗: 1361414(all) = 1147201(in) + 214213(out)---压缩比:18.31%---

 31%|███▏      | 490/1563 [2:28:23<6:50:34, 22.96s/it]本次token消耗: 3235
------当前第490章节 ~ 第490章节 ：490------当前token消耗: 1364649(all) = 1149800(in) + 214849(out)---压缩比:18.32%---

 31%|███▏      | 491/1563 [2:28:49<7:05:21, 23.81s/it]本次token消耗: 2899
------当前第491章节 ~ 第491章节 ：491------当前token消耗: 1367548(all) = 1152163(in) + 215385(out)---压缩比:18.33%---

 31%|███▏      | 492/1563 [2:29:10<6:53:31, 23.17s/it]本次token消耗: 2935
------当前第492章节 ~ 第492章节 ：492------当前token消耗: 1370483(all) = 1154528(in) + 215955(out)---压缩比:18.34%---

 32%|███▏      | 493/1563 [2:29:33<6:51:59, 23.10s/it]本次token消耗: 2713
------当前第493章节 ~ 第493章节 ：493------当前token消耗: 1373196(all) = 1156924(in) + 216272(out)---压缩比:18.33%---

 32%|███▏      | 494/1563 [2:29:47<6:01:33, 20.29s/it]本次token消耗: 2979
------当前第494章节 ~ 第494章节 ：494------当前token消耗: 1376175(all) = 1159456(in) + 216719(out)---压缩比:18.32%---

 32%|███▏      | 495/1563 [2:30:06<5:52:03, 19.78s/it]本次token消耗: 2884
------当前第495章节 ~ 第495章节 ：495------当前token消耗: 1379059(all) = 1161912(in) + 217147(out)---压缩比:18.32%---

 32%|███▏      | 496/1563 [2:30:23<5:41:01, 19.18s/it]本次token消耗: 2789
------当前第496章节 ~ 第496章节 ：496------当前token消耗: 1381848(all) = 1164315(in) + 217533(out)---压缩比:18.31%---

 32%|███▏      | 497/1563 [2:30:40<5:26:17, 18.37s/it]本次token消耗: 3051
------当前第497章节 ~ 第497章节 ：497------当前token消耗: 1384899(all) = 1166707(in) + 218192(out)---压缩比:18.33%---

 32%|███▏      | 498/1563 [2:31:06<6:07:56, 20.73s/it]本次token消耗: 2793
------当前第498章节 ~ 第498章节 ：498------当前token消耗: 1387692(all) = 1169003(in) + 218689(out)---压缩比:18.34%---

 32%|███▏      | 499/1563 [2:31:26<6:04:47, 20.57s/it]本次token消耗: 3030
------当前第499章节 ~ 第499章节 ：499------当前token消耗: 1390722(all) = 1171423(in) + 219299(out)---压缩比:18.35%---

 32%|███▏      | 500/1563 [2:31:51<6:24:12, 21.69s/it]本次token消耗: 2953
------当前第500章节 ~ 第500章节 ：500------当前token消耗: 1393675(all) = 1173856(in) + 219819(out)---压缩比:18.35%---

 32%|███▏      | 501/1563 [2:32:12<6:21:07, 21.53s/it]本次token消耗: 2974
------当前第501章节 ~ 第501章节 ：501------当前token消耗: 1396649(all) = 1176322(in) + 220327(out)---压缩比:18.35%---

 32%|███▏      | 502/1563 [2:32:33<6:16:42, 21.30s/it]本次token消耗: 2958
------当前第502章节 ~ 第502章节 ：502------当前token消耗: 1399607(all) = 1178745(in) + 220862(out)---压缩比:18.36%---

 32%|███▏      | 503/1563 [2:32:54<6:18:34, 21.43s/it]本次token消耗: 3009
------当前第503章节 ~ 第503章节 ：503------当前token消耗: 1402616(all) = 1181172(in) + 221444(out)---压缩比:18.37%---

 32%|███▏      | 504/1563 [2:33:18<6:29:15, 22.05s/it]本次token消耗: 2888
------当前第504章节 ~ 第504章节 ：504------当前token消耗: 1405504(all) = 1183626(in) + 221878(out)---压缩比:18.37%---

 32%|███▏      | 505/1563 [2:33:36<6:08:04, 20.87s/it]本次token消耗: 2995
------当前第505章节 ~ 第505章节 ：505------当前token消耗: 1408499(all) = 1186072(in) + 222427(out)---压缩比:18.37%---

 32%|███▏      | 506/1563 [2:33:58<6:14:26, 21.25s/it]本次token消耗: 2883
------当前第506章节 ~ 第506章节 ：506------当前token消耗: 1411382(all) = 1188422(in) + 222960(out)---压缩比:18.38%---

 32%|███▏      | 507/1563 [2:34:20<6:16:09, 21.37s/it]本次token消耗: 2965
------当前第507章节 ~ 第507章节 ：507------当前token消耗: 1414347(all) = 1190860(in) + 223487(out)---压缩比:18.39%---

 33%|███▎      | 508/1563 [2:34:41<6:17:13, 21.45s/it]本次token消耗: 2773
------当前第508章节 ~ 第508章节 ：508------当前token消耗: 1417120(all) = 1193320(in) + 223800(out)---压缩比:18.37%---

 33%|███▎      | 509/1563 [2:34:55<5:36:15, 19.14s/it]本次token消耗: 2737
------当前第509章节 ~ 第509章节 ：509------当前token消耗: 1419857(all) = 1195686(in) + 224171(out)---压缩比:18.37%---

 33%|███▎      | 510/1563 [2:35:11<5:19:27, 18.20s/it]本次token消耗: 2649
------当前第510章节 ~ 第510章节 ：510------当前token消耗: 1422506(all) = 1198032(in) + 224474(out)---压缩比:18.35%---

 33%|███▎      | 511/1563 [2:35:24<4:52:53, 16.70s/it]本次token消耗: 2803
------当前第511章节 ~ 第511章节 ：511------当前token消耗: 1425309(all) = 1200453(in) + 224856(out)---压缩比:18.35%---

 33%|███▎      | 512/1563 [2:35:41<4:50:26, 16.58s/it]本次token消耗: 2849
------当前第512章节 ~ 第512章节 ：512------当前token消耗: 1428158(all) = 1202838(in) + 225320(out)---压缩比:18.35%---

 33%|███▎      | 513/1563 [2:36:00<5:05:51, 17.48s/it]本次token消耗: 2889
------当前第513章节 ~ 第513章节 ：513------当前token消耗: 1431047(all) = 1205249(in) + 225798(out)---压缩比:18.36%---

 33%|███▎      | 514/1563 [2:36:20<5:16:20, 18.09s/it]本次token消耗: 2673
------当前第514章节 ~ 第514章节 ：514------当前token消耗: 1433720(all) = 1207583(in) + 226137(out)---压缩比:18.34%---

 33%|███▎      | 515/1563 [2:36:34<4:56:57, 17.00s/it]本次token消耗: 2869
------当前第515章节 ~ 第515章节 ：515------当前token消耗: 1436589(all) = 1210020(in) + 226569(out)---压缩比:18.34%---

 33%|███▎      | 516/1563 [2:36:52<5:02:10, 17.32s/it]本次token消耗: 2851
------当前第516章节 ~ 第516章节 ：516------当前token消耗: 1439440(all) = 1212395(in) + 227045(out)---压缩比:18.34%---

 33%|███▎      | 517/1563 [2:37:12<5:15:10, 18.08s/it]本次token消耗: 2899
------当前第517章节 ~ 第517章节 ：517------当前token消耗: 1442339(all) = 1214855(in) + 227484(out)---压缩比:18.34%---

 33%|███▎      | 518/1563 [2:37:30<5:16:31, 18.17s/it]本次token消耗: 3051
------当前第518章节 ~ 第518章节 ：518------当前token消耗: 1445390(all) = 1217373(in) + 228017(out)---压缩比:18.35%---

 33%|███▎      | 519/1563 [2:37:52<5:35:37, 19.29s/it]本次token消耗: 3020
------当前第519章节 ~ 第519章节 ：519------当前token消耗: 1448410(all) = 1219916(in) + 228494(out)---压缩比:18.35%---

 33%|███▎      | 520/1563 [2:38:12<5:38:03, 19.45s/it]本次token消耗: 2670
------当前第520章节 ~ 第520章节 ：520------当前token消耗: 1451080(all) = 1222229(in) + 228851(out)---压缩比:18.34%---

 33%|███▎      | 521/1563 [2:38:27<5:16:13, 18.21s/it]本次token消耗: 2813
------当前第521章节 ~ 第521章节 ：521------当前token消耗: 1453893(all) = 1224717(in) + 229176(out)---压缩比:18.33%---

 33%|███▎      | 522/1563 [2:38:42<4:55:48, 17.05s/it]本次token消耗: 2782
------当前第522章节 ~ 第522章节 ：522------当前token消耗: 1456675(all) = 1227129(in) + 229546(out)---压缩比:18.32%---

 33%|███▎      | 523/1563 [2:38:58<4:48:47, 16.66s/it]本次token消耗: 2738
------当前第523章节 ~ 第523章节 ：523------当前token消耗: 1459413(all) = 1229472(in) + 229941(out)---压缩比:18.32%---

 34%|███▎      | 524/1563 [2:39:14<4:48:44, 16.67s/it]本次token消耗: 2692
------当前第524章节 ~ 第524章节 ：524------当前token消耗: 1462105(all) = 1231827(in) + 230278(out)---压缩比:18.31%---

 34%|███▎      | 525/1563 [2:39:29<4:38:16, 16.09s/it]本次token消耗: 3038
------当前第525章节 ~ 第525章节 ：525------当前token消耗: 1465143(all) = 1234359(in) + 230784(out)---压缩比:18.31%---

 34%|███▎      | 526/1563 [2:39:50<5:03:20, 17.55s/it]本次token消耗: 2833
------当前第526章节 ~ 第526章节 ：526------当前token消耗: 1467976(all) = 1236806(in) + 231170(out)---压缩比:18.31%---

 34%|███▎      | 527/1563 [2:40:06<4:56:50, 17.19s/it]本次token消耗: 2929
------当前第527章节 ~ 第527章节 ：527------当前token消耗: 1470905(all) = 1239348(in) + 231557(out)---压缩比:18.3%---

 34%|███▍      | 528/1563 [2:40:23<4:53:54, 17.04s/it]本次token消耗: 3019
------当前第528章节 ~ 第528章节 ：528------当前token消耗: 1473924(all) = 1241898(in) + 232026(out)---压缩比:18.3%---

 34%|███▍      | 529/1563 [2:40:42<5:06:15, 17.77s/it]本次token消耗: 2761
------当前第529章节 ~ 第529章节 ：529------当前token消耗: 1476685(all) = 1244276(in) + 232409(out)---压缩比:18.3%---

 34%|███▍      | 530/1563 [2:40:59<4:57:55, 17.30s/it]本次token消耗: 2765
------当前第530章节 ~ 第530章节 ：530------当前token消耗: 1479450(all) = 1246699(in) + 232751(out)---压缩比:18.29%---

 34%|███▍      | 531/1563 [2:41:13<4:44:34, 16.54s/it]本次token消耗: 2975
------当前第531章节 ~ 第531章节 ：531------当前token消耗: 1482425(all) = 1249103(in) + 233322(out)---压缩比:18.3%---

 34%|███▍      | 532/1563 [2:41:36<5:17:37, 18.48s/it]本次token消耗: 2835
------当前第532章节 ~ 第532章节 ：532------当前token消耗: 1485260(all) = 1251536(in) + 233724(out)---压缩比:18.29%---

 34%|███▍      | 533/1563 [2:41:53<5:08:39, 17.98s/it]本次token消耗: 2826
------当前第533章节 ~ 第533章节 ：533------当前token消耗: 1488086(all) = 1253874(in) + 234212(out)---压缩比:18.3%---

 34%|███▍      | 534/1563 [2:42:13<5:18:58, 18.60s/it]本次token消耗: 2804
------当前第534章节 ~ 第534章节 ：534------当前token消耗: 1490890(all) = 1256192(in) + 234698(out)---压缩比:18.3%---

 34%|███▍      | 535/1563 [2:42:33<5:25:44, 19.01s/it]本次token消耗: 2846
------当前第535章节 ~ 第535章节 ：535------当前token消耗: 1493736(all) = 1258642(in) + 235094(out)---压缩比:18.29%---

 34%|███▍      | 536/1563 [2:42:50<5:13:42, 18.33s/it]本次token消耗: 3071
------当前第536章节 ~ 第536章节 ：536------当前token消耗: 1496807(all) = 1261117(in) + 235690(out)---压缩比:18.31%---

 34%|███▍      | 537/1563 [2:43:14<5:42:20, 20.02s/it]本次token消耗: 2808
------当前第537章节 ~ 第537章节 ：537------当前token消耗: 1499615(all) = 1263683(in) + 235932(out)---压缩比:18.29%---

 34%|███▍      | 538/1563 [2:43:25<4:56:51, 17.38s/it]本次token消耗: 2880
------当前第538章节 ~ 第538章节 ：538------当前token消耗: 1502495(all) = 1266055(in) + 236440(out)---压缩比:18.29%---

 34%|███▍      | 539/1563 [2:43:46<5:13:27, 18.37s/it]本次token消耗: 2701
------当前第539章节 ~ 第539章节 ：539------当前token消耗: 1505196(all) = 1268432(in) + 236764(out)---压缩比:18.28%---

 35%|███▍      | 540/1563 [2:44:00<4:52:10, 17.14s/it]本次token消耗: 2816
------当前第540章节 ~ 第540章节 ：540------当前token消耗: 1508012(all) = 1270876(in) + 237136(out)---压缩比:18.28%---

 35%|███▍      | 541/1563 [2:44:16<4:45:31, 16.76s/it]本次token消耗: 2939
------当前第541章节 ~ 第541章节 ：541------当前token消耗: 1510951(all) = 1273393(in) + 237558(out)---压缩比:18.27%---

 35%|███▍      | 542/1563 [2:44:34<4:50:10, 17.05s/it]本次token消耗: 2704
------当前第542章节 ~ 第542章节 ：542------当前token消耗: 1513655(all) = 1275804(in) + 237851(out)---压缩比:18.26%---

 35%|███▍      | 543/1563 [2:44:47<4:29:00, 15.82s/it]本次token消耗: 2800
------当前第543章节 ~ 第543章节 ：543------当前token消耗: 1516455(all) = 1278158(in) + 238297(out)---压缩比:18.26%---

 35%|███▍      | 544/1563 [2:45:06<4:44:18, 16.74s/it]本次token消耗: 2788
------当前第544章节 ~ 第544章节 ：544------当前token消耗: 1519243(all) = 1280495(in) + 238748(out)---压缩比:18.26%---

 35%|███▍      | 545/1563 [2:45:24<4:53:43, 17.31s/it]本次token消耗: 2927
------当前第545章节 ~ 第545章节 ：545------当前token消耗: 1522170(all) = 1283008(in) + 239162(out)---压缩比:18.26%---

 35%|███▍      | 546/1563 [2:45:42<4:54:30, 17.37s/it]本次token消耗: 2820
------当前第546章节 ~ 第546章节 ：546------当前token消耗: 1524990(all) = 1285471(in) + 239519(out)---压缩比:18.25%---

 35%|███▍      | 547/1563 [2:45:57<4:44:38, 16.81s/it]本次token消耗: 3139
------当前第547章节 ~ 第547章节 ：547------当前token消耗: 1528129(all) = 1287933(in) + 240196(out)---压缩比:18.27%---

 35%|███▌      | 548/1563 [2:46:24<5:35:25, 19.83s/it]本次token消耗: 2875
------当前第548章节 ~ 第548章节 ：548------当前token消耗: 1531004(all) = 1290429(in) + 240575(out)---压缩比:18.26%---

 35%|███▌      | 549/1563 [2:46:40<5:15:56, 18.69s/it]本次token消耗: 3035
------当前第549章节 ~ 第549章节 ：549------当前token消耗: 1534039(all) = 1292891(in) + 241148(out)---压缩比:18.27%---

 35%|███▌      | 550/1563 [2:47:03<5:37:34, 19.99s/it]本次token消耗: 2851
------当前第550章节 ~ 第550章节 ：550------当前token消耗: 1536890(all) = 1295351(in) + 241539(out)---压缩比:18.27%---

 35%|███▌      | 551/1563 [2:47:20<5:19:28, 18.94s/it]本次token消耗: 2986
------当前第551章节 ~ 第551章节 ：551------当前token消耗: 1539876(all) = 1297791(in) + 242085(out)---压缩比:18.28%---

 35%|███▌      | 552/1563 [2:47:42<5:34:48, 19.87s/it]本次token消耗: 2750
------当前第552章节 ~ 第552章节 ：552------当前token消耗: 1542626(all) = 1300187(in) + 242439(out)---压缩比:18.27%---

 35%|███▌      | 553/1563 [2:47:57<5:10:37, 18.45s/it]本次token消耗: 2788
------当前第553章节 ~ 第553章节 ：553------当前token消耗: 1545414(all) = 1302631(in) + 242783(out)---压缩比:18.26%---

 35%|███▌      | 554/1563 [2:48:12<4:51:31, 17.34s/it]本次token消耗: 2786
------当前第554章节 ~ 第554章节 ：554------当前token消耗: 1548200(all) = 1305016(in) + 243184(out)---压缩比:18.25%---

 36%|███▌      | 555/1563 [2:48:28<4:48:42, 17.18s/it]本次token消耗: 2819
------当前第555章节 ~ 第555章节 ：555------当前token消耗: 1551019(all) = 1307366(in) + 243653(out)---压缩比:18.26%---

 36%|███▌      | 556/1563 [2:48:48<4:58:47, 17.80s/it]本次token消耗: 2864
------当前第556章节 ~ 第556章节 ：556------当前token消耗: 1553883(all) = 1309707(in) + 244176(out)---压缩比:18.26%---

 36%|███▌      | 557/1563 [2:49:09<5:17:10, 18.92s/it]本次token消耗: 2948
------当前第557章节 ~ 第557章节 ：557------当前token消耗: 1556831(all) = 1312163(in) + 244668(out)---压缩比:18.26%---

 36%|███▌      | 558/1563 [2:49:30<5:25:20, 19.42s/it]本次token消耗: 2666
------当前第558章节 ~ 第558章节 ：558------当前token消耗: 1559497(all) = 1314533(in) + 244964(out)---压缩比:18.25%---

 36%|███▌      | 559/1563 [2:49:43<4:53:26, 17.54s/it]本次token消耗: 2730
------当前第559章节 ~ 第559章节 ：559------当前token消耗: 1562227(all) = 1316805(in) + 245422(out)---压缩比:18.25%---

 36%|███▌      | 560/1563 [2:50:02<4:59:49, 17.94s/it]本次token消耗: 2728
------当前第560章节 ~ 第560章节 ：560------当前token消耗: 1564955(all) = 1319178(in) + 245777(out)---压缩比:18.24%---

 36%|███▌      | 561/1563 [2:50:17<4:45:32, 17.10s/it]本次token消耗: 3097
------当前第561章节 ~ 第561章节 ：561------当前token消耗: 1568052(all) = 1321651(in) + 246401(out)---压缩比:18.25%---

 36%|███▌      | 562/1563 [2:50:42<5:25:09, 19.49s/it]本次token消耗: 2855
------当前第562章节 ~ 第562章节 ：562------当前token消耗: 1570907(all) = 1324006(in) + 246901(out)---压缩比:18.26%---

 36%|███▌      | 563/1563 [2:51:03<5:29:53, 19.79s/it]本次token消耗: 2946
------当前第563章节 ~ 第563章节 ：563------当前token消耗: 1573853(all) = 1326343(in) + 247510(out)---压缩比:18.27%---

 36%|███▌      | 564/1563 [2:51:27<5:52:53, 21.19s/it]本次token消耗: 2973
------当前第564章节 ~ 第564章节 ：564------当前token消耗: 1576826(all) = 1328764(in) + 248062(out)---压缩比:18.27%---

 36%|███▌      | 565/1563 [2:51:50<5:59:45, 21.63s/it]本次token消耗: 2664
------当前第565章节 ~ 第565章节 ：565------当前token消耗: 1579490(all) = 1331161(in) + 248329(out)---压缩比:18.26%---

 36%|███▌      | 566/1563 [2:52:02<5:11:25, 18.74s/it]本次token消耗: 2676
------当前第566章节 ~ 第566章节 ：566------当前token消耗: 1582166(all) = 1333538(in) + 248628(out)---压缩比:18.25%---

 36%|███▋      | 567/1563 [2:52:15<4:44:31, 17.14s/it]本次token消耗: 2876
------当前第567章节 ~ 第567章节 ：567------当前token消耗: 1585042(all) = 1335912(in) + 249130(out)---压缩比:18.26%---

 36%|███▋      | 568/1563 [2:52:36<5:00:53, 18.14s/it]本次token消耗: 3091
------当前第568章节 ~ 第568章节 ：568------当前token消耗: 1588133(all) = 1338373(in) + 249760(out)---压缩比:18.27%---

 36%|███▋      | 569/1563 [2:53:01<5:35:42, 20.26s/it]本次token消耗: 2741
------当前第569章节 ~ 第569章节 ：569------当前token消耗: 1590874(all) = 1340778(in) + 250096(out)---压缩比:18.26%---

 36%|███▋      | 570/1563 [2:53:15<5:07:15, 18.57s/it]本次token消耗: 3056
------当前第570章节 ~ 第570章节 ：570------当前token消耗: 1593930(all) = 1343252(in) + 250678(out)---压缩比:18.27%---

 37%|███▋      | 571/1563 [2:53:39<5:33:35, 20.18s/it]本次token消耗: 3027
------当前第571章节 ~ 第571章节 ：571------当前token消耗: 1596957(all) = 1345776(in) + 251181(out)---压缩比:18.27%---

 37%|███▋      | 572/1563 [2:54:00<5:35:12, 20.30s/it]本次token消耗: 2876
------当前第572章节 ~ 第572章节 ：572------当前token消耗: 1599833(all) = 1348225(in) + 251608(out)---压缩比:18.27%---

 37%|███▋      | 573/1563 [2:54:18<5:22:15, 19.53s/it]本次token消耗: 2803
------当前第573章节 ~ 第573章节 ：573------当前token消耗: 1602636(all) = 1350632(in) + 252004(out)---压缩比:18.27%---

 37%|███▋      | 574/1563 [2:54:34<5:07:48, 18.67s/it]本次token消耗: 3009
------当前第574章节 ~ 第574章节 ：574------当前token消耗: 1605645(all) = 1353064(in) + 252581(out)---压缩比:18.28%---

 37%|███▋      | 575/1563 [2:54:57<5:29:47, 20.03s/it]本次token消耗: 3007
------当前第575章节 ~ 第575章节 ：575------当前token消耗: 1608652(all) = 1355480(in) + 253172(out)---压缩比:18.28%---

 37%|███▋      | 576/1563 [2:55:21<5:47:47, 21.14s/it]本次token消耗: 2942
------当前第576章节 ~ 第576章节 ：576------当前token消耗: 1611594(all) = 1357994(in) + 253600(out)---压缩比:18.28%---

 37%|███▋      | 577/1563 [2:55:39<5:31:24, 20.17s/it]本次token消耗: 2813
------当前第577章节 ~ 第577章节 ：577------当前token消耗: 1614407(all) = 1360388(in) + 254019(out)---压缩比:18.28%---

 37%|███▋      | 578/1563 [2:55:57<5:18:47, 19.42s/it]本次token消耗: 2674
------当前第578章节 ~ 第578章节 ：578------当前token消耗: 1617081(all) = 1362733(in) + 254348(out)---压缩比:18.27%---

 37%|███▋      | 579/1563 [2:56:11<4:53:07, 17.87s/it]本次token消耗: 2776
------当前第579章节 ~ 第579章节 ：579------当前token消耗: 1619857(all) = 1365162(in) + 254695(out)---压缩比:18.26%---

 37%|███▋      | 580/1563 [2:56:26<4:38:45, 17.02s/it]本次token消耗: 2785
------当前第580章节 ~ 第580章节 ：580------当前token消耗: 1622642(all) = 1367557(in) + 255085(out)---压缩比:18.26%---

 37%|███▋      | 581/1563 [2:56:43<4:36:22, 16.89s/it]本次token消耗: 2920
------当前第581章节 ~ 第581章节 ：581------当前token消耗: 1625562(all) = 1370033(in) + 255529(out)---压缩比:18.26%---

 37%|███▋      | 582/1563 [2:57:01<4:44:27, 17.40s/it]本次token消耗: 2929
------当前第582章节 ~ 第582章节 ：582------当前token消耗: 1628491(all) = 1372423(in) + 256068(out)---压缩比:18.26%---

 37%|███▋      | 583/1563 [2:57:23<5:05:16, 18.69s/it]本次token消耗: 2827
------当前第583章节 ~ 第583章节 ：583------当前token消耗: 1631318(all) = 1374830(in) + 256488(out)---压缩比:18.26%---

 37%|███▋      | 584/1563 [2:57:40<4:59:07, 18.33s/it]本次token消耗: 3053
------当前第584章节 ~ 第584章节 ：584------当前token消耗: 1634371(all) = 1377231(in) + 257140(out)---压缩比:18.28%---

 37%|███▋      | 585/1563 [2:58:06<5:35:46, 20.60s/it]本次token消耗: 2998
------当前第585章节 ~ 第585章节 ：585------当前token消耗: 1637369(all) = 1379626(in) + 257743(out)---压缩比:18.29%---

 37%|███▋      | 586/1563 [2:58:30<5:52:41, 21.66s/it]本次token消耗: 2782
------当前第586章节 ~ 第586章节 ：586------当前token消耗: 1640151(all) = 1382007(in) + 258144(out)---压缩比:18.28%---

 38%|███▊      | 587/1563 [2:58:47<5:29:15, 20.24s/it]本次token消耗: 2748
------当前第587章节 ~ 第587章节 ：587------当前token消耗: 1642899(all) = 1384302(in) + 258597(out)---压缩比:18.29%---

 38%|███▊      | 588/1563 [2:59:06<5:21:37, 19.79s/it]本次token消耗: 2894
------当前第588章节 ~ 第588章节 ：588------当前token消耗: 1645793(all) = 1386664(in) + 259129(out)---压缩比:18.29%---

 38%|███▊      | 589/1563 [2:59:28<5:29:50, 20.32s/it]本次token消耗: 2922
------当前第589章节 ~ 第589章节 ：589------当前token消耗: 1648715(all) = 1389120(in) + 259595(out)---压缩比:18.29%---

 38%|███▊      | 590/1563 [2:59:47<5:24:04, 19.98s/it]本次token消耗: 2791
------当前第590章节 ~ 第590章节 ：590------当前token消耗: 1651506(all) = 1391511(in) + 259995(out)---压缩比:18.29%---

 38%|███▊      | 591/1563 [3:00:04<5:10:14, 19.15s/it]本次token消耗: 2828
------当前第591章节 ~ 第591章节 ：591------当前token消耗: 1654334(all) = 1393997(in) + 260337(out)---压缩比:18.28%---

 38%|███▊      | 592/1563 [3:00:19<4:48:55, 17.85s/it]本次token消耗: 2722
------当前第592章节 ~ 第592章节 ：592------当前token消耗: 1657056(all) = 1396444(in) + 260612(out)---压缩比:18.27%---

 38%|███▊      | 593/1563 [3:00:31<4:22:05, 16.21s/it]本次token消耗: 2962
------当前第593章节 ~ 第593章节 ：593------当前token消耗: 1660018(all) = 1398787(in) + 261231(out)---压缩比:18.28%---

 38%|███▊      | 594/1563 [3:00:56<5:03:06, 18.77s/it]本次token消耗: 2708
------当前第594章节 ~ 第594章节 ：594------当前token消耗: 1662726(all) = 1401177(in) + 261549(out)---压缩比:18.27%---

 38%|███▊      | 595/1563 [3:01:10<4:39:42, 17.34s/it]本次token消耗: 2818
------当前第595章节 ~ 第595章节 ：595------当前token消耗: 1665544(all) = 1403531(in) + 262013(out)---压缩比:18.28%---

 38%|███▊      | 596/1563 [3:01:29<4:48:19, 17.89s/it]本次token消耗: 2996
------当前第596章节 ~ 第596章节 ：596------当前token消耗: 1668540(all) = 1406084(in) + 262456(out)---压缩比:18.27%---

 38%|███▊      | 597/1563 [3:01:48<4:50:30, 18.04s/it]本次token消耗: 3051
------当前第597章节 ~ 第597章节 ：597------当前token消耗: 1671591(all) = 1408655(in) + 262936(out)---压缩比:18.27%---

 38%|███▊      | 598/1563 [3:02:07<4:58:49, 18.58s/it]本次token消耗: 2854
------当前第598章节 ~ 第598章节 ：598------当前token消耗: 1674445(all) = 1411037(in) + 263408(out)---压缩比:18.28%---

 38%|███▊      | 599/1563 [3:02:27<5:02:57, 18.86s/it]本次token消耗: 3789
------当前第599章节 ~ 第599章节 ：599------当前token消耗: 1678234(all) = 1414386(in) + 263848(out)---压缩比:18.26%---

 38%|███▊      | 600/1563 [3:02:46<5:04:17, 18.96s/it]本次token消耗: 3266
------当前第600章节 ~ 第600章节 ：600------当前token消耗: 1681500(all) = 1417151(in) + 264349(out)---压缩比:18.26%---

 38%|███▊      | 601/1563 [3:03:07<5:13:03, 19.53s/it]本次token消耗: 3429
------当前第601章节 ~ 第601章节 ：601------当前token消耗: 1684929(all) = 1419898(in) + 265031(out)---压缩比:18.27%---

 39%|███▊      | 602/1563 [3:03:35<5:51:26, 21.94s/it]本次token消耗: 2974
------当前第602章节 ~ 第602章节 ：602------当前token消耗: 1687903(all) = 1422470(in) + 265433(out)---压缩比:18.26%---

 39%|███▊      | 603/1563 [3:03:52<5:27:38, 20.48s/it]本次token消耗: 3279
------当前第603章节 ~ 第603章节 ：603------当前token消耗: 1691182(all) = 1425296(in) + 265886(out)---压缩比:18.26%---

 39%|███▊      | 604/1563 [3:04:11<5:21:42, 20.13s/it]本次token消耗: 3030
------当前第604章节 ~ 第604章节 ：604------当前token消耗: 1694212(all) = 1427927(in) + 266285(out)---压缩比:18.25%---

 39%|███▊      | 605/1563 [3:04:28<5:08:10, 19.30s/it]本次token消耗: 2785
------当前第605章节 ~ 第605章节 ：605------当前token消耗: 1696997(all) = 1430323(in) + 266674(out)---压缩比:18.25%---

 39%|███▉      | 606/1563 [3:04:45<4:54:24, 18.46s/it]本次token消耗: 2772
------当前第606章节 ~ 第606章节 ：606------当前token消耗: 1699769(all) = 1432676(in) + 267093(out)---压缩比:18.25%---

 39%|███▉      | 607/1563 [3:05:02<4:49:18, 18.16s/it]本次token消耗: 2901
------当前第607章节 ~ 第607章节 ：607------当前token消耗: 1702670(all) = 1435011(in) + 267659(out)---压缩比:18.25%---

 39%|███▉      | 608/1563 [3:05:25<5:11:56, 19.60s/it]本次token消耗: 2842
------当前第608章节 ~ 第608章节 ：608------当前token消耗: 1705512(all) = 1437466(in) + 268046(out)---压缩比:18.25%---

 39%|███▉      | 609/1563 [3:05:42<4:55:59, 18.62s/it]本次token消耗: 3064
------当前第609章节 ~ 第609章节 ：609------当前token消耗: 1708576(all) = 1439879(in) + 268697(out)---压缩比:18.26%---

 39%|███▉      | 610/1563 [3:06:07<5:29:47, 20.76s/it]本次token消耗: 2799
------当前第610章节 ~ 第610章节 ：610------当前token消耗: 1711375(all) = 1442259(in) + 269116(out)---压缩比:18.26%---

 39%|███▉      | 611/1563 [3:06:25<5:13:51, 19.78s/it]本次token消耗: 2966
------当前第611章节 ~ 第611章节 ：611------当前token消耗: 1714341(all) = 1444727(in) + 269614(out)---压缩比:18.26%---

 39%|███▉      | 612/1563 [3:06:46<5:18:30, 20.10s/it]本次token消耗: 2873
------当前第612章节 ~ 第612章节 ：612------当前token消耗: 1717214(all) = 1447205(in) + 270009(out)---压缩比:18.25%---

 39%|███▉      | 613/1563 [3:07:02<5:01:56, 19.07s/it]本次token消耗: 2828
------当前第613章节 ~ 第613章节 ：613------当前token消耗: 1720042(all) = 1449622(in) + 270420(out)---压缩比:18.25%---

 39%|███▉      | 614/1563 [3:07:19<4:52:46, 18.51s/it]本次token消耗: 2955
------当前第614章节 ~ 第614章节 ：614------当前token消耗: 1722997(all) = 1452084(in) + 270913(out)---压缩比:18.25%---

 39%|███▉      | 615/1563 [3:07:40<5:00:48, 19.04s/it]本次token消耗: 2834
------当前第615章节 ~ 第615章节 ：615------当前token消耗: 1725831(all) = 1454510(in) + 271321(out)---压缩比:18.25%---

 39%|███▉      | 616/1563 [3:07:57<4:51:19, 18.46s/it]本次token消耗: 2919
------当前第616章节 ~ 第616章节 ：616------当前token消耗: 1728750(all) = 1456925(in) + 271825(out)---压缩比:18.25%---

 39%|███▉      | 617/1563 [3:08:18<5:02:11, 19.17s/it]本次token消耗: 2840
------当前第617章节 ~ 第617章节 ：617------当前token消耗: 1731590(all) = 1459365(in) + 272225(out)---压缩比:18.25%---

 40%|███▉      | 618/1563 [3:08:35<4:51:00, 18.48s/it]本次token消耗: 2937
------当前第618章节 ~ 第618章节 ：618------当前token消耗: 1734527(all) = 1461812(in) + 272715(out)---压缩比:18.25%---

 40%|███▉      | 619/1563 [3:08:55<4:58:31, 18.97s/it]本次token消耗: 2810
------当前第619章节 ~ 第619章节 ：619------当前token消耗: 1737337(all) = 1464190(in) + 273147(out)---压缩比:18.25%---

 40%|███▉      | 620/1563 [3:09:13<4:52:51, 18.63s/it]本次token消耗: 2763
------当前第620章节 ~ 第620章节 ：620------当前token消耗: 1740100(all) = 1466584(in) + 273516(out)---压缩比:18.25%---

 40%|███▉      | 621/1563 [3:09:28<4:39:20, 17.79s/it]本次token消耗: 3061
------当前第621章节 ~ 第621章节 ：621------当前token消耗: 1743161(all) = 1469090(in) + 274071(out)---压缩比:18.25%---

 40%|███▉      | 622/1563 [3:09:51<5:00:49, 19.18s/it]本次token消耗: 2811
------当前第622章节 ~ 第622章节 ：622------当前token消耗: 1745972(all) = 1471480(in) + 274492(out)---压缩比:18.25%---

 40%|███▉      | 623/1563 [3:10:09<4:53:51, 18.76s/it]本次token消耗: 2770
------当前第623章节 ~ 第623章节 ：623------当前token消耗: 1748742(all) = 1473874(in) + 274868(out)---压缩比:18.24%---

 40%|███▉      | 624/1563 [3:10:24<4:40:08, 17.90s/it]本次token消耗: 2843
------当前第624章节 ~ 第624章节 ：624------当前token消耗: 1751585(all) = 1476248(in) + 275337(out)---压缩比:18.24%---

 40%|███▉      | 625/1563 [3:10:44<4:46:50, 18.35s/it]本次token消耗: 2737
------当前第625章节 ~ 第625章节 ：625------当前token消耗: 1754322(all) = 1478663(in) + 275659(out)---压缩比:18.23%---

 40%|████      | 626/1563 [3:10:58<4:27:09, 17.11s/it]本次token消耗: 2849
------当前第626章节 ~ 第626章节 ：626------当前token消耗: 1757171(all) = 1481016(in) + 276155(out)---压缩比:18.24%---

 40%|████      | 627/1563 [3:11:18<4:41:49, 18.07s/it]本次token消耗: 2655
------当前第627章节 ~ 第627章节 ：627------当前token消耗: 1759826(all) = 1483358(in) + 276468(out)---压缩比:18.23%---

 40%|████      | 628/1563 [3:11:32<4:20:47, 16.74s/it]本次token消耗: 3412
------当前第628章节 ~ 第628章节 ：628------当前token消耗: 1763238(all) = 1485743(in) + 277495(out)---压缩比:18.26%---

 40%|████      | 629/1563 [3:12:12<6:09:30, 23.74s/it]本次token消耗: 3153
------当前第629章节 ~ 第629章节 ：629------当前token消耗: 1766391(all) = 1488097(in) + 278294(out)---压缩比:18.29%---

 40%|████      | 630/1563 [3:12:44<6:45:24, 26.07s/it]本次token消耗: 2887
------当前第630章节 ~ 第630章节 ：630------当前token消耗: 1769278(all) = 1490487(in) + 278791(out)---压缩比:18.29%---

 40%|████      | 631/1563 [3:13:04<6:18:00, 24.34s/it]本次token消耗: 2773
------当前第631章节 ~ 第631章节 ：631------当前token消耗: 1772051(all) = 1492853(in) + 279198(out)---压缩比:18.29%---

 40%|████      | 632/1563 [3:13:21<5:43:25, 22.13s/it]本次token消耗: 2749
------当前第632章节 ~ 第632章节 ：632------当前token消耗: 1774800(all) = 1495242(in) + 279558(out)---压缩比:18.28%---

 40%|████      | 633/1563 [3:13:36<5:11:14, 20.08s/it]本次token消耗: 2822
------当前第633章节 ~ 第633章节 ：633------当前token消耗: 1777622(all) = 1497659(in) + 279963(out)---压缩比:18.28%---

 41%|████      | 634/1563 [3:13:53<4:56:47, 19.17s/it]本次token消耗: 3090
------当前第634章节 ~ 第634章节 ：634------当前token消耗: 1780712(all) = 1500134(in) + 280578(out)---压缩比:18.29%---

 41%|████      | 635/1563 [3:14:18<5:23:11, 20.90s/it]本次token消耗: 2858
------当前第635章节 ~ 第635章节 ：635------当前token消耗: 1783570(all) = 1502526(in) + 281044(out)---压缩比:18.29%---

 41%|████      | 636/1563 [3:14:37<5:15:12, 20.40s/it]本次token消耗: 2819
------当前第636章节 ~ 第636章节 ：636------当前token消耗: 1786389(all) = 1504982(in) + 281407(out)---压缩比:18.28%---

 41%|████      | 637/1563 [3:14:53<4:52:08, 18.93s/it]本次token消耗: 2807
------当前第637章节 ~ 第637章节 ：637------当前token消耗: 1789196(all) = 1507372(in) + 281824(out)---压缩比:18.28%---

 41%|████      | 638/1563 [3:15:10<4:44:42, 18.47s/it]本次token消耗: 2870
------当前第638章节 ~ 第638章节 ：638------当前token消耗: 1792066(all) = 1509842(in) + 282224(out)---压缩比:18.27%---

 41%|████      | 639/1563 [3:15:27<4:36:50, 17.98s/it]本次token消耗: 2791
------当前第639章节 ~ 第639章节 ：639------当前token消耗: 1794857(all) = 1512281(in) + 282576(out)---压缩比:18.27%---

 41%|████      | 640/1563 [3:15:42<4:24:22, 17.19s/it]本次token消耗: 3033
------当前第640章节 ~ 第640章节 ：640------当前token消耗: 1797890(all) = 1514688(in) + 283202(out)---压缩比:18.28%---

 41%|████      | 641/1563 [3:16:07<5:00:04, 19.53s/it]本次token消耗: 2898
------当前第641章节 ~ 第641章节 ：641------当前token消耗: 1800788(all) = 1517085(in) + 283703(out)---压缩比:18.28%---

 41%|████      | 642/1563 [3:16:28<5:05:59, 19.93s/it]本次token消耗: 3099
------当前第642章节 ~ 第642章节 ：642------当前token消耗: 1803887(all) = 1519646(in) + 284241(out)---压缩比:18.28%---

 41%|████      | 643/1563 [3:16:50<5:14:59, 20.54s/it]本次token消耗: 2780
------当前第643章节 ~ 第643章节 ：643------当前token消耗: 1806667(all) = 1522000(in) + 284667(out)---压缩比:18.28%---

 41%|████      | 644/1563 [3:17:08<5:01:10, 19.66s/it]本次token消耗: 2749
------当前第644章节 ~ 第644章节 ：644------当前token消耗: 1809416(all) = 1524408(in) + 285008(out)---压缩比:18.27%---

 41%|████▏     | 645/1563 [3:17:23<4:38:35, 18.21s/it]本次token消耗: 2807
------当前第645章节 ~ 第645章节 ：645------当前token消耗: 1812223(all) = 1526798(in) + 285425(out)---压缩比:18.27%---

 41%|████▏     | 646/1563 [3:17:40<4:34:23, 17.95s/it]本次token消耗: 2910
------当前第646章节 ~ 第646章节 ：646------当前token消耗: 1815133(all) = 1529286(in) + 285847(out)---压缩比:18.27%---

 41%|████▏     | 647/1563 [3:17:58<4:32:28, 17.85s/it]本次token消耗: 2949
------当前第647章节 ~ 第647章节 ：647------当前token消耗: 1818082(all) = 1531616(in) + 286466(out)---压缩比:18.28%---

 41%|████▏     | 648/1563 [3:18:23<5:04:20, 19.96s/it]本次token消耗: 2779
------当前第648章节 ~ 第648章节 ：648------当前token消耗: 1820861(all) = 1533997(in) + 286864(out)---压缩比:18.28%---

 42%|████▏     | 649/1563 [3:18:39<4:49:35, 19.01s/it]本次token消耗: 2864
------当前第649章节 ~ 第649章节 ：649------当前token消耗: 1823725(all) = 1536434(in) + 287291(out)---压缩比:18.27%---

 42%|████▏     | 650/1563 [3:18:57<4:44:25, 18.69s/it]本次token消耗: 2961
------当前第650章节 ~ 第650章节 ：650------当前token消耗: 1826686(all) = 1538879(in) + 287807(out)---压缩比:18.28%---

 42%|████▏     | 651/1563 [3:19:18<4:54:40, 19.39s/it]本次token消耗: 2834
------当前第651章节 ~ 第651章节 ：651------当前token消耗: 1829520(all) = 1541299(in) + 288221(out)---压缩比:18.28%---

 42%|████▏     | 652/1563 [3:19:36<4:45:54, 18.83s/it]本次token消耗: 2837
------当前第652章节 ~ 第652章节 ：652------当前token消耗: 1832357(all) = 1543659(in) + 288698(out)---压缩比:18.28%---

 42%|████▏     | 653/1563 [3:19:56<4:50:18, 19.14s/it]本次token消耗: 2984
------当前第653章节 ~ 第653章节 ：653------当前token消耗: 1835341(all) = 1546104(in) + 289237(out)---压缩比:18.28%---

 42%|████▏     | 654/1563 [3:20:18<5:04:49, 20.12s/it]本次token消耗: 3051
------当前第654章节 ~ 第654章节 ：654------当前token消耗: 1838392(all) = 1548593(in) + 289799(out)---压缩比:18.29%---

 42%|████▏     | 655/1563 [3:20:41<5:17:11, 20.96s/it]本次token消耗: 2873
------当前第655章节 ~ 第655章节 ：655------当前token消耗: 1841265(all) = 1550998(in) + 290267(out)---压缩比:18.29%---

 42%|████▏     | 656/1563 [3:21:00<5:09:49, 20.50s/it]本次token消耗: 2962
------当前第656章节 ~ 第656章节 ：656------当前token消耗: 1844227(all) = 1553416(in) + 290811(out)---压缩比:18.3%---

 42%|████▏     | 657/1563 [3:21:23<5:18:54, 21.12s/it]本次token消耗: 2846
------当前第657章节 ~ 第657章节 ：657------当前token消耗: 1847073(all) = 1555829(in) + 291244(out)---压缩比:18.29%---

 42%|████▏     | 658/1563 [3:21:41<5:04:03, 20.16s/it]本次token消耗: 2815
------当前第658章节 ~ 第658章节 ：658------当前token消耗: 1849888(all) = 1558272(in) + 291616(out)---压缩比:18.29%---

 42%|████▏     | 659/1563 [3:21:57<4:44:23, 18.88s/it]本次token消耗: 2934
------当前第659章节 ~ 第659章节 ：659------当前token消耗: 1852822(all) = 1560760(in) + 292062(out)---压缩比:18.29%---

 42%|████▏     | 660/1563 [3:22:15<4:42:45, 18.79s/it]本次token消耗: 2904
------当前第660章节 ~ 第660章节 ：660------当前token消耗: 1855726(all) = 1563138(in) + 292588(out)---压缩比:18.29%---

 42%|████▏     | 661/1563 [3:22:37<4:54:15, 19.57s/it]本次token消耗: 2712
------当前第661章节 ~ 第661章节 ：661------当前token消耗: 1858438(all) = 1565541(in) + 292897(out)---压缩比:18.28%---

 42%|████▏     | 662/1563 [3:22:50<4:26:55, 17.78s/it]本次token消耗: 2761
------当前第662章节 ~ 第662章节 ：662------当前token消耗: 1861199(all) = 1567907(in) + 293292(out)---压缩比:18.28%---

 42%|████▏     | 663/1563 [3:23:07<4:21:37, 17.44s/it]本次token消耗: 2687
------当前第663章节 ~ 第663章节 ：663------当前token消耗: 1863886(all) = 1570299(in) + 293587(out)---压缩比:18.27%---

 42%|████▏     | 664/1563 [3:23:20<4:01:45, 16.13s/it]本次token消耗: 2723
------当前第664章节 ~ 第664章节 ：664------当前token消耗: 1866609(all) = 1572739(in) + 293870(out)---压缩比:18.26%---

 43%|████▎     | 665/1563 [3:23:33<3:45:30, 15.07s/it]本次token消耗: 2798
------当前第665章节 ~ 第665章节 ：665------当前token消耗: 1869407(all) = 1575164(in) + 294243(out)---压缩比:18.26%---

 43%|████▎     | 666/1563 [3:23:49<3:50:02, 15.39s/it]本次token消耗: 2785
------当前第666章节 ~ 第666章节 ：666------当前token消耗: 1872192(all) = 1577560(in) + 294632(out)---压缩比:18.25%---

 43%|████▎     | 667/1563 [3:24:05<3:55:04, 15.74s/it]本次token消耗: 2698
------当前第667章节 ~ 第667章节 ：667------当前token消耗: 1874890(all) = 1579903(in) + 294987(out)---压缩比:18.25%---

 43%|████▎     | 668/1563 [3:24:20<3:51:57, 15.55s/it]本次token消耗: 3017
------当前第668章节 ~ 第668章节 ：668------当前token消耗: 1877907(all) = 1582336(in) + 295571(out)---压缩比:18.25%---

 43%|████▎     | 669/1563 [3:24:44<4:28:10, 18.00s/it]本次token消耗: 2960
------当前第669章节 ~ 第669章节 ：669------当前token消耗: 1880867(all) = 1584764(in) + 296103(out)---压缩比:18.26%---

 43%|████▎     | 670/1563 [3:25:06<4:44:41, 19.13s/it]本次token消耗: 2749
------当前第670章节 ~ 第670章节 ：670------当前token消耗: 1883616(all) = 1587108(in) + 296508(out)---压缩比:18.26%---

 43%|████▎     | 671/1563 [3:25:23<4:35:47, 18.55s/it]本次token消耗: 2802
------当前第671章节 ~ 第671章节 ：671------当前token消耗: 1886418(all) = 1589525(in) + 296893(out)---压缩比:18.25%---

 43%|████▎     | 672/1563 [3:25:39<4:25:06, 17.85s/it]本次token消耗: 2914
------当前第672章节 ~ 第672章节 ：672------当前token消耗: 1889332(all) = 1591875(in) + 297457(out)---压缩比:18.26%---

 43%|████▎     | 673/1563 [3:26:02<4:46:20, 19.30s/it]本次token消耗: 2801
------当前第673章节 ~ 第673章节 ：673------当前token消耗: 1892133(all) = 1594238(in) + 297895(out)---压缩比:18.26%---

 43%|████▎     | 674/1563 [3:26:20<4:40:41, 18.94s/it]本次token消耗: 2780
------当前第674章节 ~ 第674章节 ：674------当前token消耗: 1894913(all) = 1596637(in) + 298276(out)---压缩比:18.25%---

 43%|████▎     | 675/1563 [3:26:36<4:28:35, 18.15s/it]本次token消耗: 2812
------当前第675章节 ~ 第675章节 ：675------当前token消耗: 1897725(all) = 1598993(in) + 298732(out)---压缩比:18.25%---

 43%|████▎     | 676/1563 [3:26:56<4:32:30, 18.43s/it]本次token消耗: 2889
------当前第676章节 ~ 第676章节 ：676------当前token消耗: 1900614(all) = 1601448(in) + 299166(out)---压缩比:18.25%---

 43%|████▎     | 677/1563 [3:27:14<4:32:37, 18.46s/it]本次token消耗: 2917
------当前第677章节 ~ 第677章节 ：677------当前token消耗: 1903531(all) = 1603888(in) + 299643(out)---压缩比:18.25%---

 43%|████▎     | 678/1563 [3:27:34<4:38:30, 18.88s/it]本次token消耗: 2825
------当前第678章节 ~ 第678章节 ：678------当前token消耗: 1906356(all) = 1606332(in) + 300024(out)---压缩比:18.25%---

 43%|████▎     | 679/1563 [3:27:50<4:27:02, 18.12s/it]本次token消耗: 2879
------当前第679章节 ~ 第679章节 ：679------当前token消耗: 1909235(all) = 1608797(in) + 300438(out)---压缩比:18.25%---

 44%|████▎     | 680/1563 [3:28:08<4:23:37, 17.91s/it]本次token消耗: 3006
------当前第680章节 ~ 第680章节 ：680------当前token消耗: 1912241(all) = 1611098(in) + 301143(out)---压缩比:18.27%---

 44%|████▎     | 681/1563 [3:28:36<5:07:58, 20.95s/it]本次token消耗: 2692
------当前第681章节 ~ 第681章节 ：681------当前token消耗: 1914933(all) = 1613410(in) + 301523(out)---压缩比:18.26%---

 44%|████▎     | 682/1563 [3:28:52<4:46:05, 19.48s/it]本次token消耗: 2858
------当前第682章节 ~ 第682章节 ：682------当前token消耗: 1917791(all) = 1615913(in) + 301878(out)---压缩比:18.25%---

 44%|████▎     | 683/1563 [3:29:07<4:27:49, 18.26s/it]本次token消耗: 2736
------当前第683章节 ~ 第683章节 ：683------当前token消耗: 1920527(all) = 1618360(in) + 302167(out)---压缩比:18.24%---

 44%|████▍     | 684/1563 [3:29:20<4:04:16, 16.67s/it]本次token消耗: 2893
------当前第684章节 ~ 第684章节 ：684------当前token消耗: 1923420(all) = 1620685(in) + 302735(out)---压缩比:18.25%---

 44%|████▍     | 685/1563 [3:29:43<4:31:16, 18.54s/it]本次token消耗: 2742
------当前第685章节 ~ 第685章节 ：685------当前token消耗: 1926162(all) = 1623093(in) + 303069(out)---压缩比:18.24%---

 44%|████▍     | 686/1563 [3:29:58<4:13:46, 17.36s/it]本次token消耗: 2937
------当前第686章节 ~ 第686章节 ：686------当前token消耗: 1929099(all) = 1625576(in) + 303523(out)---压缩比:18.24%---

 44%|████▍     | 687/1563 [3:30:17<4:19:53, 17.80s/it]本次token消耗: 3030
------当前第687章节 ~ 第687章节 ：687------当前token消耗: 1932129(all) = 1628143(in) + 303986(out)---压缩比:18.25%---

 44%|████▍     | 688/1563 [3:30:36<4:26:40, 18.29s/it]本次token消耗: 2855
------当前第688章节 ~ 第688章节 ：688------当前token消耗: 1934984(all) = 1630601(in) + 304383(out)---压缩比:18.24%---

 44%|████▍     | 689/1563 [3:30:53<4:19:27, 17.81s/it]本次token消耗: 3017
------当前第689章节 ~ 第689章节 ：689------当前token消耗: 1938001(all) = 1633035(in) + 304966(out)---压缩比:18.25%---

 44%|████▍     | 690/1563 [3:31:16<4:44:18, 19.54s/it]本次token消耗: 2986
------当前第690章节 ~ 第690章节 ：690------当前token消耗: 1940987(all) = 1635533(in) + 305454(out)---压缩比:18.25%---

 44%|████▍     | 691/1563 [3:31:36<4:46:57, 19.74s/it]本次token消耗: 3061
------当前第691章节 ~ 第691章节 ：691------当前token消耗: 1944048(all) = 1638012(in) + 306036(out)---压缩比:18.25%---

 44%|████▍     | 692/1563 [3:32:00<5:03:36, 20.91s/it]本次token消耗: 2949
------当前第692章节 ~ 第692章节 ：692------当前token消耗: 1946997(all) = 1640468(in) + 306529(out)---压缩比:18.26%---

 44%|████▍     | 693/1563 [3:32:20<4:59:44, 20.67s/it]本次token消耗: 2895
------当前第693章节 ~ 第693章节 ：693------当前token消耗: 1949892(all) = 1642936(in) + 306956(out)---压缩比:18.25%---

 44%|████▍     | 694/1563 [3:32:38<4:47:14, 19.83s/it]本次token消耗: 2979
------当前第694章节 ~ 第694章节 ：694------当前token消耗: 1952871(all) = 1645351(in) + 307520(out)---压缩比:18.26%---

 44%|████▍     | 695/1563 [3:33:01<5:00:51, 20.80s/it]本次token消耗: 2874
------当前第695章节 ~ 第695章节 ：695------当前token消耗: 1955745(all) = 1647721(in) + 308024(out)---压缩比:18.26%---

 45%|████▍     | 696/1563 [3:33:22<4:59:30, 20.73s/it]本次token消耗: 2831
------当前第696章节 ~ 第696章节 ：696------当前token消耗: 1958576(all) = 1650218(in) + 308358(out)---压缩比:18.26%---

 45%|████▍     | 697/1563 [3:33:36<4:32:30, 18.88s/it]本次token消耗: 2813
------当前第697章节 ~ 第697章节 ：697------当前token消耗: 1961389(all) = 1652654(in) + 308735(out)---压缩比:18.25%---

 45%|████▍     | 698/1563 [3:33:52<4:19:29, 18.00s/it]本次token消耗: 3129
------当前第698章节 ~ 第698章节 ：698------当前token消耗: 1964518(all) = 1655249(in) + 309269(out)---压缩比:18.26%---

 45%|████▍     | 699/1563 [3:34:14<4:35:59, 19.17s/it]本次token消耗: 2933
------当前第699章节 ~ 第699章节 ：699------当前token消耗: 1967451(all) = 1657697(in) + 309754(out)---压缩比:18.26%---

 45%|████▍     | 700/1563 [3:34:34<4:38:49, 19.39s/it]本次token消耗: 2903
------当前第700章节 ~ 第700章节 ：700------当前token消耗: 1970354(all) = 1660033(in) + 310321(out)---压缩比:18.27%---

 45%|████▍     | 701/1563 [3:34:57<4:52:38, 20.37s/it]本次token消耗: 2848
------当前第701章节 ~ 第701章节 ：701------当前token消耗: 1973202(all) = 1662441(in) + 310761(out)---压缩比:18.27%---

 45%|████▍     | 702/1563 [3:35:15<4:44:31, 19.83s/it]本次token消耗: 2867
------当前第702章节 ~ 第702章节 ：702------当前token消耗: 1976069(all) = 1664818(in) + 311251(out)---压缩比:18.27%---

 45%|████▍     | 703/1563 [3:35:35<4:45:18, 19.90s/it]本次token消耗: 2796
------当前第703章节 ~ 第703章节 ：703------当前token消耗: 1978865(all) = 1667165(in) + 311700(out)---压缩比:18.27%---

 45%|████▌     | 704/1563 [3:35:54<4:38:35, 19.46s/it]本次token消耗: 2863
------当前第704章节 ~ 第704章节 ：704------当前token消耗: 1981728(all) = 1669517(in) + 312211(out)---压缩比:18.27%---

 45%|████▌     | 705/1563 [3:36:14<4:43:52, 19.85s/it]本次token消耗: 2884
------当前第705章节 ~ 第705章节 ：705------当前token消耗: 1984612(all) = 1671909(in) + 312703(out)---压缩比:18.28%---

 45%|████▌     | 706/1563 [3:36:35<4:45:09, 19.96s/it]本次token消耗: 2795
------当前第706章节 ~ 第706章节 ：706------当前token消耗: 1987407(all) = 1674330(in) + 313077(out)---压缩比:18.27%---

 45%|████▌     | 707/1563 [3:36:51<4:27:10, 18.73s/it]本次token消耗: 2618
------当前第707章节 ~ 第707章节 ：707------当前token消耗: 1990025(all) = 1676661(in) + 313364(out)---压缩比:18.27%---

 45%|████▌     | 708/1563 [3:37:03<4:00:37, 16.89s/it]本次token消耗: 2877
------当前第708章节 ~ 第708章节 ：708------当前token消耗: 1992902(all) = 1679148(in) + 313754(out)---压缩比:18.26%---

 45%|████▌     | 709/1563 [3:37:20<3:58:39, 16.77s/it]本次token消耗: 2965
------当前第709章节 ~ 第709章节 ：709------当前token消耗: 1995867(all) = 1681803(in) + 314064(out)---压缩比:18.25%---

 45%|████▌     | 710/1563 [3:37:33<3:45:37, 15.87s/it]本次token消耗: 2987
------当前第710章节 ~ 第710章节 ：710------当前token消耗: 1998854(all) = 1684333(in) + 314521(out)---压缩比:18.25%---

 45%|████▌     | 711/1563 [3:37:53<3:59:01, 16.83s/it]本次token消耗: 2913
------当前第711章节 ~ 第711章节 ：711------当前token消耗: 2001767(all) = 1686801(in) + 314966(out)---压缩比:18.25%---

 46%|████▌     | 712/1563 [3:38:11<4:07:38, 17.46s/it]本次token消耗: 2961
------当前第712章节 ~ 第712章节 ：712------当前token消耗: 2004728(all) = 1689236(in) + 315492(out)---压缩比:18.25%---

 46%|████▌     | 713/1563 [3:38:33<4:24:44, 18.69s/it]本次token消耗: 2856
------当前第713章节 ~ 第713章节 ：713------当前token消耗: 2007584(all) = 1691648(in) + 315936(out)---压缩比:18.25%---

 46%|████▌     | 714/1563 [3:38:51<4:23:28, 18.62s/it]本次token消耗: 2829
------当前第714章节 ~ 第714章节 ：714------当前token消耗: 2010413(all) = 1694058(in) + 316355(out)---压缩比:18.25%---

 46%|████▌     | 715/1563 [3:39:09<4:18:08, 18.26s/it]本次token消耗: 2926
------当前第715章节 ~ 第715章节 ：715------当前token消耗: 2013339(all) = 1696521(in) + 316818(out)---压缩比:18.25%---

 46%|████▌     | 716/1563 [3:39:28<4:22:32, 18.60s/it]本次token消耗: 2980
------当前第716章节 ~ 第716章节 ：716------当前token消耗: 2016319(all) = 1698983(in) + 317336(out)---压缩比:18.25%---

 46%|████▌     | 717/1563 [3:39:50<4:33:29, 19.40s/it]本次token消耗: 2801
------当前第717章节 ~ 第717章节 ：717------当前token消耗: 2019120(all) = 1701401(in) + 317719(out)---压缩比:18.25%---

 46%|████▌     | 718/1563 [3:40:06<4:21:16, 18.55s/it]本次token消耗: 2946
------当前第718章节 ~ 第718章节 ：718------当前token消耗: 2022066(all) = 1703819(in) + 318247(out)---压缩比:18.25%---

 46%|████▌     | 719/1563 [3:40:27<4:32:46, 19.39s/it]本次token消耗: 2695
------当前第719章节 ~ 第719章节 ：719------当前token消耗: 2024761(all) = 1706240(in) + 318521(out)---压缩比:18.24%---

 46%|████▌     | 720/1563 [3:40:40<4:02:16, 17.24s/it]本次token消耗: 3038
------当前第720章节 ~ 第720章节 ：720------当前token消耗: 2027799(all) = 1708586(in) + 319213(out)---压缩比:18.26%---

 46%|████▌     | 721/1563 [3:41:07<4:44:40, 20.29s/it]本次token消耗: 2893
------当前第721章节 ~ 第721章节 ：721------当前token消耗: 2030692(all) = 1711099(in) + 319593(out)---压缩比:18.25%---

 46%|████▌     | 722/1563 [3:41:23<4:26:55, 19.04s/it]本次token消耗: 2982
------当前第722章节 ~ 第722章节 ：722------当前token消耗: 2033674(all) = 1713559(in) + 320115(out)---压缩比:18.26%---

 46%|████▋     | 723/1563 [3:41:44<4:35:37, 19.69s/it]本次token消耗: 3052
------当前第723章节 ~ 第723章节 ：723------当前token消耗: 2036726(all) = 1716082(in) + 320644(out)---压缩比:18.26%---

 46%|████▋     | 724/1563 [3:42:06<4:43:24, 20.27s/it]本次token消耗: 2973
------当前第724章节 ~ 第724章节 ：724------当前token消耗: 2039699(all) = 1718486(in) + 321213(out)---压缩比:18.27%---

 46%|████▋     | 725/1563 [3:42:29<4:53:43, 21.03s/it]本次token消耗: 2927
------当前第725章节 ~ 第725章节 ：725------当前token消耗: 2042626(all) = 1720885(in) + 321741(out)---压缩比:18.27%---

 46%|████▋     | 726/1563 [3:42:50<4:55:29, 21.18s/it]本次token消耗: 2833
------当前第726章节 ~ 第726章节 ：726------当前token消耗: 2045459(all) = 1723276(in) + 322183(out)---压缩比:18.27%---

 47%|████▋     | 727/1563 [3:43:09<4:43:12, 20.33s/it]本次token消耗: 2945
------当前第727章节 ~ 第727章节 ：727------当前token消耗: 2048404(all) = 1725772(in) + 322632(out)---压缩比:18.27%---

 47%|████▋     | 728/1563 [3:43:27<4:35:49, 19.82s/it]本次token消耗: 3032
------当前第728章节 ~ 第728章节 ：728------当前token消耗: 2051436(all) = 1728362(in) + 323074(out)---压缩比:18.27%---

 47%|████▋     | 729/1563 [3:43:46<4:29:52, 19.42s/it]本次token消耗: 2793
------当前第729章节 ~ 第729章节 ：729------当前token消耗: 2054229(all) = 1730759(in) + 323470(out)---压缩比:18.27%---

 47%|████▋     | 730/1563 [3:44:03<4:18:47, 18.64s/it]本次token消耗: 2795
------当前第730章节 ~ 第730章节 ：730------当前token消耗: 2057024(all) = 1733160(in) + 323864(out)---压缩比:18.27%---

 47%|████▋     | 731/1563 [3:44:19<4:10:50, 18.09s/it]本次token消耗: 3020
------当前第731章节 ~ 第731章节 ：731------当前token消耗: 2060044(all) = 1735721(in) + 324323(out)---压缩比:18.26%---

 47%|████▋     | 732/1563 [3:44:39<4:15:51, 18.47s/it]本次token消耗: 2983
------当前第732章节 ~ 第732章节 ：732------当前token消耗: 2063027(all) = 1738082(in) + 324945(out)---压缩比:18.28%---

 47%|████▋     | 733/1563 [3:45:04<4:42:04, 20.39s/it]本次token消耗: 2930
------当前第733章节 ~ 第733章节 ：733------当前token消耗: 2065957(all) = 1740545(in) + 325412(out)---压缩比:18.28%---

 47%|████▋     | 734/1563 [3:45:23<4:37:28, 20.08s/it]本次token消耗: 2859
------当前第734章节 ~ 第734章节 ：734------当前token消耗: 2068816(all) = 1742985(in) + 325831(out)---压缩比:18.27%---

 47%|████▋     | 735/1563 [3:45:41<4:27:57, 19.42s/it]本次token消耗: 2974
------当前第735章节 ~ 第735章节 ：735------当前token消耗: 2071790(all) = 1745632(in) + 326158(out)---压缩比:18.26%---

 47%|████▋     | 736/1563 [3:45:55<4:07:30, 17.96s/it]本次token消耗: 3035
------当前第736章节 ~ 第736章节 ：736------当前token消耗: 2074825(all) = 1748270(in) + 326555(out)---压缩比:18.26%---

 47%|████▋     | 737/1563 [3:46:12<4:03:12, 17.67s/it]本次token消耗: 2878
------当前第737章节 ~ 第737章节 ：737------当前token消耗: 2077703(all) = 1750756(in) + 326947(out)---压缩比:18.26%---

 47%|████▋     | 738/1563 [3:46:29<3:58:41, 17.36s/it]本次token消耗: 3141
------当前第738章节 ~ 第738章节 ：738------当前token消耗: 2080844(all) = 1753337(in) + 327507(out)---压缩比:18.26%---

 47%|████▋     | 739/1563 [3:46:52<4:21:49, 19.07s/it]本次token消耗: 3042
------当前第739章节 ~ 第739章节 ：739------当前token消耗: 2083886(all) = 1755795(in) + 328091(out)---压缩比:18.26%---

 47%|████▋     | 740/1563 [3:47:16<4:40:34, 20.46s/it]本次token消耗: 2934
------当前第740章节 ~ 第740章节 ：740------当前token消耗: 2086820(all) = 1758328(in) + 328492(out)---压缩比:18.26%---

 47%|████▋     | 741/1563 [3:47:33<4:25:43, 19.40s/it]本次token消耗: 3133
------当前第741章节 ~ 第741章节 ：741------当前token消耗: 2089953(all) = 1760876(in) + 329077(out)---压缩比:18.26%---

 47%|████▋     | 742/1563 [3:47:57<4:44:33, 20.80s/it]本次token消耗: 3078
------当前第742章节 ~ 第742章节 ：742------当前token消耗: 2093031(all) = 1763494(in) + 329537(out)---压缩比:18.26%---

 48%|████▊     | 743/1563 [3:48:16<4:38:33, 20.38s/it]本次token消耗: 2967
------当前第743章节 ~ 第743章节 ：743------当前token消耗: 2095998(all) = 1766032(in) + 329966(out)---压缩比:18.26%---

 48%|████▊     | 744/1563 [3:48:34<4:28:09, 19.65s/it]本次token消耗: 2943
------当前第744章节 ~ 第744章节 ：744------当前token消耗: 2098941(all) = 1768487(in) + 330454(out)---压缩比:18.26%---

 48%|████▊     | 745/1563 [3:48:54<4:30:21, 19.83s/it]本次token消耗: 2717
------当前第745章节 ~ 第745章节 ：745------当前token消耗: 2101658(all) = 1770834(in) + 330824(out)---压缩比:18.26%---

 48%|████▊     | 746/1563 [3:49:10<4:13:16, 18.60s/it]本次token消耗: 2812
------当前第746章节 ~ 第746章节 ：746------当前token消耗: 2104470(all) = 1773328(in) + 331142(out)---压缩比:18.25%---

 48%|████▊     | 747/1563 [3:49:25<3:55:43, 17.33s/it]本次token消耗: 2846
------当前第747章节 ~ 第747章节 ：747------当前token消耗: 2107316(all) = 1775729(in) + 331587(out)---压缩比:18.25%---

 48%|████▊     | 748/1563 [3:49:43<4:00:28, 17.70s/it]本次token消耗: 2982
------当前第748章节 ~ 第748章节 ：748------当前token消耗: 2110298(all) = 1778159(in) + 332139(out)---压缩比:18.26%---

 48%|████▊     | 749/1563 [3:50:05<4:18:49, 19.08s/it]本次token消耗: 2820
------当前第749章节 ~ 第749章节 ：749------当前token消耗: 2113118(all) = 1780656(in) + 332462(out)---压缩比:18.25%---

 48%|████▊     | 750/1563 [3:50:20<3:59:10, 17.65s/it]本次token消耗: 2838
------当前第750章节 ~ 第750章节 ：750------当前token消耗: 2115956(all) = 1783113(in) + 332843(out)---压缩比:18.24%---

 48%|████▊     | 751/1563 [3:50:36<3:52:57, 17.21s/it]本次token消耗: 2887
------当前第751章节 ~ 第751章节 ：751------当前token消耗: 2118843(all) = 1785635(in) + 333208(out)---压缩比:18.24%---

 48%|████▊     | 752/1563 [3:50:52<3:46:24, 16.75s/it]本次token消耗: 2782
------当前第752章节 ~ 第752章节 ：752------当前token消耗: 2121625(all) = 1788082(in) + 333543(out)---压缩比:18.23%---

 48%|████▊     | 753/1563 [3:51:06<3:37:00, 16.07s/it]本次token消耗: 2939
------当前第753章节 ~ 第753章节 ：753------当前token消耗: 2124564(all) = 1790526(in) + 334038(out)---压缩比:18.23%---

 48%|████▊     | 754/1563 [3:51:26<3:53:19, 17.30s/it]本次token消耗: 2901
------当前第754章节 ~ 第754章节 ：754------当前token消耗: 2127465(all) = 1793135(in) + 334330(out)---压缩比:18.22%---

 48%|████▊     | 755/1563 [3:51:39<3:36:14, 16.06s/it]本次token消耗: 3117
------当前第755章节 ~ 第755章节 ：755------当前token消耗: 2130582(all) = 1795846(in) + 334736(out)---压缩比:18.21%---

 48%|████▊     | 756/1563 [3:51:57<3:41:29, 16.47s/it]本次token消耗: 2992
------当前第756章节 ~ 第756章节 ：756------当前token消耗: 2133574(all) = 1798217(in) + 335357(out)---压缩比:18.22%---

 48%|████▊     | 757/1563 [3:52:22<4:15:36, 19.03s/it]本次token消耗: 3016
------当前第757章节 ~ 第757章节 ：757------当前token消耗: 2136590(all) = 1800755(in) + 335835(out)---压缩比:18.22%---

 48%|████▊     | 758/1563 [3:52:42<4:18:32, 19.27s/it]本次token消耗: 2785
------当前第758章节 ~ 第758章节 ：758------当前token消耗: 2139375(all) = 1803260(in) + 336115(out)---压缩比:18.21%---

 49%|████▊     | 759/1563 [3:52:54<3:51:32, 17.28s/it]本次token消耗: 3034
------当前第759章节 ~ 第759章节 ：759------当前token消耗: 2142409(all) = 1805653(in) + 336756(out)---压缩比:18.22%---

 49%|████▊     | 760/1563 [3:53:20<4:24:15, 19.75s/it]本次token消耗: 2832
------当前第760章节 ~ 第760章节 ：760------当前token消耗: 2145241(all) = 1808133(in) + 337108(out)---压缩比:18.22%---

 49%|████▊     | 761/1563 [3:53:35<4:05:15, 18.35s/it]本次token消耗: 2818
------当前第761章节 ~ 第761章节 ：761------当前token消耗: 2148059(all) = 1810498(in) + 337561(out)---压缩比:18.22%---

 49%|████▉     | 762/1563 [3:53:53<4:05:52, 18.42s/it]本次token消耗: 3158
------当前第762章节 ~ 第762章节 ：762------当前token消耗: 2151217(all) = 1813137(in) + 338080(out)---压缩比:18.22%---

 49%|████▉     | 763/1563 [3:54:15<4:17:11, 19.29s/it]本次token消耗: 2790
------当前第763章节 ~ 第763章节 ：763------当前token消耗: 2154007(all) = 1815555(in) + 338452(out)---压缩比:18.22%---

 49%|████▉     | 764/1563 [3:54:31<4:04:41, 18.37s/it]本次token消耗: 2751
------当前第764章节 ~ 第764章节 ：764------当前token消耗: 2156758(all) = 1818026(in) + 338732(out)---压缩比:18.21%---

 49%|████▉     | 765/1563 [3:54:44<3:41:12, 16.63s/it]本次token消耗: 3558
------当前第765章节 ~ 第765章节 ：765------当前token消耗: 2160316(all) = 1820576(in) + 339740(out)---压缩比:18.24%---

 49%|████▉     | 766/1563 [3:55:23<5:10:07, 23.35s/it]本次token消耗: 2893
------当前第766章节 ~ 第766章节 ：766------当前token消耗: 2163209(all) = 1823035(in) + 340174(out)---压缩比:18.23%---

 49%|████▉     | 767/1563 [3:55:41<4:49:24, 21.81s/it]本次token消耗: 2785
------当前第767章节 ~ 第767章节 ：767------当前token消耗: 2165994(all) = 1825539(in) + 340455(out)---压缩比:18.23%---

 49%|████▉     | 768/1563 [3:55:54<4:13:02, 19.10s/it]本次token消耗: 2855
------当前第768章节 ~ 第768章节 ：768------当前token消耗: 2168849(all) = 1827997(in) + 340852(out)---压缩比:18.22%---

 49%|████▉     | 769/1563 [3:56:10<4:03:06, 18.37s/it]本次token消耗: 3049
------当前第769章节 ~ 第769章节 ：769------当前token消耗: 2171898(all) = 1830491(in) + 341407(out)---压缩比:18.23%---

 49%|████▉     | 770/1563 [3:56:33<4:18:58, 19.59s/it]本次token消耗: 2934
------当前第770章节 ~ 第770章节 ：770------当前token消耗: 2174832(all) = 1832921(in) + 341911(out)---压缩比:18.23%---

 49%|████▉     | 771/1563 [3:56:53<4:22:24, 19.88s/it]本次token消耗: 3191
------当前第771章节 ~ 第771章节 ：771------当前token消耗: 2178023(all) = 1835336(in) + 342687(out)---压缩比:18.25%---

 49%|████▉     | 772/1563 [3:57:24<5:05:02, 23.14s/it]本次token消耗: 2876
------当前第772章节 ~ 第772章节 ：772------当前token消耗: 2180899(all) = 1837889(in) + 343010(out)---压缩比:18.24%---

 49%|████▉     | 773/1563 [3:57:38<4:29:52, 20.50s/it]本次token消耗: 2868
------当前第773章节 ~ 第773章节 ：773------当前token消耗: 2183767(all) = 1840364(in) + 343403(out)---压缩比:18.24%---

 50%|████▉     | 774/1563 [3:57:55<4:14:46, 19.37s/it]本次token消耗: 2716
------当前第774章节 ~ 第774章节 ：774------当前token消耗: 2186483(all) = 1842669(in) + 343814(out)---压缩比:18.24%---

 50%|████▉     | 775/1563 [3:58:13<4:07:27, 18.84s/it]本次token消耗: 3144
------当前第775章节 ~ 第775章节 ：775------当前token消耗: 2189627(all) = 1845014(in) + 344613(out)---压缩比:18.26%---

 50%|████▉     | 776/1563 [3:58:44<4:57:37, 22.69s/it]本次token消耗: 2831
------当前第776章节 ~ 第776章节 ：776------当前token消耗: 2192458(all) = 1847383(in) + 345075(out)---压缩比:18.26%---

 50%|████▉     | 777/1563 [3:59:03<4:43:07, 21.61s/it]本次token消耗: 3304
------当前第777章节 ~ 第777章节 ：777------当前token消耗: 2195762(all) = 1849830(in) + 345932(out)---压缩比:18.28%---

 50%|████▉     | 778/1563 [3:59:37<5:30:32, 25.26s/it]本次token消耗: 2757
------当前第778章节 ~ 第778章节 ：778------当前token消耗: 2198519(all) = 1852178(in) + 346341(out)---压缩比:18.28%---

 50%|████▉     | 779/1563 [3:59:54<4:58:06, 22.81s/it]本次token消耗: 2861
------当前第779章节 ~ 第779章节 ：779------当前token消耗: 2201380(all) = 1854629(in) + 346751(out)---压缩比:18.28%---

 50%|████▉     | 780/1563 [4:00:12<4:36:17, 21.17s/it]本次token消耗: 2855
------当前第780章节 ~ 第780章节 ：780------当前token消耗: 2204235(all) = 1857086(in) + 347149(out)---压缩比:18.27%---

 50%|████▉     | 781/1563 [4:00:29<4:19:05, 19.88s/it]本次token消耗: 2749
------当前第781章节 ~ 第781章节 ：781------当前token消耗: 2206984(all) = 1859416(in) + 347568(out)---压缩比:18.27%---

 50%|█████     | 782/1563 [4:00:46<4:09:33, 19.17s/it]本次token消耗: 2858
------当前第782章节 ~ 第782章节 ：782------当前token消耗: 2209842(all) = 1861799(in) + 348043(out)---压缩比:18.27%---

 50%|█████     | 783/1563 [4:01:06<4:11:45, 19.37s/it]本次token消耗: 2746
------当前第783章节 ~ 第783章节 ：783------当前token消耗: 2212588(all) = 1864132(in) + 348456(out)---压缩比:18.27%---

 50%|█████     | 784/1563 [4:01:23<4:03:36, 18.76s/it]本次token消耗: 2913
------当前第784章节 ~ 第784章节 ：784------当前token消耗: 2215501(all) = 1866566(in) + 348935(out)---压缩比:18.27%---

 50%|█████     | 785/1563 [4:01:43<4:07:36, 19.10s/it]本次token消耗: 2858
------当前第785章节 ~ 第785章节 ：785------当前token消耗: 2218359(all) = 1869037(in) + 349322(out)---压缩比:18.26%---

 50%|█████     | 786/1563 [4:01:59<3:56:41, 18.28s/it]本次token消耗: 2870
------当前第786章节 ~ 第786章节 ：786------当前token消耗: 2221229(all) = 1871514(in) + 349715(out)---压缩比:18.26%---

 50%|█████     | 787/1563 [4:02:16<3:49:46, 17.77s/it]本次token消耗: 2806
------当前第787章节 ~ 第787章节 ：787------当前token消耗: 2224035(all) = 1873960(in) + 350075(out)---压缩比:18.25%---

 50%|█████     | 788/1563 [4:02:31<3:40:14, 17.05s/it]本次token消耗: 2802
------当前第788章节 ~ 第788章节 ：788------当前token消耗: 2226837(all) = 1876374(in) + 350463(out)---压缩比:18.25%---

 50%|█████     | 789/1563 [4:02:48<3:37:34, 16.87s/it]本次token消耗: 2896
------当前第789章节 ~ 第789章节 ：789------当前token消耗: 2229733(all) = 1878812(in) + 350921(out)---压缩比:18.25%---

 51%|█████     | 790/1563 [4:03:07<3:45:42, 17.52s/it]本次token消耗: 2817
------当前第790章节 ~ 第790章节 ：790------当前token消耗: 2232550(all) = 1881150(in) + 351400(out)---压缩比:18.25%---

 51%|█████     | 791/1563 [4:03:27<3:53:48, 18.17s/it]本次token消耗: 2917
------当前第791章节 ~ 第791章节 ：791------当前token消耗: 2235467(all) = 1883698(in) + 351769(out)---压缩比:18.25%---

 51%|█████     | 792/1563 [4:03:43<3:45:01, 17.51s/it]本次token消耗: 2891
------当前第792章节 ~ 第792章节 ：792------当前token消耗: 2238358(all) = 1886179(in) + 352179(out)---压缩比:18.24%---

 51%|█████     | 793/1563 [4:04:00<3:43:41, 17.43s/it]本次token消耗: 2846
------当前第793章节 ~ 第793章节 ：793------当前token消耗: 2241204(all) = 1888597(in) + 352607(out)---压缩比:18.24%---

 51%|█████     | 794/1563 [4:04:18<3:45:22, 17.58s/it]本次token消耗: 2756
------当前第794章节 ~ 第794章节 ：794------当前token消耗: 2243960(all) = 1891019(in) + 352941(out)---压缩比:18.24%---

 51%|█████     | 795/1563 [4:04:32<3:32:45, 16.62s/it]本次token消耗: 2925
------当前第795章节 ~ 第795章节 ：795------当前token消耗: 2246885(all) = 1893463(in) + 353422(out)---压缩比:18.24%---

 51%|█████     | 796/1563 [4:04:52<3:44:41, 17.58s/it]本次token消耗: 2851
------当前第796章节 ~ 第796章节 ：796------当前token消耗: 2249736(all) = 1895898(in) + 353838(out)---压缩比:18.24%---

 51%|█████     | 797/1563 [4:05:10<3:44:46, 17.61s/it]本次token消耗: 2817
------当前第797章节 ~ 第797章节 ：797------当前token消耗: 2252553(all) = 1898306(in) + 354247(out)---压缩比:18.24%---

 51%|█████     | 798/1563 [4:05:27<3:42:48, 17.47s/it]本次token消耗: 2933
------当前第798章节 ~ 第798章节 ：798------当前token消耗: 2255486(all) = 1900790(in) + 354696(out)---压缩比:18.23%---

 51%|█████     | 799/1563 [4:05:46<3:47:27, 17.86s/it]本次token消耗: 2960
------当前第799章节 ~ 第799章节 ：799------当前token消耗: 2258446(all) = 1903310(in) + 355136(out)---压缩比:18.23%---

 51%|█████     | 800/1563 [4:06:04<3:48:45, 17.99s/it]本次token消耗: 2817
------当前第800章节 ~ 第800章节 ：800------当前token消耗: 2261263(all) = 1905740(in) + 355523(out)---压缩比:18.23%---

 51%|█████     | 801/1563 [4:06:20<3:43:23, 17.59s/it]本次token消耗: 2808
------当前第801章节 ~ 第801章节 ：801------当前token消耗: 2264071(all) = 1908186(in) + 355885(out)---压缩比:18.22%---

 51%|█████▏    | 802/1563 [4:06:36<3:34:56, 16.95s/it]本次token消耗: 2967
------当前第802章节 ~ 第802章节 ：802------当前token消耗: 2267038(all) = 1910683(in) + 356355(out)---压缩比:18.22%---

 51%|█████▏    | 803/1563 [4:06:56<3:44:56, 17.76s/it]本次token消耗: 2979
------当前第803章节 ~ 第803章节 ：803------当前token消耗: 2270017(all) = 1913278(in) + 356739(out)---压缩比:18.22%---

 51%|█████▏    | 804/1563 [4:07:12<3:40:23, 17.42s/it]本次token消耗: 2893
------当前第804章节 ~ 第804章节 ：804------当前token消耗: 2272910(all) = 1915783(in) + 357127(out)---压缩比:18.21%---

 52%|█████▏    | 805/1563 [4:07:29<3:36:36, 17.15s/it]本次token消耗: 3268
------当前第805章节 ~ 第805章节 ：805------当前token消耗: 2276178(all) = 1918286(in) + 357892(out)---压缩比:18.23%---

 52%|█████▏    | 806/1563 [4:07:59<4:25:38, 21.05s/it]本次token消耗: 3179
------当前第806章节 ~ 第806章节 ：806------当前token消耗: 2279357(all) = 1920677(in) + 358680(out)---压缩比:18.24%---

 52%|█████▏    | 807/1563 [4:08:30<5:03:22, 24.08s/it]本次token消耗: 2700
------当前第807章节 ~ 第807章节 ：807------当前token消耗: 2282057(all) = 1923103(in) + 358954(out)---压缩比:18.23%---

 52%|█████▏    | 808/1563 [4:08:42<4:18:40, 20.56s/it]本次token消耗: 2923
------当前第808章节 ~ 第808章节 ：808------当前token消耗: 2284980(all) = 1925530(in) + 359450(out)---压缩比:18.23%---

 52%|█████▏    | 809/1563 [4:09:03<4:18:01, 20.53s/it]本次token消耗: 3081
------当前第809章节 ~ 第809章节 ：809------当前token消耗: 2288061(all) = 1927953(in) + 360108(out)---压缩比:18.24%---

 52%|█████▏    | 810/1563 [4:09:29<4:40:12, 22.33s/it]本次token消耗: 2970
------当前第810章节 ~ 第810章节 ：810------当前token消耗: 2291031(all) = 1930436(in) + 360595(out)---压缩比:18.24%---

 52%|█████▏    | 811/1563 [4:09:49<4:31:25, 21.66s/it]本次token消耗: 2880
------当前第811章节 ~ 第811章节 ：811------当前token消耗: 2293911(all) = 1932911(in) + 361000(out)---压缩比:18.24%---

 52%|█████▏    | 812/1563 [4:10:07<4:13:51, 20.28s/it]本次token消耗: 2881
------当前第812章节 ~ 第812章节 ：812------当前token消耗: 2296792(all) = 1935405(in) + 361387(out)---压缩比:18.24%---

 52%|█████▏    | 813/1563 [4:10:23<3:59:42, 19.18s/it]本次token消耗: 3083
------当前第813章节 ~ 第813章节 ：813------当前token消耗: 2299875(all) = 1938033(in) + 361842(out)---压缩比:18.24%---

 52%|█████▏    | 814/1563 [4:10:42<3:58:36, 19.11s/it]本次token消耗: 2909
------当前第814章节 ~ 第814章节 ：814------当前token消耗: 2302784(all) = 1940491(in) + 362293(out)---压缩比:18.23%---

 52%|█████▏    | 815/1563 [4:11:01<3:57:38, 19.06s/it]本次token消耗: 2833
------当前第815章节 ~ 第815章节 ：815------当前token消耗: 2305617(all) = 1942906(in) + 362711(out)---压缩比:18.23%---

 52%|█████▏    | 816/1563 [4:11:19<3:51:31, 18.60s/it]本次token消耗: 2825
------当前第816章节 ~ 第816章节 ：816------当前token消耗: 2308442(all) = 1945415(in) + 363027(out)---压缩比:18.23%---

 52%|█████▏    | 817/1563 [4:11:32<3:33:33, 17.18s/it]本次token消耗: 2944
------当前第817章节 ~ 第817章节 ：817------当前token消耗: 2311386(all) = 1947910(in) + 363476(out)---压缩比:18.23%---

 52%|█████▏    | 818/1563 [4:11:51<3:38:59, 17.64s/it]本次token消耗: 2878
------当前第818章节 ~ 第818章节 ：818------当前token消耗: 2314264(all) = 1950392(in) + 363872(out)---压缩比:18.22%---

 52%|█████▏    | 819/1563 [4:12:08<3:36:06, 17.43s/it]本次token消耗: 2963
------当前第819章节 ~ 第819章节 ：819------当前token消耗: 2317227(all) = 1952843(in) + 364384(out)---压缩比:18.22%---

 52%|█████▏    | 820/1563 [4:12:29<3:48:11, 18.43s/it]本次token消耗: 2895
------当前第820章节 ~ 第820章节 ：820------当前token消耗: 2320122(all) = 1955335(in) + 364787(out)---压缩比:18.22%---

 53%|█████▎    | 821/1563 [4:12:46<3:42:09, 17.96s/it]本次token消耗: 3005
------当前第821章节 ~ 第821章节 ：821------当前token消耗: 2323127(all) = 1957852(in) + 365275(out)---压缩比:18.22%---

 53%|█████▎    | 822/1563 [4:13:06<3:49:56, 18.62s/it]本次token消耗: 2904
------当前第822章节 ~ 第822章节 ：822------当前token消耗: 2326031(all) = 1960356(in) + 365675(out)---压缩比:18.22%---

 53%|█████▎    | 823/1563 [4:13:23<3:44:08, 18.17s/it]本次token消耗: 2909
------当前第823章节 ~ 第823章节 ：823------当前token消耗: 2328940(all) = 1962715(in) + 366225(out)---压缩比:18.22%---

 53%|█████▎    | 824/1563 [4:13:45<3:59:11, 19.42s/it]本次token消耗: 2835
------当前第824章节 ~ 第824章节 ：824------当前token消耗: 2331775(all) = 1965147(in) + 366628(out)---压缩比:18.22%---

 53%|█████▎    | 825/1563 [4:14:02<3:50:18, 18.72s/it]本次token消耗: 2870
------当前第825章节 ~ 第825章节 ：825------当前token消耗: 2334645(all) = 1967622(in) + 367023(out)---压缩比:18.21%---

 53%|█████▎    | 826/1563 [4:14:19<3:42:40, 18.13s/it]本次token消耗: 2849
------当前第826章节 ~ 第826章节 ：826------当前token消耗: 2337494(all) = 1970068(in) + 367426(out)---压缩比:18.21%---

 53%|█████▎    | 827/1563 [4:14:36<3:37:40, 17.75s/it]本次token消耗: 2864
------当前第827章节 ~ 第827章节 ：827------当前token消耗: 2340358(all) = 1972548(in) + 367810(out)---压缩比:18.21%---

 53%|█████▎    | 828/1563 [4:14:52<3:31:44, 17.28s/it]本次token消耗: 3081
------当前第828章节 ~ 第828章节 ：828------当前token消耗: 2343439(all) = 1974906(in) + 368533(out)---压缩比:18.22%---

 53%|█████▎    | 829/1563 [4:15:21<4:12:17, 20.62s/it]本次token消耗: 2697
------当前第829章节 ~ 第829章节 ：829------当前token消耗: 2346136(all) = 1977290(in) + 368846(out)---压缩比:18.21%---

 53%|█████▎    | 830/1563 [4:15:34<3:46:23, 18.53s/it]本次token消耗: 3016
------当前第830章节 ~ 第830章节 ：830------当前token消耗: 2349152(all) = 1979769(in) + 369383(out)---压缩比:18.21%---

 53%|█████▎    | 831/1563 [4:15:56<3:58:50, 19.58s/it]本次token消耗: 2876
------当前第831章节 ~ 第831章节 ：831------当前token消耗: 2352028(all) = 1982306(in) + 369722(out)---压缩比:18.21%---

 53%|█████▎    | 832/1563 [4:16:11<3:40:55, 18.13s/it]本次token消耗: 2950
------当前第832章节 ~ 第832章节 ：832------当前token消耗: 2354978(all) = 1984826(in) + 370152(out)---压缩比:18.2%---

 53%|█████▎    | 833/1563 [4:16:29<3:41:03, 18.17s/it]本次token消耗: 2897
------当前第833章节 ~ 第833章节 ：833------当前token消耗: 2357875(all) = 1987328(in) + 370547(out)---压缩比:18.2%---

 53%|█████▎    | 834/1563 [4:16:46<3:35:23, 17.73s/it]本次token消耗: 2856
------当前第834章节 ~ 第834章节 ：834------当前token消耗: 2360731(all) = 1989753(in) + 370978(out)---压缩比:18.2%---

 53%|█████▎    | 835/1563 [4:17:04<3:35:04, 17.73s/it]本次token消耗: 3005
------当前第835章节 ~ 第835章节 ：835------当前token消耗: 2363736(all) = 1992214(in) + 371522(out)---压缩比:18.2%---

 53%|█████▎    | 836/1563 [4:17:26<3:51:48, 19.13s/it]本次token消耗: 3225
------当前第836章节 ~ 第836章节 ：836------当前token消耗: 2366961(all) = 1994815(in) + 372146(out)---压缩比:18.21%---

 54%|█████▎    | 837/1563 [4:17:52<4:14:52, 21.06s/it]本次token消耗: 2855
------当前第837章节 ~ 第837章节 ：837------当前token消耗: 2369816(all) = 1997284(in) + 372532(out)---压缩比:18.21%---

 54%|█████▎    | 838/1563 [4:18:08<3:57:50, 19.68s/it]本次token消耗: 2875
------当前第838章节 ~ 第838章节 ：838------当前token消耗: 2372691(all) = 1999759(in) + 372932(out)---压缩比:18.2%---

 54%|█████▎    | 839/1563 [4:18:25<3:47:48, 18.88s/it]本次token消耗: 2831
------当前第839章节 ~ 第839章节 ：839------当前token消耗: 2375522(all) = 2002230(in) + 373292(out)---压缩比:18.2%---

 54%|█████▎    | 840/1563 [4:18:41<3:35:07, 17.85s/it]本次token消耗: 3144
------当前第840章节 ~ 第840章节 ：840------当前token消耗: 2378666(all) = 2004869(in) + 373797(out)---压缩比:18.2%---

 54%|█████▍    | 841/1563 [4:19:01<3:45:32, 18.74s/it]本次token消耗: 2747
------当前第841章节 ~ 第841章节 ：841------当前token消耗: 2381413(all) = 2007308(in) + 374105(out)---压缩比:18.19%---

 54%|█████▍    | 842/1563 [4:19:15<3:26:40, 17.20s/it]本次token消耗: 2727
------当前第842章节 ~ 第842章节 ：842------当前token消耗: 2384140(all) = 2009726(in) + 374414(out)---压缩比:18.18%---

 54%|█████▍    | 843/1563 [4:19:29<3:13:49, 16.15s/it]本次token消耗: 2807
------当前第843章节 ~ 第843章节 ：843------当前token消耗: 2386947(all) = 2012116(in) + 374831(out)---压缩比:18.18%---

 54%|█████▍    | 844/1563 [4:19:46<3:18:04, 16.53s/it]本次token消耗: 2699
------当前第844章节 ~ 第844章节 ：844------当前token消耗: 2389646(all) = 2014484(in) + 375162(out)---压缩比:18.18%---

 54%|█████▍    | 845/1563 [4:20:01<3:10:00, 15.88s/it]本次token消耗: 2901
------当前第845章节 ~ 第845章节 ：845------当前token消耗: 2392547(all) = 2017017(in) + 375530(out)---压缩比:18.17%---

 54%|█████▍    | 846/1563 [4:20:16<3:09:49, 15.89s/it]本次token消耗: 3024
------当前第846章节 ~ 第846章节 ：846------当前token消耗: 2395571(all) = 2019592(in) + 375979(out)---压缩比:18.17%---

 54%|█████▍    | 847/1563 [4:20:35<3:20:02, 16.76s/it]本次token消耗: 2693
------当前第847章节 ~ 第847章节 ：847------当前token消耗: 2398264(all) = 2021989(in) + 376275(out)---压缩比:18.16%---

 54%|█████▍    | 848/1563 [4:20:48<3:06:44, 15.67s/it]本次token消耗: 2744
------当前第848章节 ~ 第848章节 ：848------当前token消耗: 2401008(all) = 2024326(in) + 376682(out)---压缩比:18.16%---

 54%|█████▍    | 849/1563 [4:21:05<3:10:57, 16.05s/it]本次token消耗: 2982
------当前第849章节 ~ 第849章节 ：849------当前token消耗: 2403990(all) = 2026793(in) + 377197(out)---压缩比:18.16%---

 54%|█████▍    | 850/1563 [4:21:26<3:28:40, 17.56s/it]本次token消耗: 2875
------当前第850章节 ~ 第850章节 ：850------当前token消耗: 2406865(all) = 2029319(in) + 377546(out)---压缩比:18.16%---

 54%|█████▍    | 851/1563 [4:21:41<3:19:24, 16.80s/it]本次token消耗: 3051
------当前第851章节 ~ 第851章节 ：851------当前token消耗: 2409916(all) = 2031815(in) + 378101(out)---压缩比:18.16%---

 55%|█████▍    | 852/1563 [4:22:04<3:39:39, 18.54s/it]本次token消耗: 2862
------当前第852章节 ~ 第852章节 ：852------当前token消耗: 2412778(all) = 2034363(in) + 378415(out)---压缩比:18.16%---

 55%|█████▍    | 853/1563 [4:22:18<3:22:29, 17.11s/it]本次token消耗: 2684
------当前第853章节 ~ 第853章节 ：853------当前token消耗: 2415462(all) = 2036726(in) + 378736(out)---压缩比:18.15%---

 55%|█████▍    | 854/1563 [4:22:32<3:10:42, 16.14s/it]本次token消耗: 2766
------当前第854章节 ~ 第854章节 ：854------当前token消耗: 2418228(all) = 2039199(in) + 379029(out)---压缩比:18.14%---

 55%|█████▍    | 855/1563 [4:22:45<2:59:04, 15.18s/it]本次token消耗: 2819
------当前第855章节 ~ 第855章节 ：855------当前token消耗: 2421047(all) = 2041671(in) + 379376(out)---压缩比:18.14%---

 55%|█████▍    | 856/1563 [4:23:00<2:57:52, 15.10s/it]本次token消耗: 2896
------当前第856章节 ~ 第856章节 ：856------当前token消耗: 2423943(all) = 2044186(in) + 379757(out)---压缩比:18.14%---

 55%|█████▍    | 857/1563 [4:23:16<3:01:36, 15.43s/it]本次token消耗: 2904
------当前第857章节 ~ 第857章节 ：857------当前token消耗: 2426847(all) = 2046565(in) + 380282(out)---压缩比:18.14%---

 55%|█████▍    | 858/1563 [4:23:37<3:22:28, 17.23s/it]本次token消耗: 2821
------当前第858章节 ~ 第858章节 ：858------当前token消耗: 2429668(all) = 2049018(in) + 380650(out)---压缩比:18.14%---

 55%|█████▍    | 859/1563 [4:23:53<3:17:13, 16.81s/it]本次token消耗: 3360
------当前第859章节 ~ 第859章节 ：859------当前token消耗: 2433028(all) = 2051416(in) + 381612(out)---压缩比:18.16%---

 55%|█████▌    | 860/1563 [4:24:30<4:29:28, 23.00s/it]本次token消耗: 2900
------当前第860章节 ~ 第860章节 ：860------当前token消耗: 2435928(all) = 2053853(in) + 382075(out)---压缩比:18.16%---

 55%|█████▌    | 861/1563 [4:24:50<4:16:15, 21.90s/it]本次token消耗: 3097
------当前第861章节 ~ 第861章节 ：861------当前token消耗: 2439025(all) = 2056309(in) + 382716(out)---压缩比:18.16%---

 55%|█████▌    | 862/1563 [4:25:16<4:29:55, 23.10s/it]本次token消耗: 2964
------当前第862章节 ~ 第862章节 ：862------当前token消耗: 2441989(all) = 2058768(in) + 383221(out)---压缩比:18.16%---

 55%|█████▌    | 863/1563 [4:25:37<4:21:48, 22.44s/it]本次token消耗: 3057
------当前第863章节 ~ 第863章节 ：863------当前token消耗: 2445046(all) = 2061241(in) + 383805(out)---压缩比:18.17%---

 55%|█████▌    | 864/1563 [4:26:00<4:25:55, 22.83s/it]本次token消耗: 3055
------当前第864章节 ~ 第864章节 ：864------当前token消耗: 2448101(all) = 2063742(in) + 384359(out)---压缩比:18.17%---

 55%|█████▌    | 865/1563 [4:26:23<4:24:10, 22.71s/it]本次token消耗: 2891
------当前第865章节 ~ 第865章节 ：865------当前token消耗: 2450992(all) = 2066232(in) + 384760(out)---压缩比:18.17%---

 55%|█████▌    | 866/1563 [4:26:40<4:03:47, 20.99s/it]本次token消耗: 2860
------当前第866章节 ~ 第866章节 ：866------当前token消耗: 2453852(all) = 2068618(in) + 385234(out)---压缩比:18.17%---

 55%|█████▌    | 867/1563 [4:26:59<3:57:45, 20.50s/it]本次token消耗: 2963
------当前第867章节 ~ 第867章节 ：867------当前token消耗: 2456815(all) = 2071098(in) + 385717(out)---压缩比:18.17%---

 56%|█████▌    | 868/1563 [4:27:19<3:55:25, 20.32s/it]本次token消耗: 2975
------当前第868章节 ~ 第868章节 ：868------当前token消耗: 2459790(all) = 2073574(in) + 386216(out)---压缩比:18.17%---

 56%|█████▌    | 869/1563 [4:27:39<3:55:39, 20.37s/it]本次token消耗: 2806
------当前第869章节 ~ 第869章节 ：869------当前token消耗: 2462596(all) = 2076053(in) + 386543(out)---压缩比:18.16%---

 56%|█████▌    | 870/1563 [4:27:54<3:34:33, 18.58s/it]本次token消耗: 2771
------当前第870章节 ~ 第870章节 ：870------当前token消耗: 2465367(all) = 2078439(in) + 386928(out)---压缩比:18.16%---

 56%|█████▌    | 871/1563 [4:28:10<3:27:01, 17.95s/it]本次token消耗: 2793
------当前第871章节 ~ 第871章节 ：871------当前token消耗: 2468160(all) = 2080816(in) + 387344(out)---压缩比:18.16%---

 56%|█████▌    | 872/1563 [4:28:28<3:24:44, 17.78s/it]本次token消耗: 2802
------当前第872章节 ~ 第872章节 ：872------当前token消耗: 2470962(all) = 2083175(in) + 387787(out)---压缩比:18.16%---

 56%|█████▌    | 873/1563 [4:28:46<3:25:56, 17.91s/it]本次token消耗: 2748
------当前第873章节 ~ 第873章节 ：873------当前token消耗: 2473710(all) = 2085596(in) + 388114(out)---压缩比:18.15%---

 56%|█████▌    | 874/1563 [4:29:00<3:12:54, 16.80s/it]本次token消耗: 2827
------当前第874章节 ~ 第874章节 ：874------当前token消耗: 2476537(all) = 2088110(in) + 388427(out)---压缩比:18.15%---

 56%|█████▌    | 875/1563 [4:29:14<3:02:43, 15.94s/it]本次token消耗: 2699
------当前第875章节 ~ 第875章节 ：875------当前token消耗: 2479236(all) = 2090438(in) + 388798(out)---压缩比:18.15%---

 56%|█████▌    | 876/1563 [4:29:30<3:02:47, 15.96s/it]本次token消耗: 2881
------当前第876章节 ~ 第876章节 ：876------当前token消耗: 2482117(all) = 2092836(in) + 389281(out)---压缩比:18.15%---

 56%|█████▌    | 877/1563 [4:29:50<3:17:01, 17.23s/it]本次token消耗: 2854
------当前第877章节 ~ 第877章节 ：877------当前token消耗: 2484971(all) = 2095264(in) + 389707(out)---压缩比:18.15%---

 56%|█████▌    | 878/1563 [4:30:08<3:19:06, 17.44s/it]本次token消耗: 2698
------当前第878章节 ~ 第878章节 ：878------当前token消耗: 2487669(all) = 2097638(in) + 390031(out)---压缩比:18.14%---

 56%|█████▌    | 879/1563 [4:30:22<3:06:55, 16.40s/it]本次token消耗: 2736
------当前第879章节 ~ 第879章节 ：879------当前token消耗: 2490405(all) = 2100047(in) + 390358(out)---压缩比:18.13%---

 56%|█████▋    | 880/1563 [4:30:37<2:59:54, 15.80s/it]本次token消耗: 3123
------当前第880章节 ~ 第880章节 ：880------当前token消耗: 2493528(all) = 2102678(in) + 390850(out)---压缩比:18.14%---

 56%|█████▋    | 881/1563 [4:30:57<3:15:26, 17.19s/it]本次token消耗: 2847
------当前第881章节 ~ 第881章节 ：881------当前token消耗: 2496375(all) = 2105112(in) + 391263(out)---压缩比:18.13%---

 56%|█████▋    | 882/1563 [4:31:15<3:16:28, 17.31s/it]本次token消耗: 2867
------当前第882章节 ~ 第882章节 ：882------当前token消耗: 2499242(all) = 2107491(in) + 391751(out)---压缩比:18.14%---

 56%|█████▋    | 883/1563 [4:31:35<3:25:47, 18.16s/it]本次token消耗: 2975
------当前第883章节 ~ 第883章节 ：883------当前token消耗: 2502217(all) = 2109828(in) + 392389(out)---压缩比:18.15%---

 57%|█████▋    | 884/1563 [4:32:00<3:49:52, 20.31s/it]本次token消耗: 3025
------当前第884章节 ~ 第884章节 ：884------当前token消耗: 2505242(all) = 2112180(in) + 393062(out)---压缩比:18.16%---

 57%|█████▋    | 885/1563 [4:32:27<4:11:11, 22.23s/it]本次token消耗: 2994
------当前第885章节 ~ 第885章节 ：885------当前token消耗: 2508236(all) = 2114757(in) + 393479(out)---压缩比:18.16%---

 57%|█████▋    | 886/1563 [4:32:44<3:55:20, 20.86s/it]本次token消耗: 2918
------当前第886章节 ~ 第886章节 ：886------当前token消耗: 2511154(all) = 2117362(in) + 393792(out)---压缩比:18.15%---

 57%|█████▋    | 887/1563 [4:32:59<3:32:12, 18.84s/it]本次token消耗: 2943
------当前第887章节 ~ 第887章节 ：887------当前token消耗: 2514097(all) = 2119840(in) + 394257(out)---压缩比:18.15%---

 57%|█████▋    | 888/1563 [4:33:18<3:33:49, 19.01s/it]本次token消耗: 2894
------当前第888章节 ~ 第888章节 ：888------当前token消耗: 2516991(all) = 2122354(in) + 394637(out)---压缩比:18.14%---

 57%|█████▋    | 889/1563 [4:33:34<3:24:09, 18.17s/it]本次token消耗: 2914
------当前第889章节 ~ 第889章节 ：889------当前token消耗: 2519905(all) = 2124869(in) + 395036(out)---压缩比:18.14%---

 57%|█████▋    | 890/1563 [4:33:51<3:19:42, 17.80s/it]本次token消耗: 3176
------当前第890章节 ~ 第890章节 ：890------当前token消耗: 2523081(all) = 2127570(in) + 395511(out)---压缩比:18.14%---

 57%|█████▋    | 891/1563 [4:34:11<3:26:12, 18.41s/it]本次token消耗: 3254
------当前第891章节 ~ 第891章节 ：891------当前token消耗: 2526335(all) = 2130367(in) + 395968(out)---压缩比:18.14%---

 57%|█████▋    | 892/1563 [4:34:30<3:28:23, 18.63s/it]本次token消耗: 3094
------当前第892章节 ~ 第892章节 ：892------当前token消耗: 2529429(all) = 2133069(in) + 396360(out)---压缩比:18.13%---

 57%|█████▋    | 893/1563 [4:34:47<3:22:46, 18.16s/it]本次token消耗: 3249
------当前第893章节 ~ 第893章节 ：893------当前token消耗: 2532678(all) = 2135831(in) + 396847(out)---压缩比:18.13%---

 57%|█████▋    | 894/1563 [4:35:08<3:30:02, 18.84s/it]本次token消耗: 3053
------当前第894章节 ~ 第894章节 ：894------当前token消耗: 2535731(all) = 2138401(in) + 397330(out)---压缩比:18.13%---

 57%|█████▋    | 895/1563 [4:35:28<3:33:59, 19.22s/it]本次token消耗: 3130
------当前第895章节 ~ 第895章节 ：895------当前token消耗: 2538861(all) = 2141114(in) + 397747(out)---压缩比:18.13%---

 57%|█████▋    | 896/1563 [4:35:46<3:29:33, 18.85s/it]本次token消耗: 3120
------当前第896章节 ~ 第896章节 ：896------当前token消耗: 2541981(all) = 2143715(in) + 398266(out)---压缩比:18.13%---

 57%|█████▋    | 897/1563 [4:36:07<3:38:48, 19.71s/it]本次token消耗: 3164
------当前第897章节 ~ 第897章节 ：897------当前token消耗: 2545145(all) = 2146309(in) + 398836(out)---压缩比:18.14%---

 57%|█████▋    | 898/1563 [4:36:31<3:50:15, 20.78s/it]本次token消耗: 3034
------当前第898章节 ~ 第898章节 ：898------当前token消耗: 2548179(all) = 2148742(in) + 399437(out)---压缩比:18.15%---

 58%|█████▊    | 899/1563 [4:36:55<4:01:28, 21.82s/it]本次token消耗: 3101
------当前第899章节 ~ 第899章节 ：899------当前token消耗: 2551280(all) = 2151441(in) + 399839(out)---压缩比:18.14%---

 58%|█████▊    | 900/1563 [4:37:12<3:46:51, 20.53s/it]本次token消耗: 3205
------当前第900章节 ~ 第900章节 ：900------当前token消耗: 2554485(all) = 2154076(in) + 400409(out)---压缩比:18.15%---

 58%|█████▊    | 901/1563 [4:37:36<3:55:57, 21.39s/it]本次token消耗: 3102
------当前第901章节 ~ 第901章节 ：901------当前token消耗: 2557587(all) = 2156560(in) + 401027(out)---压缩比:18.15%---

 58%|█████▊    | 902/1563 [4:38:01<4:07:38, 22.48s/it]本次token消耗: 2675
------当前第902章节 ~ 第902章节 ：902------当前token消耗: 2560262(all) = 2158916(in) + 401346(out)---压缩比:18.15%---

 58%|█████▊    | 903/1563 [4:38:15<3:38:59, 19.91s/it]本次token消耗: 3183
------当前第903章节 ~ 第903章节 ：903------当前token消耗: 2563445(all) = 2161507(in) + 401938(out)---压缩比:18.15%---

 58%|█████▊    | 904/1563 [4:38:39<3:52:16, 21.15s/it]本次token消耗: 2749
------当前第904章节 ~ 第904章节 ：904------当前token消耗: 2566194(all) = 2163888(in) + 402306(out)---压缩比:18.15%---

 58%|█████▊    | 905/1563 [4:38:55<3:33:58, 19.51s/it]本次token消耗: 2863
------当前第905章节 ~ 第905章节 ：905------当前token消耗: 2569057(all) = 2166315(in) + 402742(out)---压缩比:18.15%---

 58%|█████▊    | 906/1563 [4:39:13<3:29:57, 19.17s/it]本次token消耗: 2823
------当前第906章节 ~ 第906章节 ：906------当前token消耗: 2571880(all) = 2168809(in) + 403071(out)---压缩比:18.14%---

 58%|█████▊    | 907/1563 [4:39:28<3:14:45, 17.81s/it]本次token消耗: 2897
------当前第907章节 ~ 第907章节 ：907------当前token消耗: 2574777(all) = 2171295(in) + 403482(out)---压缩比:18.14%---

 58%|█████▊    | 908/1563 [4:39:45<3:13:25, 17.72s/it]本次token消耗: 3017
------当前第908章节 ~ 第908章节 ：908------当前token消耗: 2577794(all) = 2173765(in) + 404029(out)---压缩比:18.15%---

 58%|█████▊    | 909/1563 [4:40:07<3:28:34, 19.14s/it]本次token消耗: 2780
------当前第909章节 ~ 第909章节 ：909------当前token消耗: 2580574(all) = 2176264(in) + 404310(out)---压缩比:18.14%---

 58%|█████▊    | 910/1563 [4:40:20<3:07:13, 17.20s/it]本次token消耗: 2824
------当前第910章节 ~ 第910章节 ：910------当前token消耗: 2583398(all) = 2178745(in) + 404653(out)---压缩比:18.13%---

 58%|█████▊    | 911/1563 [4:40:35<2:58:58, 16.47s/it]本次token消耗: 2844
------当前第911章节 ~ 第911章节 ：911------当前token消耗: 2586242(all) = 2181169(in) + 405073(out)---压缩比:18.13%---

 58%|█████▊    | 912/1563 [4:40:53<3:02:19, 16.80s/it]本次token消耗: 2849
------当前第912章节 ~ 第912章节 ：912------当前token消耗: 2589091(all) = 2183513(in) + 405578(out)---压缩比:18.13%---

 58%|█████▊    | 913/1563 [4:41:13<3:14:50, 17.99s/it]本次token消耗: 2899
------当前第913章节 ~ 第913章节 ：913------当前token消耗: 2591990(all) = 2185971(in) + 406019(out)---压缩比:18.13%---

 58%|█████▊    | 914/1563 [4:41:32<3:15:36, 18.08s/it]本次token消耗: 2831
------当前第914章节 ~ 第914章节 ：914------当前token消耗: 2594821(all) = 2188305(in) + 406516(out)---压缩比:18.13%---

 59%|█████▊    | 915/1563 [4:41:52<3:22:42, 18.77s/it]本次token消耗: 2828
------当前第915章节 ~ 第915章节 ：915------当前token消耗: 2597649(all) = 2190730(in) + 406919(out)---压缩比:18.13%---

 59%|█████▊    | 916/1563 [4:42:09<3:16:42, 18.24s/it]本次token消耗: 2890
------当前第916章节 ~ 第916章节 ：916------当前token消耗: 2600539(all) = 2193117(in) + 407422(out)---压缩比:18.14%---

 59%|█████▊    | 917/1563 [4:42:29<3:23:45, 18.92s/it]本次token消耗: 2776
------当前第917章节 ~ 第917章节 ：917------当前token消耗: 2603315(all) = 2195502(in) + 407813(out)---压缩比:18.13%---

 59%|█████▊    | 918/1563 [4:42:46<3:16:06, 18.24s/it]本次token消耗: 2786
------当前第918章节 ~ 第918章节 ：918------当前token消耗: 2606101(all) = 2197947(in) + 408154(out)---压缩比:18.13%---

 59%|█████▉    | 919/1563 [4:43:01<3:05:39, 17.30s/it]本次token消耗: 2717
------当前第919章节 ~ 第919章节 ：919------当前token消耗: 2608818(all) = 2200367(in) + 408451(out)---压缩比:18.12%---

 59%|█████▉    | 920/1563 [4:43:15<2:52:35, 16.10s/it]本次token消耗: 2767
------当前第920章节 ~ 第920章节 ：920------当前token消耗: 2611585(all) = 2202744(in) + 408841(out)---压缩比:18.12%---

 59%|█████▉    | 921/1563 [4:43:31<2:54:27, 16.30s/it]本次token消耗: 2809
------当前第921章节 ~ 第921章节 ：921------当前token消耗: 2614394(all) = 2205107(in) + 409287(out)---压缩比:18.12%---

 59%|█████▉    | 922/1563 [4:43:50<3:00:50, 16.93s/it]本次token消耗: 3101
------当前第922章节 ~ 第922章节 ：922------当前token消耗: 2617495(all) = 2207582(in) + 409913(out)---压缩比:18.13%---

 59%|█████▉    | 923/1563 [4:44:15<3:27:48, 19.48s/it]本次token消耗: 2731
------当前第923章节 ~ 第923章节 ：923------当前token消耗: 2620226(all) = 2210018(in) + 410208(out)---压缩比:18.12%---

 59%|█████▉    | 924/1563 [4:44:28<3:07:10, 17.58s/it]本次token消耗: 2822
------当前第924章节 ~ 第924章节 ：924------当前token消耗: 2623048(all) = 2212497(in) + 410551(out)---压缩比:18.11%---

 59%|█████▉    | 925/1563 [4:44:43<2:58:17, 16.77s/it]本次token消耗: 2958
------当前第925章节 ~ 第925章节 ：925------当前token消耗: 2626006(all) = 2215057(in) + 410949(out)---压缩比:18.11%---

 59%|█████▉    | 926/1563 [4:45:00<2:58:52, 16.85s/it]本次token消耗: 2734
------当前第926章节 ~ 第926章节 ：926------当前token消耗: 2628740(all) = 2217498(in) + 411242(out)---压缩比:18.1%---

 59%|█████▉    | 927/1563 [4:45:13<2:46:43, 15.73s/it]本次token消耗: 3007
------当前第927章节 ~ 第927章节 ：927------当前token消耗: 2631747(all) = 2219957(in) + 411790(out)---压缩比:18.11%---

 59%|█████▉    | 928/1563 [4:45:36<3:07:09, 17.68s/it]本次token消耗: 2795
------当前第928章节 ~ 第928章节 ：928------当前token消耗: 2634542(all) = 2222391(in) + 412151(out)---压缩比:18.1%---

 59%|█████▉    | 929/1563 [4:45:51<2:59:32, 16.99s/it]本次token消耗: 2792
------当前第929章节 ~ 第929章节 ：929------当前token消耗: 2637334(all) = 2224872(in) + 412462(out)---压缩比:18.1%---

 60%|█████▉    | 930/1563 [4:46:05<2:48:48, 16.00s/it]本次token消耗: 2806
------当前第930章节 ~ 第930章节 ：930------当前token消耗: 2640140(all) = 2227295(in) + 412845(out)---压缩比:18.09%---

 60%|█████▉    | 931/1563 [4:46:21<2:49:17, 16.07s/it]本次token消耗: 2982
------当前第931章节 ~ 第931章节 ：931------当前token消耗: 2643122(all) = 2229833(in) + 413289(out)---压缩比:18.09%---

 60%|█████▉    | 932/1563 [4:46:40<2:57:26, 16.87s/it]本次token消耗: 3036
------当前第932章节 ~ 第932章节 ：932------当前token消耗: 2646158(all) = 2232165(in) + 413993(out)---压缩比:18.1%---

 60%|█████▉    | 933/1563 [4:47:07<3:31:28, 20.14s/it]本次token消耗: 2944
------当前第933章节 ~ 第933章节 ：933------当前token消耗: 2649102(all) = 2234698(in) + 414404(out)---压缩比:18.1%---

 60%|█████▉    | 934/1563 [4:47:25<3:21:57, 19.26s/it]本次token消耗: 2871
------当前第934章节 ~ 第934章节 ：934------当前token消耗: 2651973(all) = 2237064(in) + 414909(out)---压缩比:18.1%---

 60%|█████▉    | 935/1563 [4:47:45<3:25:20, 19.62s/it]本次token消耗: 2893
------当前第935章节 ~ 第935章节 ：935------当前token消耗: 2654866(all) = 2239509(in) + 415357(out)---压缩比:18.1%---

 60%|█████▉    | 936/1563 [4:48:04<3:21:49, 19.31s/it]本次token消耗: 2901
------当前第936章节 ~ 第936章节 ：936------当前token消耗: 2657767(all) = 2241907(in) + 415860(out)---压缩比:18.1%---

 60%|█████▉    | 937/1563 [4:48:24<3:25:22, 19.68s/it]本次token消耗: 2867
------当前第937章节 ~ 第937章节 ：937------当前token消耗: 2660634(all) = 2244278(in) + 416356(out)---压缩比:18.11%---

 60%|██████    | 938/1563 [4:48:45<3:27:11, 19.89s/it]本次token消耗: 2853
------当前第938章节 ~ 第938章节 ：938------当前token消耗: 2663487(all) = 2246735(in) + 416752(out)---压缩比:18.1%---

 60%|██████    | 939/1563 [4:49:01<3:16:54, 18.93s/it]本次token消耗: 2768
------当前第939章节 ~ 第939章节 ：939------当前token消耗: 2666255(all) = 2249120(in) + 417135(out)---压缩比:18.1%---

 60%|██████    | 940/1563 [4:49:17<3:07:49, 18.09s/it]本次token消耗: 2979
------当前第940章节 ~ 第940章节 ：940------当前token消耗: 2669234(all) = 2251511(in) + 417723(out)---压缩比:18.11%---

 60%|██████    | 941/1563 [4:49:41<3:24:48, 19.76s/it]本次token消耗: 2924
------当前第941章节 ~ 第941章节 ：941------当前token消耗: 2672158(all) = 2253918(in) + 418240(out)---压缩比:18.11%---

 60%|██████    | 942/1563 [4:50:02<3:29:20, 20.23s/it]本次token消耗: 2498
------当前第942章节 ~ 第942章节 ：942------当前token消耗: 2674656(all) = 2255908(in) + 418748(out)---压缩比:18.11%---

 60%|██████    | 943/1563 [4:50:23<3:29:49, 20.31s/it]本次token消耗: 2824
------当前第943章节 ~ 第943章节 ：943------当前token消耗: 2677480(all) = 2258311(in) + 419169(out)---压缩比:18.11%---

 60%|██████    | 944/1563 [4:50:40<3:20:43, 19.46s/it]本次token消耗: 2866
------当前第944章节 ~ 第944章节 ：944------当前token消耗: 2680346(all) = 2260793(in) + 419553(out)---压缩比:18.11%---

 60%|██████    | 945/1563 [4:50:56<3:10:21, 18.48s/it]本次token消耗: 2968
------当前第945章节 ~ 第945章节 ：945------当前token消耗: 2683314(all) = 2263213(in) + 420101(out)---压缩比:18.11%---

 61%|██████    | 946/1563 [4:51:19<3:21:31, 19.60s/it]本次token消耗: 2971
------当前第946章节 ~ 第946章节 ：946------当前token消耗: 2686285(all) = 2265706(in) + 420579(out)---压缩比:18.11%---

 61%|██████    | 947/1563 [4:51:39<3:22:15, 19.70s/it]本次token消耗: 2958
------当前第947章节 ~ 第947章节 ：947------当前token消耗: 2689243(all) = 2268129(in) + 421114(out)---压缩比:18.11%---

 61%|██████    | 948/1563 [4:52:00<3:28:26, 20.34s/it]本次token消耗: 3123
------当前第948章节 ~ 第948章节 ：948------当前token消耗: 2692366(all) = 2270603(in) + 421763(out)---压缩比:18.12%---

 61%|██████    | 949/1563 [4:52:26<3:45:36, 22.05s/it]本次token消耗: 2764
------当前第949章节 ~ 第949章节 ：949------当前token消耗: 2695130(all) = 2273055(in) + 422075(out)---压缩比:18.11%---

 61%|██████    | 950/1563 [4:52:40<3:19:33, 19.53s/it]本次token消耗: 2929
------当前第950章节 ~ 第950章节 ：950------当前token消耗: 2698059(all) = 2275643(in) + 422416(out)---压缩比:18.11%---

 61%|██████    | 951/1563 [4:52:55<3:05:07, 18.15s/it]本次token消耗: 2995
------当前第951章节 ~ 第951章节 ：951------当前token消耗: 2701054(all) = 2278241(in) + 422813(out)---压缩比:18.1%---

 61%|██████    | 952/1563 [4:53:12<3:01:47, 17.85s/it]本次token消耗: 2870
------当前第952章节 ~ 第952章节 ：952------当前token消耗: 2703924(all) = 2280736(in) + 423188(out)---压缩比:18.1%---

 61%|██████    | 953/1563 [4:53:28<2:55:35, 17.27s/it]本次token消耗: 3234
------当前第953章节 ~ 第953章节 ：953------当前token消耗: 2707158(all) = 2283614(in) + 423544(out)---压缩比:18.09%---

 61%|██████    | 954/1563 [4:53:44<2:50:31, 16.80s/it]本次token消耗: 2956
------当前第954章节 ~ 第954章节 ：954------当前token消耗: 2710114(all) = 2286051(in) + 424063(out)---压缩比:18.1%---

 61%|██████    | 955/1563 [4:54:05<3:03:22, 18.10s/it]本次token消耗: 2943
------当前第955章节 ~ 第955章节 ：955------当前token消耗: 2713057(all) = 2288461(in) + 424596(out)---压缩比:18.1%---

 61%|██████    | 956/1563 [4:54:27<3:13:46, 19.15s/it]本次token消耗: 2840
------当前第956章节 ~ 第956章节 ：956------当前token消耗: 2715897(all) = 2290928(in) + 424969(out)---压缩比:18.09%---

 61%|██████    | 957/1563 [4:54:42<3:03:23, 18.16s/it]本次token消耗: 2945
------当前第957章节 ~ 第957章节 ：957------当前token消耗: 2718842(all) = 2293412(in) + 425430(out)---压缩比:18.09%---

 61%|██████▏   | 958/1563 [4:55:01<3:05:30, 18.40s/it]本次token消耗: 2853
------当前第958章节 ~ 第958章节 ：958------当前token消耗: 2721695(all) = 2295941(in) + 425754(out)---压缩比:18.08%---

 61%|██████▏   | 959/1563 [4:55:15<2:52:08, 17.10s/it]本次token消耗: 2794
------当前第959章节 ~ 第959章节 ：959------当前token消耗: 2724489(all) = 2298354(in) + 426135(out)---压缩比:18.08%---

 61%|██████▏   | 960/1563 [4:55:32<2:48:50, 16.80s/it]本次token消耗: 2801
------当前第960章节 ~ 第960章节 ：960------当前token消耗: 2727290(all) = 2300820(in) + 426470(out)---压缩比:18.08%---

 61%|██████▏   | 961/1563 [4:55:46<2:42:10, 16.16s/it]本次token消耗: 3102
------当前第961章节 ~ 第961章节 ：961------当前token消耗: 2730392(all) = 2303460(in) + 426932(out)---压缩比:18.07%---

 62%|██████▏   | 962/1563 [4:56:05<2:51:11, 17.09s/it]本次token消耗: 2767
------当前第962章节 ~ 第962章节 ：962------当前token消耗: 2733159(all) = 2305906(in) + 427253(out)---压缩比:18.07%---

 62%|██████▏   | 963/1563 [4:56:20<2:41:42, 16.17s/it]本次token消耗: 2747
------当前第963章节 ~ 第963章节 ：963------当前token消耗: 2735906(all) = 2308297(in) + 427609(out)---压缩比:18.06%---

 62%|██████▏   | 964/1563 [4:56:35<2:38:19, 15.86s/it]本次token消耗: 2689
------当前第964章节 ~ 第964章节 ：964------当前token消耗: 2738595(all) = 2310697(in) + 427898(out)---压缩比:18.06%---

 62%|██████▏   | 965/1563 [4:56:47<2:28:46, 14.93s/it]本次token消耗: 2944
------当前第965章节 ~ 第965章节 ：965------当前token消耗: 2741539(all) = 2313213(in) + 428326(out)---压缩比:18.06%---

 62%|██████▏   | 966/1563 [4:57:05<2:37:48, 15.86s/it]本次token消耗: 2443
------当前第966章节 ~ 第966章节 ：966------当前token消耗: 2743982(all) = 2315212(in) + 428770(out)---压缩比:18.06%---

 62%|██████▏   | 967/1563 [4:57:23<2:44:01, 16.51s/it]本次token消耗: 3000
------当前第967章节 ~ 第967章节 ：967------当前token消耗: 2746982(all) = 2317813(in) + 429169(out)---压缩比:18.06%---

 62%|██████▏   | 968/1563 [4:57:41<2:46:03, 16.74s/it]本次token消耗: 2433
------当前第968章节 ~ 第968章节 ：968------当前token消耗: 2749415(all) = 2319783(in) + 429632(out)---压缩比:18.06%---

 62%|██████▏   | 969/1563 [4:57:59<2:51:35, 17.33s/it]本次token消耗: 2811
------当前第969章节 ~ 第969章节 ：969------当前token消耗: 2752226(all) = 2322210(in) + 430016(out)---压缩比:18.06%---

 62%|██████▏   | 970/1563 [4:58:16<2:48:14, 17.02s/it]本次token消耗: 3069
------当前第970章节 ~ 第970章节 ：970------当前token消耗: 2755295(all) = 2324630(in) + 430665(out)---压缩比:18.07%---

 62%|██████▏   | 971/1563 [4:58:41<3:13:41, 19.63s/it]本次token消耗: 3199
------当前第971章节 ~ 第971章节 ：971------当前token消耗: 2758494(all) = 2327142(in) + 431352(out)---压缩比:18.08%---

 62%|██████▏   | 972/1563 [4:59:09<3:36:15, 21.95s/it]本次token消耗: 2871
------当前第972章节 ~ 第972章节 ：972------当前token消耗: 2761365(all) = 2329617(in) + 431748(out)---压缩比:18.08%---

 62%|██████▏   | 973/1563 [4:59:25<3:20:10, 20.36s/it]本次token消耗: 2995
------当前第973章节 ~ 第973章节 ：973------当前token消耗: 2764360(all) = 2332091(in) + 432269(out)---压缩比:18.08%---

 62%|██████▏   | 974/1563 [4:59:47<3:22:59, 20.68s/it]本次token消耗: 2263
------当前第974章节 ~ 第974章节 ：974------当前token消耗: 2766623(all) = 2334067(in) + 432556(out)---压缩比:18.08%---

 62%|██████▏   | 975/1563 [4:59:59<2:57:50, 18.15s/it]本次token消耗: 2691
------当前第975章节 ~ 第975章节 ：975------当前token消耗: 2769314(all) = 2336494(in) + 432820(out)---压缩比:18.07%---

 62%|██████▏   | 976/1563 [5:00:11<2:39:07, 16.27s/it]本次token消耗: 2611
------当前第976章节 ~ 第976章节 ：976------当前token消耗: 2771925(all) = 2338829(in) + 433096(out)---压缩比:18.06%---

 63%|██████▎   | 977/1563 [5:00:23<2:27:06, 15.06s/it]本次token消耗: 3053
------当前第977章节 ~ 第977章节 ：977------当前token消耗: 2774978(all) = 2341165(in) + 433813(out)---压缩比:18.07%---

 63%|██████▎   | 978/1563 [5:00:51<3:05:09, 18.99s/it]本次token消耗: 2754
------当前第978章节 ~ 第978章节 ：978------当前token消耗: 2777732(all) = 2343534(in) + 434198(out)---压缩比:18.07%---

 63%|██████▎   | 979/1563 [5:01:08<2:57:34, 18.24s/it]本次token消耗: 2275
------当前第979章节 ~ 第979章节 ：979------当前token消耗: 2780007(all) = 2345429(in) + 434578(out)---压缩比:18.07%---

 63%|██████▎   | 980/1563 [5:01:23<2:49:09, 17.41s/it]本次token消耗: 2749
------当前第980章节 ~ 第980章节 ：980------当前token消耗: 2782756(all) = 2347861(in) + 434895(out)---压缩比:18.07%---

 63%|██████▎   | 981/1563 [5:01:37<2:38:14, 16.31s/it]本次token消耗: 2999
------当前第981章节 ~ 第981章节 ：981------当前token消耗: 2785755(all) = 2350203(in) + 435552(out)---压缩比:18.08%---

 63%|██████▎   | 982/1563 [5:02:03<3:06:05, 19.22s/it]本次token消耗: 2931
------当前第982章节 ~ 第982章节 ：982------当前token消耗: 2788686(all) = 2352600(in) + 436086(out)---压缩比:18.08%---

 63%|██████▎   | 983/1563 [5:02:25<3:12:57, 19.96s/it]本次token消耗: 2840
------当前第983章节 ~ 第983章节 ：983------当前token消耗: 2791526(all) = 2355054(in) + 436472(out)---压缩比:18.08%---

 63%|██████▎   | 984/1563 [5:02:41<3:02:13, 18.88s/it]本次token消耗: 2659
------当前第984章节 ~ 第984章节 ：984------当前token消耗: 2794185(all) = 2357415(in) + 436770(out)---压缩比:18.08%---

 63%|██████▎   | 985/1563 [5:02:54<2:44:59, 17.13s/it]本次token消耗: 2992
------当前第985章节 ~ 第985章节 ：985------当前token消耗: 2797177(all) = 2359807(in) + 437370(out)---压缩比:18.08%---

 63%|██████▎   | 986/1563 [5:03:18<3:04:48, 19.22s/it]本次token消耗: 2940
------当前第986章节 ~ 第986章节 ：986------当前token消耗: 2800117(all) = 2362202(in) + 437915(out)---压缩比:18.09%---

 63%|██████▎   | 987/1563 [5:03:40<3:12:42, 20.07s/it]本次token消耗: 2848
------当前第987章节 ~ 第987章节 ：987------当前token消耗: 2802965(all) = 2364633(in) + 438332(out)---压缩比:18.09%---

 63%|██████▎   | 988/1563 [5:03:58<3:05:04, 19.31s/it]本次token消耗: 2862
------当前第988章节 ~ 第988章节 ：988------当前token消耗: 2805827(all) = 2367042(in) + 438785(out)---压缩比:18.09%---

 63%|██████▎   | 989/1563 [5:04:17<3:03:21, 19.17s/it]本次token消耗: 2997
------当前第989章节 ~ 第989章节 ：989------当前token消耗: 2808824(all) = 2369430(in) + 439394(out)---压缩比:18.1%---

 63%|██████▎   | 990/1563 [5:04:41<3:18:25, 20.78s/it]本次token消耗: 2832
------当前第990章节 ~ 第990章节 ：990------当前token消耗: 2811656(all) = 2371800(in) + 439856(out)---压缩比:18.1%---

 63%|██████▎   | 991/1563 [5:05:01<3:13:59, 20.35s/it]本次token消耗: 2751
------当前第991章节 ~ 第991章节 ：991------当前token消耗: 2814407(all) = 2374088(in) + 440319(out)---压缩比:18.1%---

 63%|██████▎   | 992/1563 [5:05:20<3:09:54, 19.95s/it]本次token消耗: 2918
------当前第992章节 ~ 第992章节 ：992------当前token消耗: 2817325(all) = 2376512(in) + 440813(out)---压缩比:18.1%---

 64%|██████▎   | 993/1563 [5:05:40<3:10:18, 20.03s/it]本次token消耗: 2687
------当前第993章节 ~ 第993章节 ：993------当前token消耗: 2820012(all) = 2378472(in) + 441540(out)---压缩比:18.12%---

 64%|██████▎   | 994/1563 [5:06:08<3:33:49, 22.55s/it]本次token消耗: 2851
------当前第994章节 ~ 第994章节 ：994------当前token消耗: 2822863(all) = 2380859(in) + 442004(out)---压缩比:18.12%---

 64%|██████▎   | 995/1563 [5:06:28<3:25:20, 21.69s/it]本次token消耗: 2879
------当前第995章节 ~ 第995章节 ：995------当前token消耗: 2825742(all) = 2383204(in) + 442538(out)---压缩比:18.12%---

 64%|██████▎   | 996/1563 [5:06:50<3:25:37, 21.76s/it]本次token消耗: 2854
------当前第996章节 ~ 第996章节 ：996------当前token消耗: 2828596(all) = 2385649(in) + 442947(out)---压缩比:18.12%---

 64%|██████▍   | 997/1563 [5:07:07<3:13:12, 20.48s/it]本次token消耗: 2858
------当前第997章节 ~ 第997章节 ：997------当前token消耗: 2831454(all) = 2388084(in) + 443370(out)---压缩比:18.12%---

 64%|██████▍   | 998/1563 [5:07:25<3:05:30, 19.70s/it]本次token消耗: 2827
------当前第998章节 ~ 第998章节 ：998------当前token消耗: 2834281(all) = 2390490(in) + 443791(out)---压缩比:18.12%---

 64%|██████▍   | 999/1563 [5:07:43<2:59:10, 19.06s/it]本次token消耗: 2860
------当前第999章节 ~ 第999章节 ：999------当前token消耗: 2837141(all) = 2392937(in) + 444204(out)---压缩比:18.12%---

 64%|██████▍   | 1000/1563 [5:08:00<2:54:48, 18.63s/it]本次token消耗: 2842
------当前第1000章节 ~ 第1000章节 ：1000------当前token消耗: 2839983(all) = 2395356(in) + 444627(out)---压缩比:18.12%---

 64%|██████▍   | 1001/1563 [5:08:18<2:52:24, 18.41s/it]本次token消耗: 2809
------当前第1001章节 ~ 第1001章节 ：1001------当前token消耗: 2842792(all) = 2397649(in) + 445143(out)---压缩比:18.12%---

 64%|██████▍   | 1002/1563 [5:08:39<2:58:56, 19.14s/it]本次token消耗: 3019
------当前第1002章节 ~ 第1002章节 ：1002------当前token消耗: 2845811(all) = 2400047(in) + 445764(out)---压缩比:18.13%---

 64%|██████▍   | 1003/1563 [5:09:04<3:14:13, 20.81s/it]本次token消耗: 3211
------当前第1003章节 ~ 第1003章节 ：1003------当前token消耗: 2849022(all) = 2402657(in) + 446365(out)---压缩比:18.14%---

 64%|██████▍   | 1004/1563 [5:09:28<3:23:27, 21.84s/it]本次token消耗: 2431
------当前第1004章节 ~ 第1004章节 ：1004------当前token消耗: 2851453(all) = 2404719(in) + 446734(out)---压缩比:18.14%---

 64%|██████▍   | 1005/1563 [5:09:44<3:05:01, 19.89s/it]本次token消耗: 2818
------当前第1005章节 ~ 第1005章节 ：1005------当前token消耗: 2854271(all) = 2407092(in) + 447179(out)---压缩比:18.14%---

 64%|██████▍   | 1006/1563 [5:10:02<3:00:18, 19.42s/it]本次token消耗: 2876
------当前第1006章节 ~ 第1006章节 ：1006------当前token消耗: 2857147(all) = 2409444(in) + 447703(out)---压缩比:18.14%---

 64%|██████▍   | 1007/1563 [5:10:23<3:05:41, 20.04s/it]本次token消耗: 2756
------当前第1007章节 ~ 第1007章节 ：1007------当前token消耗: 2859903(all) = 2411830(in) + 448073(out)---压缩比:18.14%---

 64%|██████▍   | 1008/1563 [5:10:39<2:53:49, 18.79s/it]本次token消耗: 2818
------当前第1008章节 ~ 第1008章节 ：1008------当前token消耗: 2862721(all) = 2414161(in) + 448560(out)---压缩比:18.14%---

 65%|██████▍   | 1009/1563 [5:10:59<2:56:31, 19.12s/it]本次token消耗: 2699
------当前第1009章节 ~ 第1009章节 ：1009------当前token消耗: 2865420(all) = 2416477(in) + 448943(out)---压缩比:18.14%---

 65%|██████▍   | 1010/1563 [5:11:15<2:47:55, 18.22s/it]本次token消耗: 2935
------当前第1010章节 ~ 第1010章节 ：1010------当前token消耗: 2868355(all) = 2418879(in) + 449476(out)---压缩比:18.14%---

 65%|██████▍   | 1011/1563 [5:11:37<2:57:27, 19.29s/it]本次token消耗: 2857
------当前第1011章节 ~ 第1011章节 ：1011------当前token消耗: 2871212(all) = 2421239(in) + 449973(out)---压缩比:18.14%---

 65%|██████▍   | 1012/1563 [5:11:57<2:59:54, 19.59s/it]本次token消耗: 3011
------当前第1012章节 ~ 第1012章节 ：1012------当前token消耗: 2874223(all) = 2423692(in) + 450531(out)---压缩比:18.15%---

 65%|██████▍   | 1013/1563 [5:12:20<3:07:38, 20.47s/it]本次token消耗: 2503
------当前第1013章节 ~ 第1013章节 ：1013------当前token消耗: 2876726(all) = 2425679(in) + 451047(out)---压缩比:18.15%---

 65%|██████▍   | 1014/1563 [5:12:41<3:07:52, 20.53s/it]本次token消耗: 2951
------当前第1014章节 ~ 第1014章节 ：1014------当前token消耗: 2879677(all) = 2428135(in) + 451542(out)---压缩比:18.16%---

 65%|██████▍   | 1015/1563 [5:13:01<3:06:42, 20.44s/it]本次token消耗: 2906
------当前第1015章节 ~ 第1015章节 ：1015------当前token消耗: 2882583(all) = 2430539(in) + 452044(out)---压缩比:18.16%---

 65%|██████▌   | 1016/1563 [5:13:21<3:06:45, 20.49s/it]本次token消耗: 2868
------当前第1016章节 ~ 第1016章节 ：1016------当前token消耗: 2885451(all) = 2432982(in) + 452469(out)---压缩比:18.16%---

 65%|██████▌   | 1017/1563 [5:13:39<2:58:42, 19.64s/it]本次token消耗: 2922
------当前第1017章节 ~ 第1017章节 ：1017------当前token消耗: 2888373(all) = 2435306(in) + 453067(out)---压缩比:18.16%---

 65%|██████▌   | 1018/1563 [5:14:03<3:09:31, 20.87s/it]本次token消耗: 3443
------当前第1018章节 ~ 第1018章节 ：1018------当前token消耗: 2891816(all) = 2437879(in) + 453937(out)---压缩比:18.18%---

 65%|██████▌   | 1019/1563 [5:14:37<3:44:52, 24.80s/it]本次token消耗: 2764
------当前第1019章节 ~ 第1019章节 ：1019------当前token消耗: 2894580(all) = 2440247(in) + 454333(out)---压缩比:18.18%---

 65%|██████▌   | 1020/1563 [5:14:53<3:22:09, 22.34s/it]本次token消耗: 3162
------当前第1020章节 ~ 第1020章节 ：1020------当前token消耗: 2897742(all) = 2442779(in) + 454963(out)---压缩比:18.18%---

 65%|██████▌   | 1021/1563 [5:15:19<3:30:18, 23.28s/it]本次token消耗: 3154
------当前第1021章节 ~ 第1021章节 ：1021------当前token消耗: 2900896(all) = 2445215(in) + 455681(out)---压缩比:18.19%---

 65%|██████▌   | 1022/1563 [5:15:47<3:43:25, 24.78s/it]本次token消耗: 2990
------当前第1022章节 ~ 第1022章节 ：1022------当前token消耗: 2903886(all) = 2447622(in) + 456264(out)---压缩比:18.2%---

 65%|██████▌   | 1023/1563 [5:16:11<3:39:45, 24.42s/it]本次token消耗: 2854
------当前第1023章节 ~ 第1023章节 ：1023------当前token消耗: 2906740(all) = 2450040(in) + 456700(out)---压缩比:18.2%---

 66%|██████▌   | 1024/1563 [5:16:29<3:23:44, 22.68s/it]本次token消耗: 3022
------当前第1024章节 ~ 第1024章节 ：1024------当前token消耗: 2909762(all) = 2452422(in) + 457340(out)---压缩比:18.21%---

 66%|██████▌   | 1025/1563 [5:16:55<3:30:47, 23.51s/it]本次token消耗: 2880
------当前第1025章节 ~ 第1025章节 ：1025------当前token消耗: 2912642(all) = 2454881(in) + 457761(out)---压缩比:18.21%---

 66%|██████▌   | 1026/1563 [5:17:12<3:14:40, 21.75s/it]本次token消耗: 2651
------当前第1026章节 ~ 第1026章节 ：1026------当前token消耗: 2915293(all) = 2457252(in) + 458041(out)---压缩比:18.2%---

 66%|██████▌   | 1027/1563 [5:17:25<2:49:22, 18.96s/it]本次token消耗: 2910
------当前第1027章节 ~ 第1027章节 ：1027------当前token消耗: 2918203(all) = 2459625(in) + 458578(out)---压缩比:18.21%---

 66%|██████▌   | 1028/1563 [5:17:47<2:56:27, 19.79s/it]本次token消耗: 2695
------当前第1028章节 ~ 第1028章节 ：1028------当前token消耗: 2920898(all) = 2461881(in) + 459017(out)---压缩比:18.21%---

 66%|██████▌   | 1029/1563 [5:18:05<2:52:28, 19.38s/it]本次token消耗: 2807
------当前第1029章节 ~ 第1029章节 ：1029------当前token消耗: 2923705(all) = 2464249(in) + 459456(out)---压缩比:18.21%---

 66%|██████▌   | 1030/1563 [5:18:23<2:49:07, 19.04s/it]本次token消耗: 2862
------当前第1030章节 ~ 第1030章节 ：1030------当前token消耗: 2926567(all) = 2466664(in) + 459903(out)---压缩比:18.21%---

 66%|██████▌   | 1031/1563 [5:18:42<2:48:08, 18.96s/it]本次token消耗: 2870
------当前第1031章节 ~ 第1031章节 ：1031------当前token消耗: 2929437(all) = 2469047(in) + 460390(out)---压缩比:18.21%---

 66%|██████▌   | 1032/1563 [5:19:02<2:50:29, 19.26s/it]本次token消耗: 2821
------当前第1032章节 ~ 第1032章节 ：1032------当前token消耗: 2932258(all) = 2471458(in) + 460800(out)---压缩比:18.21%---

 66%|██████▌   | 1033/1563 [5:19:19<2:45:05, 18.69s/it]本次token消耗: 2811
------当前第1033章节 ~ 第1033章节 ：1033------当前token消耗: 2935069(all) = 2473841(in) + 461228(out)---压缩比:18.21%---

 66%|██████▌   | 1034/1563 [5:19:37<2:42:48, 18.47s/it]本次token消耗: 2805
------当前第1034章节 ~ 第1034章节 ：1034------当前token消耗: 2937874(all) = 2476202(in) + 461672(out)---压缩比:18.21%---

 66%|██████▌   | 1035/1563 [5:19:56<2:42:57, 18.52s/it]本次token消耗: 2981
------当前第1035章节 ~ 第1035章节 ：1035------当前token消耗: 2940855(all) = 2478671(in) + 462184(out)---压缩比:18.21%---

 66%|██████▋   | 1036/1563 [5:20:17<2:49:32, 19.30s/it]本次token消耗: 2804
------当前第1036章节 ~ 第1036章节 ：1036------当前token消耗: 2943659(all) = 2481007(in) + 462652(out)---压缩比:18.22%---

 66%|██████▋   | 1037/1563 [5:20:37<2:50:18, 19.43s/it]本次token消耗: 2765
------当前第1037章节 ~ 第1037章节 ：1037------当前token消耗: 2946424(all) = 2483422(in) + 463002(out)---压缩比:18.21%---

 66%|██████▋   | 1038/1563 [5:20:52<2:39:02, 18.18s/it]本次token消耗: 3013
------当前第1038章节 ~ 第1038章节 ：1038------当前token消耗: 2949437(all) = 2485878(in) + 463559(out)---压缩比:18.22%---

 66%|██████▋   | 1039/1563 [5:21:15<2:50:18, 19.50s/it]本次token消耗: 2972
------当前第1039章节 ~ 第1039章节 ：1039------当前token消耗: 2952409(all) = 2488264(in) + 464145(out)---压缩比:18.22%---

 67%|██████▋   | 1040/1563 [5:21:39<3:01:36, 20.83s/it]本次token消耗: 2859
------当前第1040章节 ~ 第1040章节 ：1040------当前token消耗: 2955268(all) = 2490677(in) + 464591(out)---压缩比:18.22%---

 67%|██████▋   | 1041/1563 [5:21:57<2:54:56, 20.11s/it]本次token消耗: 3139
------当前第1041章节 ~ 第1041章节 ：1041------当前token消耗: 2958407(all) = 2493055(in) + 465352(out)---压缩比:18.23%---

 67%|██████▋   | 1042/1563 [5:22:27<3:20:38, 23.11s/it]本次token消耗: 3117
------当前第1042章节 ~ 第1042章节 ：1042------当前token消耗: 2961524(all) = 2495493(in) + 466031(out)---压缩比:18.25%---

 67%|██████▋   | 1043/1563 [5:22:54<3:30:06, 24.24s/it]本次token消耗: 3377
------当前第1043章节 ~ 第1043章节 ：1043------当前token消耗: 2964901(all) = 2498001(in) + 466900(out)---压缩比:18.26%---

 67%|██████▋   | 1044/1563 [5:23:28<3:54:58, 27.16s/it]本次token消耗: 2703
------当前第1044章节 ~ 第1044章节 ：1044------当前token消耗: 2967604(all) = 2500397(in) + 467207(out)---压缩比:18.25%---

 67%|██████▋   | 1045/1563 [5:23:41<3:19:02, 23.06s/it]本次token消耗: 2476
------当前第1045章节 ~ 第1045章节 ：1045------当前token消耗: 2970080(all) = 2502406(in) + 467674(out)---压缩比:18.26%---

 67%|██████▋   | 1046/1563 [5:24:00<3:08:14, 21.85s/it]本次token消耗: 2533
------当前第1046章节 ~ 第1046章节 ：1046------当前token消耗: 2972613(all) = 2504704(in) + 467909(out)---压缩比:18.25%---

 67%|██████▋   | 1047/1563 [5:24:11<2:39:08, 18.51s/it]本次token消耗: 2714
------当前第1047章节 ~ 第1047章节 ：1047------当前token消耗: 2975327(all) = 2507029(in) + 468298(out)---压缩比:18.25%---

 67%|██████▋   | 1048/1563 [5:24:27<2:33:15, 17.86s/it]本次token消耗: 2822
------当前第1048章节 ~ 第1048章节 ：1048------当前token消耗: 2978149(all) = 2509400(in) + 468749(out)---压缩比:18.25%---

 67%|██████▋   | 1049/1563 [5:24:46<2:35:08, 18.11s/it]本次token消耗: 2707
------当前第1049章节 ~ 第1049章节 ：1049------当前token消耗: 2980856(all) = 2511834(in) + 469022(out)---压缩比:18.24%---

 67%|██████▋   | 1050/1563 [5:24:58<2:19:42, 16.34s/it]本次token消耗: 2842
------当前第1050章节 ~ 第1050章节 ：1050------当前token消耗: 2983698(all) = 2514269(in) + 469429(out)---压缩比:18.24%---

 67%|██████▋   | 1051/1563 [5:25:16<2:21:32, 16.59s/it]本次token消耗: 3065
------当前第1051章节 ~ 第1051章节 ：1051------当前token消耗: 2986763(all) = 2516694(in) + 470069(out)---压缩比:18.25%---

 67%|██████▋   | 1052/1563 [5:25:41<2:43:42, 19.22s/it]本次token消耗: 2961
------当前第1052章节 ~ 第1052章节 ：1052------当前token消耗: 2989724(all) = 2519085(in) + 470639(out)---压缩比:18.25%---

 67%|██████▋   | 1053/1563 [5:26:04<2:53:22, 20.40s/it]本次token消耗: 2872
------当前第1053章节 ~ 第1053章节 ：1053------当前token消耗: 2992596(all) = 2521549(in) + 471047(out)---压缩比:18.25%---

 67%|██████▋   | 1054/1563 [5:26:21<2:44:53, 19.44s/it]本次token消耗: 3045
------当前第1054章节 ~ 第1054章节 ：1054------当前token消耗: 2995641(all) = 2524004(in) + 471637(out)---压缩比:18.26%---

 67%|██████▋   | 1055/1563 [5:26:45<2:55:24, 20.72s/it]本次token消耗: 2983
------当前第1055章节 ~ 第1055章节 ：1055------当前token消耗: 2998624(all) = 2526497(in) + 472127(out)---压缩比:18.26%---

 68%|██████▊   | 1056/1563 [5:27:05<2:53:21, 20.52s/it]本次token消耗: 2776
------当前第1056章节 ~ 第1056章节 ：1056------当前token消耗: 3001400(all) = 2528856(in) + 472544(out)---压缩比:18.26%---

 68%|██████▊   | 1057/1563 [5:27:22<2:44:51, 19.55s/it]本次token消耗: 2916
------当前第1057章节 ~ 第1057章节 ：1057------当前token消耗: 3004316(all) = 2531282(in) + 473034(out)---压缩比:18.26%---

 68%|██████▊   | 1058/1563 [5:27:42<2:45:38, 19.68s/it]本次token消耗: 2847
------当前第1058章节 ~ 第1058章节 ：1058------当前token消耗: 3007163(all) = 2533725(in) + 473438(out)---压缩比:18.26%---

 68%|██████▊   | 1059/1563 [5:28:00<2:39:43, 19.02s/it]本次token消耗: 2998
------当前第1059章节 ~ 第1059章节 ：1059------当前token消耗: 3010161(all) = 2536152(in) + 474009(out)---压缩比:18.26%---

 68%|██████▊   | 1060/1563 [5:28:23<2:49:39, 20.24s/it]本次token消耗: 2817
------当前第1060章节 ~ 第1060章节 ：1060------当前token消耗: 3012978(all) = 2538531(in) + 474447(out)---压缩比:18.26%---

 68%|██████▊   | 1061/1563 [5:28:41<2:44:18, 19.64s/it]本次token消耗: 3067
------当前第1061章节 ~ 第1061章节 ：1061------当前token消耗: 3016045(all) = 2540902(in) + 475143(out)---压缩比:18.27%---

 68%|██████▊   | 1062/1563 [5:29:09<3:04:22, 22.08s/it]本次token消耗: 2969
------当前第1062章节 ~ 第1062章节 ：1062------当前token消耗: 3019014(all) = 2543342(in) + 475672(out)---压缩比:18.28%---

 68%|██████▊   | 1063/1563 [5:29:30<3:02:32, 21.90s/it]本次token消耗: 2743
------当前第1063章节 ~ 第1063章节 ：1063------当前token消耗: 3021757(all) = 2545684(in) + 476073(out)---压缩比:18.27%---

 68%|██████▊   | 1064/1563 [5:29:47<2:49:55, 20.43s/it]本次token消耗: 3001
------当前第1064章节 ~ 第1064章节 ：1064------当前token消耗: 3024758(all) = 2548040(in) + 476718(out)---压缩比:18.28%---

 68%|██████▊   | 1065/1563 [5:30:13<3:02:08, 21.94s/it]本次token消耗: 2869
------当前第1065章节 ~ 第1065章节 ：1065------当前token消耗: 3027627(all) = 2550356(in) + 477271(out)---压缩比:18.29%---

 68%|██████▊   | 1066/1563 [5:30:35<3:03:06, 22.11s/it]本次token消耗: 3021
------当前第1066章节 ~ 第1066章节 ：1066------当前token消耗: 3030648(all) = 2552849(in) + 477799(out)---压缩比:18.29%---

 68%|██████▊   | 1067/1563 [5:30:57<3:01:15, 21.93s/it]本次token消耗: 2900
------当前第1067章节 ~ 第1067章节 ：1067------当前token消耗: 3033548(all) = 2555252(in) + 478296(out)---压缩比:18.29%---

 68%|██████▊   | 1068/1563 [5:31:17<2:57:02, 21.46s/it]本次token消耗: 3004
------当前第1068章节 ~ 第1068章节 ：1068------当前token消耗: 3036552(all) = 2557659(in) + 478893(out)---压缩比:18.3%---

 68%|██████▊   | 1069/1563 [5:31:41<3:02:55, 22.22s/it]本次token消耗: 2876
------当前第1069章节 ~ 第1069章节 ：1069------当前token消耗: 3039428(all) = 2560011(in) + 479417(out)---压缩比:18.3%---

 68%|██████▊   | 1070/1563 [5:32:02<3:00:25, 21.96s/it]本次token消耗: 2925
------当前第1070章节 ~ 第1070章节 ：1070------当前token消耗: 3042353(all) = 2562450(in) + 479903(out)---压缩比:18.3%---

 69%|██████▊   | 1071/1563 [5:32:23<2:55:23, 21.39s/it]本次token消耗: 3035
------当前第1071章节 ~ 第1071章节 ：1071------当前token消耗: 3045388(all) = 2564814(in) + 480574(out)---压缩比:18.31%---

 69%|██████▊   | 1072/1563 [5:32:49<3:07:44, 22.94s/it]本次token消耗: 3117
------当前第1072章节 ~ 第1072章节 ：1072------当前token消耗: 3048505(all) = 2567263(in) + 481242(out)---压缩比:18.32%---

 69%|██████▊   | 1073/1563 [5:33:16<3:17:13, 24.15s/it]本次token消耗: 3206
------当前第1073章节 ~ 第1073章节 ：1073------当前token消耗: 3051711(all) = 2569658(in) + 482053(out)---压缩比:18.34%---

 69%|██████▊   | 1074/1563 [5:33:48<3:35:33, 26.45s/it]本次token消耗: 2795
------当前第1074章节 ~ 第1074章节 ：1074------当前token消耗: 3054506(all) = 2571988(in) + 482518(out)---压缩比:18.34%---

 69%|██████▉   | 1075/1563 [5:34:07<3:16:59, 24.22s/it]本次token消耗: 3063
------当前第1075章节 ~ 第1075章节 ：1075------当前token消耗: 3057569(all) = 2574329(in) + 483240(out)---压缩比:18.35%---

 69%|██████▉   | 1076/1563 [5:34:35<3:26:40, 25.46s/it]本次token消耗: 2908
------当前第1076章节 ~ 第1076章节 ：1076------当前token消耗: 3060477(all) = 2576654(in) + 483823(out)---压缩比:18.35%---

 69%|██████▉   | 1077/1563 [5:34:59<3:21:17, 24.85s/it]本次token消耗: 2906
------当前第1077章节 ~ 第1077章节 ：1077------当前token消耗: 3063383(all) = 2579010(in) + 484373(out)---压缩比:18.36%---

 69%|██████▉   | 1078/1563 [5:35:21<3:14:18, 24.04s/it]本次token消耗: 3146
------当前第1078章节 ~ 第1078章节 ：1078------当前token消耗: 3066529(all) = 2581437(in) + 485092(out)---压缩比:18.37%---

 69%|██████▉   | 1079/1563 [5:35:49<3:24:33, 25.36s/it]本次token消耗: 2749
------当前第1079章节 ~ 第1079章节 ：1079------当前token消耗: 3069278(all) = 2583787(in) + 485491(out)---压缩比:18.37%---

 69%|██████▉   | 1080/1563 [5:36:06<3:03:06, 22.75s/it]本次token消耗: 3081
------当前第1080章节 ~ 第1080章节 ：1080------当前token消耗: 3072359(all) = 2586239(in) + 486120(out)---压缩比:18.38%---

 69%|██████▉   | 1081/1563 [5:36:31<3:09:30, 23.59s/it]本次token消耗: 2875
------当前第1081章节 ~ 第1081章节 ：1081------当前token消耗: 3075234(all) = 2588674(in) + 486560(out)---压缩比:18.37%---

 69%|██████▉   | 1082/1563 [5:36:50<2:56:43, 22.05s/it]本次token消耗: 2982
------当前第1082章节 ~ 第1082章节 ：1082------当前token消耗: 3078216(all) = 2591139(in) + 487077(out)---压缩比:18.38%---

 69%|██████▉   | 1083/1563 [5:37:11<2:54:45, 21.85s/it]本次token消耗: 2993
------当前第1083章节 ~ 第1083章节 ：1083------当前token消耗: 3081209(all) = 2593663(in) + 487546(out)---压缩比:18.38%---

 69%|██████▉   | 1084/1563 [5:37:31<2:49:08, 21.19s/it]本次token消耗: 2754
------当前第1084章节 ~ 第1084章节 ：1084------当前token消耗: 3083963(all) = 2596101(in) + 487862(out)---压缩比:18.37%---

 69%|██████▉   | 1085/1563 [5:37:45<2:32:08, 19.10s/it]本次token消耗: 2849
------当前第1085章节 ~ 第1085章节 ：1085------当前token消耗: 3086812(all) = 2598452(in) + 488360(out)---压缩比:18.37%---

 69%|██████▉   | 1086/1563 [5:38:06<2:35:00, 19.50s/it]本次token消耗: 2930
------当前第1086章节 ~ 第1086章节 ：1086------当前token消耗: 3089742(all) = 2600827(in) + 488915(out)---压缩比:18.38%---

 70%|██████▉   | 1087/1563 [5:38:28<2:41:24, 20.34s/it]本次token消耗: 2772
------当前第1087章节 ~ 第1087章节 ：1087------当前token消耗: 3092514(all) = 2603236(in) + 489278(out)---压缩比:18.37%---

 70%|██████▉   | 1088/1563 [5:38:44<2:29:45, 18.92s/it]本次token消耗: 2803
------当前第1088章节 ~ 第1088章节 ：1088------当前token消耗: 3095317(all) = 2605573(in) + 489744(out)---压缩比:18.38%---

 70%|██████▉   | 1089/1563 [5:39:03<2:30:17, 19.02s/it]本次token消耗: 2759
------当前第1089章节 ~ 第1089章节 ：1089------当前token消耗: 3098076(all) = 2607957(in) + 490119(out)---压缩比:18.37%---

 70%|██████▉   | 1090/1563 [5:39:19<2:22:56, 18.13s/it]本次token消耗: 2832
------当前第1090章节 ~ 第1090章节 ：1090------当前token消耗: 3100908(all) = 2610365(in) + 490543(out)---压缩比:18.37%---

 70%|██████▉   | 1091/1563 [5:39:37<2:22:00, 18.05s/it]本次token消耗: 2747
------当前第1091章节 ~ 第1091章节 ：1091------当前token消耗: 3103655(all) = 2612778(in) + 490877(out)---压缩比:18.37%---

 70%|██████▉   | 1092/1563 [5:39:51<2:13:26, 17.00s/it]本次token消耗: 2905
------当前第1092章节 ~ 第1092章节 ：1092------当前token消耗: 3106560(all) = 2615186(in) + 491374(out)---压缩比:18.37%---

 70%|██████▉   | 1093/1563 [5:40:12<2:21:44, 18.09s/it]本次token消耗: 3331
------当前第1093章节 ~ 第1093章节 ：1093------当前token消耗: 3109891(all) = 2617596(in) + 492295(out)---压缩比:18.39%---

 70%|██████▉   | 1094/1563 [5:40:47<3:02:15, 23.32s/it]本次token消耗: 2833
------当前第1094章节 ~ 第1094章节 ：1094------当前token消耗: 3112724(all) = 2619930(in) + 492794(out)---压缩比:18.39%---

 70%|███████   | 1095/1563 [5:41:08<2:55:03, 22.44s/it]本次token消耗: 2814
------当前第1095章节 ~ 第1095章节 ：1095------当前token消耗: 3115538(all) = 2622314(in) + 493224(out)---压缩比:18.39%---

 70%|███████   | 1096/1563 [5:41:26<2:43:54, 21.06s/it]本次token消耗: 2764
------当前第1096章节 ~ 第1096章节 ：1096------当前token消耗: 3118302(all) = 2624695(in) + 493607(out)---压缩比:18.38%---

 70%|███████   | 1097/1563 [5:41:42<2:32:18, 19.61s/it]本次token消耗: 2773
------当前第1097章节 ~ 第1097章节 ：1097------当前token消耗: 3121075(all) = 2627118(in) + 493957(out)---压缩比:18.38%---

 70%|███████   | 1098/1563 [5:41:57<2:21:19, 18.23s/it]本次token消耗: 2812
------当前第1098章节 ~ 第1098章节 ：1098------当前token消耗: 3123887(all) = 2629395(in) + 494492(out)---压缩比:18.39%---

 70%|███████   | 1099/1563 [5:42:19<2:28:58, 19.26s/it]本次token消耗: 2978
------当前第1099章节 ~ 第1099章节 ：1099------当前token消耗: 3126865(all) = 2631852(in) + 495013(out)---压缩比:18.39%---

 70%|███████   | 1100/1563 [5:42:40<2:33:47, 19.93s/it]本次token消耗: 2428
------当前第1100章节 ~ 第1100章节 ：1100------当前token消耗: 3129293(all) = 2633764(in) + 495529(out)---压缩比:18.39%---

 70%|███████   | 1101/1563 [5:43:00<2:34:40, 20.09s/it]本次token消耗: 2761
------当前第1101章节 ~ 第1101章节 ：1101------当前token消耗: 3132054(all) = 2636164(in) + 495890(out)---压缩比:18.39%---

 71%|███████   | 1102/1563 [5:43:16<2:23:33, 18.69s/it]本次token消耗: 2931
------当前第1102章节 ~ 第1102章节 ：1102------当前token消耗: 3134985(all) = 2638629(in) + 496356(out)---压缩比:18.39%---

 71%|███████   | 1103/1563 [5:43:35<2:24:46, 18.88s/it]本次token消耗: 2881
------当前第1103章节 ~ 第1103章节 ：1103------当前token消耗: 3137866(all) = 2641040(in) + 496826(out)---压缩比:18.39%---

 71%|███████   | 1104/1563 [5:43:55<2:25:40, 19.04s/it]本次token消耗: 2628
------当前第1104章节 ~ 第1104章节 ：1104------当前token消耗: 3140494(all) = 2643388(in) + 497106(out)---压缩比:18.39%---

 71%|███████   | 1105/1563 [5:44:07<2:10:39, 17.12s/it]本次token消耗: 2658
------当前第1105章节 ~ 第1105章节 ：1105------当前token消耗: 3143152(all) = 2645763(in) + 497389(out)---压缩比:18.38%---

 71%|███████   | 1106/1563 [5:44:20<1:59:55, 15.74s/it]本次token消耗: 2781
------当前第1106章节 ~ 第1106章节 ：1106------当前token消耗: 3145933(all) = 2648168(in) + 497765(out)---压缩比:18.38%---

 71%|███████   | 1107/1563 [5:44:36<1:59:57, 15.78s/it]本次token消耗: 2772
------当前第1107章节 ~ 第1107章节 ：1107------当前token消耗: 3148705(all) = 2650521(in) + 498184(out)---压缩比:18.38%---

 71%|███████   | 1108/1563 [5:44:53<2:04:00, 16.35s/it]本次token消耗: 2968
------当前第1108章节 ~ 第1108章节 ：1108------当前token消耗: 3151673(all) = 2652964(in) + 498709(out)---压缩比:18.38%---

 71%|███████   | 1109/1563 [5:45:15<2:15:21, 17.89s/it]本次token消耗: 2878
------当前第1109章节 ~ 第1109章节 ：1109------当前token消耗: 3154551(all) = 2655359(in) + 499192(out)---压缩比:18.38%---

 71%|███████   | 1110/1563 [5:45:35<2:19:13, 18.44s/it]本次token消耗: 2920
------当前第1110章节 ~ 第1110章节 ：1110------当前token消耗: 3157471(all) = 2657752(in) + 499719(out)---压缩比:18.38%---

 71%|███████   | 1111/1563 [5:45:56<2:25:58, 19.38s/it]本次token消耗: 2892
------当前第1111章节 ~ 第1111章节 ：1111------当前token消耗: 3160363(all) = 2660161(in) + 500202(out)---压缩比:18.38%---

 71%|███████   | 1112/1563 [5:46:16<2:26:51, 19.54s/it]本次token消耗: 2894
------当前第1112章节 ~ 第1112章节 ：1112------当前token消耗: 3163257(all) = 2662598(in) + 500659(out)---压缩比:18.38%---

 71%|███████   | 1113/1563 [5:46:35<2:25:45, 19.43s/it]本次token消耗: 2901
------当前第1113章节 ~ 第1113章节 ：1113------当前token消耗: 3166158(all) = 2665082(in) + 501076(out)---压缩比:18.38%---

 71%|███████▏  | 1114/1563 [5:46:53<2:21:08, 18.86s/it]本次token消耗: 2911
------当前第1114章节 ~ 第1114章节 ：1114------当前token消耗: 3169069(all) = 2667575(in) + 501494(out)---压缩比:18.38%---

 71%|███████▏  | 1115/1563 [5:47:10<2:17:46, 18.45s/it]本次token消耗: 2836
------当前第1115章节 ~ 第1115章节 ：1115------当前token消耗: 3171905(all) = 2669951(in) + 501954(out)---压缩比:18.38%---

 71%|███████▏  | 1116/1563 [5:47:29<2:18:36, 18.61s/it]本次token消耗: 2655
------当前第1116章节 ~ 第1116章节 ：1116------当前token消耗: 3174560(all) = 2672326(in) + 502234(out)---压缩比:18.37%---

 71%|███████▏  | 1117/1563 [5:47:42<2:04:28, 16.75s/it]本次token消耗: 2753
------当前第1117章节 ~ 第1117章节 ：1117------当前token消耗: 3177313(all) = 2674632(in) + 502681(out)---压缩比:18.37%---

 72%|███████▏  | 1118/1563 [5:48:00<2:08:27, 17.32s/it]本次token消耗: 2824
------当前第1118章节 ~ 第1118章节 ：1118------当前token消耗: 3180137(all) = 2677029(in) + 503108(out)---压缩比:18.37%---

 72%|███████▏  | 1119/1563 [5:48:18<2:09:16, 17.47s/it]本次token消耗: 2727
------当前第1119章节 ~ 第1119章节 ：1119------当前token消耗: 3182864(all) = 2679464(in) + 503400(out)---压缩比:18.37%---

 72%|███████▏  | 1120/1563 [5:48:31<1:58:46, 16.09s/it]本次token消耗: 3269
------当前第1120章节 ~ 第1120章节 ：1120------当前token消耗: 3186133(all) = 2681904(in) + 504229(out)---压缩比:18.38%---

 72%|███████▏  | 1121/1563 [5:49:04<2:34:53, 21.03s/it]本次token消耗: 2805
------当前第1121章节 ~ 第1121章节 ：1121------当前token消耗: 3188938(all) = 2684301(in) + 504637(out)---压缩比:18.38%---

 72%|███████▏  | 1122/1563 [5:49:21<2:26:03, 19.87s/it]本次token消耗: 2872
------当前第1122章节 ~ 第1122章节 ：1122------当前token消耗: 3191810(all) = 2686739(in) + 505071(out)---压缩比:18.38%---

 72%|███████▏  | 1123/1563 [5:49:39<2:21:39, 19.32s/it]本次token消耗: 2685
------当前第1123章节 ~ 第1123章节 ：1123------当前token消耗: 3194495(all) = 2688979(in) + 505516(out)---压缩比:18.38%---

 72%|███████▏  | 1124/1563 [5:49:57<2:18:49, 18.97s/it]本次token消耗: 2847
------当前第1124章节 ~ 第1124章节 ：1124------当前token消耗: 3197342(all) = 2691423(in) + 505919(out)---压缩比:18.38%---

 72%|███████▏  | 1125/1563 [5:50:14<2:14:29, 18.42s/it]本次token消耗: 2992
------当前第1125章节 ~ 第1125章节 ：1125------当前token消耗: 3200334(all) = 2693774(in) + 506560(out)---压缩比:18.38%---

 72%|███████▏  | 1126/1563 [5:50:40<2:30:52, 20.71s/it]本次token消耗: 2817
------当前第1126章节 ~ 第1126章节 ：1126------当前token消耗: 3203151(all) = 2696195(in) + 506956(out)---压缩比:18.38%---

 72%|███████▏  | 1127/1563 [5:50:57<2:21:32, 19.48s/it]本次token消耗: 2726
------当前第1127章节 ~ 第1127章节 ：1127------当前token消耗: 3205877(all) = 2698609(in) + 507268(out)---压缩比:18.38%---

 72%|███████▏  | 1128/1563 [5:51:10<2:08:21, 17.70s/it]本次token消耗: 2864
------当前第1128章节 ~ 第1128章节 ：1128------当前token消耗: 3208741(all) = 2700974(in) + 507767(out)---压缩比:18.38%---

 72%|███████▏  | 1129/1563 [5:51:31<2:13:51, 18.51s/it]本次token消耗: 2770
------当前第1129章节 ~ 第1129章节 ：1129------当前token消耗: 3211511(all) = 2703370(in) + 508141(out)---压缩比:18.37%---

 72%|███████▏  | 1130/1563 [5:51:47<2:07:56, 17.73s/it]本次token消耗: 2989
------当前第1130章节 ~ 第1130章节 ：1130------当前token消耗: 3214500(all) = 2705753(in) + 508747(out)---压缩比:18.38%---

 72%|███████▏  | 1131/1563 [5:52:11<2:21:36, 19.67s/it]本次token消耗: 3203
------当前第1131章节 ~ 第1131章节 ：1131------当前token消耗: 3217703(all) = 2708161(in) + 509542(out)---压缩比:18.39%---

 72%|███████▏  | 1132/1563 [5:52:42<2:46:17, 23.15s/it]本次token消耗: 2865
------当前第1132章节 ~ 第1132章节 ：1132------当前token消耗: 3220568(all) = 2710686(in) + 509882(out)---压缩比:18.39%---

 72%|███████▏  | 1133/1563 [5:52:57<2:27:49, 20.63s/it]本次token消耗: 2873
------当前第1133章节 ~ 第1133章节 ：1133------当前token消耗: 3223441(all) = 2713149(in) + 510292(out)---压缩比:18.39%---

 73%|███████▎  | 1134/1563 [5:53:14<2:20:19, 19.63s/it]本次token消耗: 3045
------当前第1134章节 ~ 第1134章节 ：1134------当前token消耗: 3226486(all) = 2715463(in) + 511023(out)---压缩比:18.4%---

 73%|███████▎  | 1135/1563 [5:53:43<2:39:39, 22.38s/it]本次token消耗: 2319
------当前第1135章节 ~ 第1135章节 ：1135------当前token消耗: 3228805(all) = 2717454(in) + 511351(out)---压缩比:18.4%---

 73%|███████▎  | 1136/1563 [5:53:57<2:21:31, 19.89s/it]本次token消耗: 2327
------当前第1136章节 ~ 第1136章节 ：1136------当前token消耗: 3231132(all) = 2719457(in) + 511675(out)---压缩比:18.39%---

 73%|███████▎  | 1137/1563 [5:54:11<2:07:43, 17.99s/it]本次token消耗: 2969
------当前第1137章节 ~ 第1137章节 ：1137------当前token消耗: 3234101(all) = 2721893(in) + 512208(out)---压缩比:18.4%---

 73%|███████▎  | 1138/1563 [5:54:32<2:15:41, 19.16s/it]本次token消耗: 2750
------当前第1138章节 ~ 第1138章节 ：1138------当前token消耗: 3236851(all) = 2724284(in) + 512567(out)---压缩比:18.39%---

 73%|███████▎  | 1139/1563 [5:54:48<2:07:33, 18.05s/it]本次token消耗: 2675
------当前第1139章节 ~ 第1139章节 ：1139------当前token消耗: 3239526(all) = 2726641(in) + 512885(out)---压缩比:18.39%---

 73%|███████▎  | 1140/1563 [5:55:02<1:58:29, 16.81s/it]本次token消耗: 2908
------当前第1140章节 ~ 第1140章节 ：1140------当前token消耗: 3242434(all) = 2729040(in) + 513394(out)---压缩比:18.39%---

 73%|███████▎  | 1141/1563 [5:55:23<2:07:21, 18.11s/it]本次token消耗: 3003
------当前第1141章节 ~ 第1141章节 ：1141------当前token消耗: 3245437(all) = 2731558(in) + 513879(out)---压缩比:18.39%---

 73%|███████▎  | 1142/1563 [5:55:43<2:11:33, 18.75s/it]本次token消耗: 2929
------当前第1142章节 ~ 第1142章节 ：1142------当前token消耗: 3248366(all) = 2734033(in) + 514333(out)---压缩比:18.39%---

 73%|███████▎  | 1143/1563 [5:56:02<2:11:29, 18.79s/it]本次token消耗: 2979
------当前第1143章节 ~ 第1143章节 ：1143------当前token消耗: 3251345(all) = 2736417(in) + 514928(out)---压缩比:18.4%---

 73%|███████▎  | 1144/1563 [5:56:26<2:21:37, 20.28s/it]本次token消耗: 2801
------当前第1144章节 ~ 第1144章节 ：1144------当前token消耗: 3254146(all) = 2738818(in) + 515328(out)---压缩比:18.4%---

 73%|███████▎  | 1145/1563 [5:56:43<2:13:55, 19.22s/it]本次token消耗: 3013
------当前第1145章节 ~ 第1145章节 ：1145------当前token消耗: 3257159(all) = 2741225(in) + 515934(out)---压缩比:18.4%---

 73%|███████▎  | 1146/1563 [5:57:07<2:23:51, 20.70s/it]本次token消耗: 3156
------当前第1146章节 ~ 第1146章节 ：1146------当前token消耗: 3260315(all) = 2743675(in) + 516640(out)---压缩比:18.41%---

 73%|███████▎  | 1147/1563 [5:57:34<2:38:11, 22.82s/it]本次token消耗: 3012
------当前第1147章节 ~ 第1147章节 ：1147------当前token消耗: 3263327(all) = 2746111(in) + 517216(out)---压缩比:18.41%---

 73%|███████▎  | 1148/1563 [5:57:58<2:38:38, 22.94s/it]本次token消耗: 3007
------当前第1148章节 ~ 第1148章节 ：1148------当前token消耗: 3266334(all) = 2748592(in) + 517742(out)---压缩比:18.41%---

 74%|███████▎  | 1149/1563 [5:58:19<2:35:15, 22.50s/it]本次token消耗: 3215
------当前第1149章节 ~ 第1149章节 ：1149------当前token消耗: 3269549(all) = 2751064(in) + 518485(out)---压缩比:18.42%---

 74%|███████▎  | 1150/1563 [5:58:49<2:49:11, 24.58s/it]本次token消耗: 2933
------当前第1150章节 ~ 第1150章节 ：1150------当前token消耗: 3272482(all) = 2753511(in) + 518971(out)---压缩比:18.42%---

 74%|███████▎  | 1151/1563 [5:59:09<2:39:53, 23.28s/it]本次token消耗: 2828
------当前第1151章节 ~ 第1151章节 ：1151------当前token消耗: 3275310(all) = 2755930(in) + 519380(out)---压缩比:18.42%---

 74%|███████▎  | 1152/1563 [5:59:26<2:26:55, 21.45s/it]本次token消耗: 2907
------当前第1152章节 ~ 第1152章节 ：1152------当前token消耗: 3278217(all) = 2758358(in) + 519859(out)---压缩比:18.42%---

 74%|███████▍  | 1153/1563 [5:59:46<2:23:41, 21.03s/it]本次token消耗: 2820
------当前第1153章节 ~ 第1153章节 ：1153------当前token消耗: 3281037(all) = 2760757(in) + 520280(out)---压缩比:18.42%---

 74%|███████▍  | 1154/1563 [6:00:04<2:16:14, 19.99s/it]本次token消耗: 3115
------当前第1154章节 ~ 第1154章节 ：1154------当前token消耗: 3284152(all) = 2763160(in) + 520992(out)---压缩比:18.43%---

 74%|███████▍  | 1155/1563 [6:00:32<2:32:34, 22.44s/it]本次token消耗: 2442
------当前第1155章节 ~ 第1155章节 ：1155------当前token消耗: 3286594(all) = 2765118(in) + 521476(out)---压缩比:18.43%---

 74%|███████▍  | 1156/1563 [6:00:51<2:26:04, 21.53s/it]本次token消耗: 3070
------当前第1156章节 ~ 第1156章节 ：1156------当前token消耗: 3289664(all) = 2767603(in) + 522061(out)---压缩比:18.44%---

 74%|███████▍  | 1157/1563 [6:01:15<2:29:41, 22.12s/it]本次token消耗: 2893
------当前第1157章节 ~ 第1157章节 ：1157------当前token消耗: 3292557(all) = 2770088(in) + 522469(out)---压缩比:18.44%---

 74%|███████▍  | 1158/1563 [6:01:32<2:19:28, 20.66s/it]本次token消耗: 2467
------当前第1158章节 ~ 第1158章节 ：1158------当前token消耗: 3295024(all) = 2771983(in) + 523041(out)---压缩比:18.44%---

 74%|███████▍  | 1159/1563 [6:01:54<2:22:49, 21.21s/it]本次token消耗: 2386
------当前第1159章节 ~ 第1159章节 ：1159------当前token消耗: 3297410(all) = 2773924(in) + 523486(out)---压缩比:18.45%---

 74%|███████▍  | 1160/1563 [6:02:12<2:15:51, 20.23s/it]本次token消耗: 2969
------当前第1160章节 ~ 第1160章节 ：1160------当前token消耗: 3300379(all) = 2776349(in) + 524030(out)---压缩比:18.45%---

 74%|███████▍  | 1161/1563 [6:02:34<2:19:21, 20.80s/it]本次token消耗: 2952
------当前第1161章节 ~ 第1161章节 ：1161------当前token消耗: 3303331(all) = 2778739(in) + 524592(out)---压缩比:18.45%---

 74%|███████▍  | 1162/1563 [6:02:57<2:22:56, 21.39s/it]本次token消耗: 2810
------当前第1162章节 ~ 第1162章节 ：1162------当前token消耗: 3306141(all) = 2781096(in) + 525045(out)---压缩比:18.45%---

 74%|███████▍  | 1163/1563 [6:03:16<2:16:58, 20.55s/it]本次token消耗: 2782
------当前第1163章节 ~ 第1163章节 ：1163------当前token消耗: 3308923(all) = 2783497(in) + 525426(out)---压缩比:18.45%---

 74%|███████▍  | 1164/1563 [6:03:32<2:08:01, 19.25s/it]本次token消耗: 2695
------当前第1164章节 ~ 第1164章节 ：1164------当前token消耗: 3311618(all) = 2785812(in) + 525806(out)---压缩比:18.45%---

 75%|███████▍  | 1165/1563 [6:03:48<2:01:35, 18.33s/it]本次token消耗: 2500
------当前第1165章节 ~ 第1165章节 ：1165------当前token消耗: 3314118(all) = 2787812(in) + 526306(out)---压缩比:18.45%---

 75%|███████▍  | 1166/1563 [6:04:08<2:04:34, 18.83s/it]本次token消耗: 3103
------当前第1166章节 ~ 第1166章节 ：1166------当前token消耗: 3317221(all) = 2790217(in) + 527004(out)---压缩比:18.46%---

 75%|███████▍  | 1167/1563 [6:04:36<2:21:38, 21.46s/it]本次token消耗: 2908
------当前第1167章节 ~ 第1167章节 ：1167------当前token消耗: 3320129(all) = 2792607(in) + 527522(out)---压缩比:18.46%---

 75%|███████▍  | 1168/1563 [6:04:57<2:20:21, 21.32s/it]本次token消耗: 3247
------当前第1168章节 ~ 第1168章节 ：1168------当前token消耗: 3323376(all) = 2795100(in) + 528276(out)---压缩比:18.47%---

 75%|███████▍  | 1169/1563 [6:05:27<2:36:34, 23.85s/it]本次token消耗: 2970
------当前第1169章节 ~ 第1169章节 ：1169------当前token消耗: 3326346(all) = 2797498(in) + 528848(out)---压缩比:18.48%---

 75%|███████▍  | 1170/1563 [6:05:50<2:34:42, 23.62s/it]本次token消耗: 3094
------当前第1170章节 ~ 第1170章节 ：1170------当前token消耗: 3329440(all) = 2800023(in) + 529417(out)---压缩比:18.48%---

 75%|███████▍  | 1171/1563 [6:06:13<2:33:18, 23.47s/it]本次token消耗: 2903
------当前第1171章节 ~ 第1171章节 ：1171------当前token消耗: 3332343(all) = 2802419(in) + 529924(out)---压缩比:18.48%---

 75%|███████▍  | 1172/1563 [6:06:34<2:27:39, 22.66s/it]本次token消耗: 2637
------当前第1172章节 ~ 第1172章节 ：1172------当前token消耗: 3334980(all) = 2804770(in) + 530210(out)---压缩比:18.48%---

 75%|███████▌  | 1173/1563 [6:06:46<2:08:04, 19.70s/it]本次token消耗: 2945
------当前第1173章节 ~ 第1173章节 ：1173------当前token消耗: 3337925(all) = 2807209(in) + 530716(out)---压缩比:18.48%---

 75%|███████▌  | 1174/1563 [6:07:07<2:09:39, 20.00s/it]本次token消耗: 2928
------当前第1174章节 ~ 第1174章节 ：1174------当前token消耗: 3340853(all) = 2809616(in) + 531237(out)---压缩比:18.48%---

 75%|███████▌  | 1175/1563 [6:07:29<2:12:19, 20.46s/it]本次token消耗: 2839
------当前第1175章节 ~ 第1175章节 ：1175------当前token消耗: 3343692(all) = 2812043(in) + 531649(out)---压缩比:18.48%---

 75%|███████▌  | 1176/1563 [6:07:46<2:05:38, 19.48s/it]本次token消耗: 2836
------当前第1176章节 ~ 第1176章节 ：1176------当前token消耗: 3346528(all) = 2814477(in) + 532051(out)---压缩比:18.48%---

 75%|███████▌  | 1177/1563 [6:08:03<2:00:30, 18.73s/it]本次token消耗: 2850
------当前第1177章节 ~ 第1177章节 ：1177------当前token消耗: 3349378(all) = 2816946(in) + 532432(out)---压缩比:18.47%---

 75%|███████▌  | 1178/1563 [6:08:19<1:55:16, 17.96s/it]本次token消耗: 3012
------当前第1178章节 ~ 第1178章节 ：1178------当前token消耗: 3352390(all) = 2819406(in) + 532984(out)---压缩比:18.48%---

 75%|███████▌  | 1179/1563 [6:08:42<2:03:57, 19.37s/it]本次token消耗: 3050
------当前第1179章节 ~ 第1179章节 ：1179------当前token消耗: 3355440(all) = 2821954(in) + 533486(out)---压缩比:18.48%---

 75%|███████▌  | 1180/1563 [6:09:02<2:06:30, 19.82s/it]本次token消耗: 2954
------当前第1180章节 ~ 第1180章节 ：1180------当前token消耗: 3358394(all) = 2824411(in) + 533983(out)---压缩比:18.48%---

 76%|███████▌  | 1181/1563 [6:09:23<2:07:07, 19.97s/it]本次token消耗: 3001
------当前第1181章节 ~ 第1181章节 ：1181------当前token消耗: 3361395(all) = 2826918(in) + 534477(out)---压缩比:18.48%---

 76%|███████▌  | 1182/1563 [6:09:43<2:07:53, 20.14s/it]本次token消耗: 3096
------当前第1182章节 ~ 第1182章节 ：1182------当前token消耗: 3364491(all) = 2829371(in) + 535120(out)---压缩比:18.48%---

 76%|███████▌  | 1183/1563 [6:10:09<2:18:16, 21.83s/it]本次token消耗: 2879
------当前第1183章节 ~ 第1183章节 ：1183------当前token消耗: 3367370(all) = 2831754(in) + 535616(out)---压缩比:18.48%---

 76%|███████▌  | 1184/1563 [6:10:29<2:15:08, 21.39s/it]本次token消耗: 2771
------当前第1184章节 ~ 第1184章节 ：1184------当前token消耗: 3370141(all) = 2834126(in) + 536015(out)---压缩比:18.48%---

 76%|███████▌  | 1185/1563 [6:10:46<2:05:55, 19.99s/it]本次token消耗: 2873
------当前第1185章节 ~ 第1185章节 ：1185------当前token消耗: 3373014(all) = 2836524(in) + 536490(out)---压缩比:18.48%---

 76%|███████▌  | 1186/1563 [6:11:06<2:04:32, 19.82s/it]本次token消耗: 2810
------当前第1186章节 ~ 第1186章节 ：1186------当前token消耗: 3375824(all) = 2838957(in) + 536867(out)---压缩比:18.48%---

 76%|███████▌  | 1187/1563 [6:11:22<1:57:09, 18.70s/it]本次token消耗: 3058
------当前第1187章节 ~ 第1187章节 ：1187------当前token消耗: 3378882(all) = 2841389(in) + 537493(out)---压缩比:18.48%---

 76%|███████▌  | 1188/1563 [6:11:47<2:08:46, 20.60s/it]本次token消耗: 2798
------当前第1188章节 ~ 第1188章节 ：1188------当前token消耗: 3381680(all) = 2843742(in) + 537938(out)---压缩比:18.48%---

 76%|███████▌  | 1189/1563 [6:12:05<2:04:37, 19.99s/it]本次token消耗: 3051
------当前第1189章节 ~ 第1189章节 ：1189------当前token消耗: 3384731(all) = 2846204(in) + 538527(out)---压缩比:18.49%---

 76%|███████▌  | 1190/1563 [6:12:29<2:11:14, 21.11s/it]本次token消耗: 2767
------当前第1190章节 ~ 第1190章节 ：1190------当前token消耗: 3387498(all) = 2848520(in) + 538978(out)---压缩比:18.49%---

 76%|███████▌  | 1191/1563 [6:12:48<2:06:18, 20.37s/it]本次token消耗: 3168
------当前第1191章节 ~ 第1191章节 ：1191------当前token消耗: 3390666(all) = 2851030(in) + 539636(out)---压缩比:18.49%---

 76%|███████▋  | 1192/1563 [6:13:14<2:17:06, 22.17s/it]本次token消耗: 2852
------当前第1192章节 ~ 第1192章节 ：1192------当前token消耗: 3393518(all) = 2853455(in) + 540063(out)---压缩比:18.49%---

 76%|███████▋  | 1193/1563 [6:13:32<2:08:40, 20.87s/it]本次token消耗: 2360
------当前第1193章节 ~ 第1193章节 ：1193------当前token消耗: 3395878(all) = 2855515(in) + 540363(out)---压缩比:18.49%---

 76%|███████▋  | 1194/1563 [6:13:45<1:53:54, 18.52s/it]本次token消耗: 2806
------当前第1194章节 ~ 第1194章节 ：1194------当前token消耗: 3398684(all) = 2857877(in) + 540807(out)---压缩比:18.49%---

 76%|███████▋  | 1195/1563 [6:14:03<1:53:34, 18.52s/it]本次token消耗: 2902
------当前第1195章节 ~ 第1195章节 ：1195------当前token消耗: 3401586(all) = 2860321(in) + 541265(out)---压缩比:18.49%---

 77%|███████▋  | 1196/1563 [6:14:22<1:54:18, 18.69s/it]本次token消耗: 2805
------当前第1196章节 ~ 第1196章节 ：1196------当前token消耗: 3404391(all) = 2862764(in) + 541627(out)---压缩比:18.49%---

 77%|███████▋  | 1197/1563 [6:14:38<1:48:41, 17.82s/it]本次token消耗: 3043
------当前第1197章节 ~ 第1197章节 ：1197------当前token消耗: 3407434(all) = 2865236(in) + 542198(out)---压缩比:18.49%---

 77%|███████▋  | 1198/1563 [6:15:02<1:58:44, 19.52s/it]本次token消耗: 2962
------当前第1198章节 ~ 第1198章节 ：1198------当前token消耗: 3410396(all) = 2867764(in) + 542632(out)---压缩比:18.49%---

 77%|███████▋  | 1199/1563 [6:15:20<1:55:53, 19.10s/it]本次token消耗: 3067
------当前第1199章节 ~ 第1199章节 ：1199------当前token消耗: 3413463(all) = 2870178(in) + 543285(out)---压缩比:18.49%---

 77%|███████▋  | 1200/1563 [6:15:46<2:08:30, 21.24s/it]本次token消耗: 3084
------当前第1200章节 ~ 第1200章节 ：1200------当前token消耗: 3416547(all) = 2872576(in) + 543971(out)---压缩比:18.5%---

 77%|███████▋  | 1201/1563 [6:16:13<2:18:53, 23.02s/it]本次token消耗: 2975
------当前第1201章节 ~ 第1201章节 ：1201------当前token消耗: 3419522(all) = 2875040(in) + 544482(out)---压缩比:18.5%---

 77%|███████▋  | 1202/1563 [6:16:34<2:14:33, 22.37s/it]本次token消耗: 2969
------当前第1202章节 ~ 第1202章节 ：1202------当前token消耗: 3422491(all) = 2877514(in) + 544977(out)---压缩比:18.5%---

 77%|███████▋  | 1203/1563 [6:16:54<2:10:25, 21.74s/it]本次token消耗: 2758
------当前第1203章节 ~ 第1203章节 ：1203------当前token消耗: 3425249(all) = 2879890(in) + 545359(out)---压缩比:18.5%---

 77%|███████▋  | 1204/1563 [6:17:10<1:59:49, 20.03s/it]本次token消耗: 2677
------当前第1204章节 ~ 第1204章节 ：1204------当前token消耗: 3427926(all) = 2882216(in) + 545710(out)---压缩比:18.5%---

 77%|███████▋  | 1205/1563 [6:17:25<1:50:18, 18.49s/it]本次token消耗: 2939
------当前第1205章节 ~ 第1205章节 ：1205------当前token消耗: 3430865(all) = 2884641(in) + 546224(out)---压缩比:18.5%---

 77%|███████▋  | 1206/1563 [6:17:46<1:54:24, 19.23s/it]本次token消耗: 2668
------当前第1206章节 ~ 第1206章节 ：1206------当前token消耗: 3433533(all) = 2886978(in) + 546555(out)---压缩比:18.49%---

 77%|███████▋  | 1207/1563 [6:18:01<1:45:23, 17.76s/it]本次token消耗: 2846
------当前第1207章节 ~ 第1207章节 ：1207------当前token消耗: 3436379(all) = 2889436(in) + 546943(out)---压缩比:18.49%---

 77%|███████▋  | 1208/1563 [6:18:17<1:42:34, 17.34s/it]本次token消耗: 2764
------当前第1208章节 ~ 第1208章节 ：1208------当前token消耗: 3439143(all) = 2891883(in) + 547260(out)---压缩比:18.49%---

 77%|███████▋  | 1209/1563 [6:18:31<1:36:06, 16.29s/it]本次token消耗: 3171
------当前第1209章节 ~ 第1209章节 ：1209------当前token消耗: 3442314(all) = 2894402(in) + 547912(out)---压缩比:18.49%---

 77%|███████▋  | 1210/1563 [6:18:57<1:53:23, 19.27s/it]本次token消耗: 3468
------当前第1210章节 ~ 第1210章节 ：1210------当前token消耗: 3445782(all) = 2896870(in) + 548912(out)---压缩比:18.51%---

 77%|███████▋  | 1211/1563 [6:19:36<2:27:50, 25.20s/it]本次token消耗: 2990
------当前第1211章节 ~ 第1211章节 ：1211------当前token消耗: 3448772(all) = 2899304(in) + 549468(out)---压缩比:18.51%---

 78%|███████▊  | 1212/1563 [6:19:58<2:22:28, 24.35s/it]本次token消耗: 2896
------当前第1212章节 ~ 第1212章节 ：1212------当前token消耗: 3451668(all) = 2901680(in) + 549988(out)---压缩比:18.51%---

 78%|███████▊  | 1213/1563 [6:20:20<2:16:48, 23.45s/it]本次token消耗: 2890
------当前第1213章节 ~ 第1213章节 ：1213------当前token消耗: 3454558(all) = 2904138(in) + 550420(out)---压缩比:18.51%---

 78%|███████▊  | 1214/1563 [6:20:38<2:07:07, 21.85s/it]本次token消耗: 2892
------当前第1214章节 ~ 第1214章节 ：1214------当前token消耗: 3457450(all) = 2906483(in) + 550967(out)---压缩比:18.52%---

 78%|███████▊  | 1215/1563 [6:21:00<2:07:14, 21.94s/it]本次token消耗: 3012
------当前第1215章节 ~ 第1215章节 ：1215------当前token消耗: 3460462(all) = 2908928(in) + 551534(out)---压缩比:18.52%---

 78%|███████▊  | 1216/1563 [6:21:23<2:08:42, 22.26s/it]本次token消耗: 2959
------当前第1216章节 ~ 第1216章节 ：1216------当前token消耗: 3463421(all) = 2911330(in) + 552091(out)---压缩比:18.52%---

 78%|███████▊  | 1217/1563 [6:21:46<2:08:37, 22.31s/it]本次token消耗: 3126
------当前第1217章节 ~ 第1217章节 ：1217------当前token消耗: 3466547(all) = 2913776(in) + 552771(out)---压缩比:18.53%---

 78%|███████▊  | 1218/1563 [6:22:13<2:16:52, 23.80s/it]本次token消耗: 2926
------当前第1218章节 ~ 第1218章节 ：1218------当前token消耗: 3469473(all) = 2916268(in) + 553205(out)---压缩比:18.53%---

 78%|███████▊  | 1219/1563 [6:22:31<2:07:03, 22.16s/it]本次token消耗: 2969
------当前第1219章节 ~ 第1219章节 ：1219------当前token消耗: 3472442(all) = 2918702(in) + 553740(out)---压缩比:18.53%---

 78%|███████▊  | 1220/1563 [6:22:53<2:05:43, 21.99s/it]本次token消耗: 2478
------当前第1220章节 ~ 第1220章节 ：1220------当前token消耗: 3474920(all) = 2920710(in) + 554210(out)---压缩比:18.53%---

 78%|███████▊  | 1221/1563 [6:23:12<1:59:59, 21.05s/it]本次token消耗: 2845
------当前第1221章节 ~ 第1221章节 ：1221------当前token消耗: 3477765(all) = 2923145(in) + 554620(out)---压缩比:18.53%---

 78%|███████▊  | 1222/1563 [6:23:29<1:53:07, 19.90s/it]本次token消耗: 3108
------当前第1222章节 ~ 第1222章节 ：1222------当前token消耗: 3480873(all) = 2925562(in) + 555311(out)---压缩比:18.54%---

 78%|███████▊  | 1223/1563 [6:23:56<2:05:20, 22.12s/it]本次token消耗: 2899
------当前第1223章节 ~ 第1223章节 ：1223------当前token消耗: 3483772(all) = 2928054(in) + 555718(out)---压缩比:18.54%---

 78%|███████▊  | 1224/1563 [6:24:13<1:56:24, 20.60s/it]本次token消耗: 3061
------当前第1224章节 ~ 第1224章节 ：1224------当前token消耗: 3486833(all) = 2930495(in) + 556338(out)---压缩比:18.55%---

 78%|███████▊  | 1225/1563 [6:24:38<2:03:21, 21.90s/it]本次token消耗: 2366
------当前第1225章节 ~ 第1225章节 ：1225------当前token消耗: 3489199(all) = 2932447(in) + 556752(out)---压缩比:18.55%---

 78%|███████▊  | 1226/1563 [6:24:55<1:54:44, 20.43s/it]本次token消耗: 2874
------当前第1226章节 ~ 第1226章节 ：1226------当前token消耗: 3492073(all) = 2934865(in) + 557208(out)---压缩比:18.55%---

 79%|███████▊  | 1227/1563 [6:25:14<1:51:54, 19.98s/it]本次token消耗: 2863
------当前第1227章节 ~ 第1227章节 ：1227------当前token消耗: 3494936(all) = 2937257(in) + 557679(out)---压缩比:18.55%---

 79%|███████▊  | 1228/1563 [6:25:33<1:50:20, 19.76s/it]本次token消耗: 3031
------当前第1228章节 ~ 第1228章节 ：1228------当前token消耗: 3497967(all) = 2939667(in) + 558300(out)---压缩比:18.56%---

 79%|███████▊  | 1229/1563 [6:25:58<1:58:44, 21.33s/it]本次token消耗: 2851
------当前第1229章节 ~ 第1229章节 ：1229------当前token消耗: 3500818(all) = 2942045(in) + 558773(out)---压缩比:18.56%---

 79%|███████▊  | 1230/1563 [6:26:18<1:55:15, 20.77s/it]本次token消耗: 2468
------当前第1230章节 ~ 第1230章节 ：1230------当前token消耗: 3503286(all) = 2944040(in) + 559246(out)---压缩比:18.56%---

 79%|███████▉  | 1231/1563 [6:26:37<1:52:08, 20.27s/it]本次token消耗: 3055
------当前第1231章节 ~ 第1231章节 ：1231------当前token消耗: 3506341(all) = 2946551(in) + 559790(out)---压缩比:18.56%---

 79%|███████▉  | 1232/1563 [6:26:59<1:54:57, 20.84s/it]本次token消耗: 3044
------当前第1232章节 ~ 第1232章节 ：1232------当前token消耗: 3509385(all) = 2948889(in) + 560496(out)---压缩比:18.57%---

 79%|███████▉  | 1233/1563 [6:27:27<2:06:14, 22.95s/it]本次token消耗: 2806
------当前第1233章节 ~ 第1233章节 ：1233------当前token消耗: 3512191(all) = 2951287(in) + 560904(out)---压缩比:18.57%---

 79%|███████▉  | 1234/1563 [6:27:44<1:56:33, 21.26s/it]本次token消耗: 887
------当前第1234章节 ~ 第1234章节 ：1234------当前token消耗: 3513078(all) = 2951893(in) + 561185(out)---压缩比:18.58%---

 79%|███████▉  | 1235/1563 [6:27:55<1:38:57, 18.10s/it]本次token消耗: 2888
------当前第1235章节 ~ 第1235章节 ：1235------当前token消耗: 3515966(all) = 2954275(in) + 561691(out)---压缩比:18.58%---

 79%|███████▉  | 1236/1563 [6:28:15<1:42:40, 18.84s/it]本次token消耗: 3123
------当前第1236章节 ~ 第1236章节 ：1236------当前token消耗: 3519089(all) = 2956673(in) + 562416(out)---压缩比:18.58%---

 79%|███████▉  | 1237/1563 [6:28:44<1:58:31, 21.81s/it]本次token消耗: 2734
------当前第1237章节 ~ 第1237章节 ：1237------当前token消耗: 3521823(all) = 2959094(in) + 562729(out)---压缩比:18.58%---

 79%|███████▉  | 1238/1563 [6:28:58<1:45:07, 19.41s/it]本次token消耗: 2739
------当前第1238章节 ~ 第1238章节 ：1238------当前token消耗: 3524562(all) = 2961537(in) + 563025(out)---压缩比:18.57%---

 79%|███████▉  | 1239/1563 [6:29:11<1:34:39, 17.53s/it]本次token消耗: 2834
------当前第1239章节 ~ 第1239章节 ：1239------当前token消耗: 3527396(all) = 2963933(in) + 563463(out)---压缩比:18.57%---

 79%|███████▉  | 1240/1563 [6:29:29<1:35:31, 17.75s/it]本次token消耗: 3036
------当前第1240章节 ~ 第1240章节 ：1240------当前token消耗: 3530432(all) = 2966451(in) + 563981(out)---压缩比:18.57%---

 79%|███████▉  | 1241/1563 [6:29:51<1:40:48, 18.79s/it]本次token消耗: 2776
------当前第1241章节 ~ 第1241章节 ：1241------当前token消耗: 3533208(all) = 2968880(in) + 564328(out)---压缩比:18.57%---

 79%|███████▉  | 1242/1563 [6:30:06<1:34:15, 17.62s/it]本次token消耗: 3129
------当前第1242章节 ~ 第1242章节 ：1242------当前token消耗: 3536337(all) = 2971286(in) + 565051(out)---压缩比:18.58%---

 80%|███████▉  | 1243/1563 [6:30:34<1:51:53, 20.98s/it]本次token消耗: 3057
------当前第1243章节 ~ 第1243章节 ：1243------当前token消耗: 3539394(all) = 2973745(in) + 565649(out)---压缩比:18.58%---

 80%|███████▉  | 1244/1563 [6:30:58<1:56:13, 21.86s/it]本次token消耗: 2987
------当前第1244章节 ~ 第1244章节 ：1244------当前token消耗: 3542381(all) = 2976165(in) + 566216(out)---压缩比:18.59%---

 80%|███████▉  | 1245/1563 [6:31:21<1:57:21, 22.14s/it]本次token消耗: 2826
------当前第1245章节 ~ 第1245章节 ：1245------当前token消耗: 3545207(all) = 2978556(in) + 566651(out)---压缩比:18.59%---

 80%|███████▉  | 1246/1563 [6:31:39<1:50:48, 20.97s/it]本次token消耗: 2895
------当前第1246章节 ~ 第1246章节 ：1246------当前token消耗: 3548102(all) = 2980940(in) + 567162(out)---压缩比:18.59%---

 80%|███████▉  | 1247/1563 [6:32:00<1:50:20, 20.95s/it]本次token消耗: 2880
------当前第1247章节 ~ 第1247章节 ：1247------当前token消耗: 3550982(all) = 2983410(in) + 567572(out)---压缩比:18.59%---

 80%|███████▉  | 1248/1563 [6:32:17<1:44:08, 19.84s/it]本次token消耗: 2974
------当前第1248章节 ~ 第1248章节 ：1248------当前token消耗: 3553956(all) = 2985920(in) + 568036(out)---压缩比:18.59%---

 80%|███████▉  | 1249/1563 [6:32:37<1:43:00, 19.68s/it]本次token消耗: 2939
------当前第1249章节 ~ 第1249章节 ：1249------当前token消耗: 3556895(all) = 2988371(in) + 568524(out)---压缩比:18.59%---

 80%|███████▉  | 1250/1563 [6:32:57<1:43:21, 19.81s/it]本次token消耗: 2984
------当前第1250章节 ~ 第1250章节 ：1250------当前token消耗: 3559879(all) = 2990787(in) + 569092(out)---压缩比:18.59%---

 80%|████████  | 1251/1563 [6:33:20<1:47:50, 20.74s/it]本次token消耗: 2924
------当前第1251章节 ~ 第1251章节 ：1251------当前token消耗: 3562803(all) = 2993154(in) + 569649(out)---压缩比:18.59%---

 80%|████████  | 1252/1563 [6:33:42<1:50:18, 21.28s/it]本次token消耗: 2745
------当前第1252章节 ~ 第1252章节 ：1252------当前token消耗: 3565548(all) = 2995479(in) + 570069(out)---压缩比:18.59%---

 80%|████████  | 1253/1563 [6:34:00<1:44:01, 20.13s/it]本次token消耗: 3044
------当前第1253章节 ~ 第1253章节 ：1253------当前token消耗: 3568592(all) = 2997947(in) + 570645(out)---压缩比:18.6%---

 80%|████████  | 1254/1563 [6:34:23<1:48:26, 21.06s/it]本次token消耗: 3188
------当前第1254章节 ~ 第1254章节 ：1254------当前token消耗: 3571780(all) = 3000406(in) + 571374(out)---压缩比:18.61%---

 80%|████████  | 1255/1563 [6:34:52<2:00:23, 23.45s/it]本次token消耗: 3097
------当前第1255章节 ~ 第1255章节 ：1255------当前token消耗: 3574877(all) = 3002770(in) + 572107(out)---压缩比:18.62%---

 80%|████████  | 1256/1563 [6:35:21<2:08:29, 25.11s/it]本次token消耗: 3094
------当前第1256章节 ~ 第1256章节 ：1256------当前token消耗: 3577971(all) = 3005222(in) + 572749(out)---压缩比:18.62%---

 80%|████████  | 1257/1563 [6:35:46<2:08:34, 25.21s/it]本次token消耗: 2807
------当前第1257章节 ~ 第1257章节 ：1257------当前token消耗: 3580778(all) = 3007606(in) + 573172(out)---压缩比:18.62%---

 80%|████████  | 1258/1563 [6:36:04<1:56:24, 22.90s/it]本次token消耗: 3020
------当前第1258章节 ~ 第1258章节 ：1258------当前token消耗: 3583798(all) = 3009957(in) + 573841(out)---压缩比:18.63%---

 81%|████████  | 1259/1563 [6:36:30<2:01:24, 23.96s/it]本次token消耗: 2819
------当前第1259章节 ~ 第1259章节 ：1259------当前token消耗: 3586617(all) = 3012287(in) + 574330(out)---压缩比:18.63%---

 81%|████████  | 1260/1563 [6:36:50<1:55:04, 22.79s/it]本次token消耗: 3539
------当前第1260章节 ~ 第1260章节 ：1260------当前token消耗: 3590156(all) = 3014735(in) + 575421(out)---压缩比:18.65%---

 81%|████████  | 1261/1563 [6:37:32<2:23:32, 28.52s/it]本次token消耗: 2784
------当前第1261章节 ~ 第1261章节 ：1261------当前token消耗: 3592940(all) = 3017148(in) + 575792(out)---压缩比:18.65%---

 81%|████████  | 1262/1563 [6:37:48<2:04:04, 24.73s/it]本次token消耗: 2865
------当前第1262章节 ~ 第1262章节 ：1262------当前token消耗: 3595805(all) = 3019619(in) + 576186(out)---压缩比:18.64%---

 81%|████████  | 1263/1563 [6:38:05<1:51:44, 22.35s/it]本次token消耗: 2898
------当前第1263章节 ~ 第1263章节 ：1263------当前token消耗: 3598703(all) = 3021993(in) + 576710(out)---压缩比:18.65%---

 81%|████████  | 1264/1563 [6:38:26<1:49:59, 22.07s/it]本次token消耗: 2875
------当前第1264章节 ~ 第1264章节 ：1264------当前token消耗: 3601578(all) = 3024347(in) + 577231(out)---压缩比:18.65%---

 81%|████████  | 1265/1563 [6:38:48<1:48:08, 21.77s/it]本次token消耗: 2822
------当前第1265章节 ~ 第1265章节 ：1265------当前token消耗: 3604400(all) = 3026673(in) + 577727(out)---压缩比:18.65%---

 81%|████████  | 1266/1563 [6:39:08<1:45:23, 21.29s/it]本次token消耗: 3014
------当前第1266章节 ~ 第1266章节 ：1266------当前token消耗: 3607414(all) = 3029155(in) + 578259(out)---压缩比:18.65%---

 81%|████████  | 1267/1563 [6:39:30<1:45:55, 21.47s/it]本次token消耗: 3084
------当前第1267章节 ~ 第1267章节 ：1267------当前token消耗: 3610498(all) = 3031670(in) + 578828(out)---压缩比:18.66%---

 81%|████████  | 1268/1563 [6:39:53<1:47:56, 21.95s/it]本次token消耗: 3023
------当前第1268章节 ~ 第1268章节 ：1268------当前token消耗: 3613521(all) = 3034001(in) + 579520(out)---压缩比:18.66%---

 81%|████████  | 1269/1563 [6:40:21<1:56:21, 23.75s/it]本次token消耗: 3098
------当前第1269章节 ~ 第1269章节 ：1269------当前token消耗: 3616619(all) = 3036358(in) + 580261(out)---压缩比:18.67%---

 81%|████████▏ | 1270/1563 [6:40:50<2:03:45, 25.34s/it]本次token消耗: 2934
------当前第1270章节 ~ 第1270章节 ：1270------当前token消耗: 3619553(all) = 3038749(in) + 580804(out)---压缩比:18.68%---

 81%|████████▏ | 1271/1563 [6:41:12<1:58:12, 24.29s/it]本次token消耗: 3104
------当前第1271章节 ~ 第1271章节 ：1271------当前token消耗: 3622657(all) = 3041263(in) + 581394(out)---压缩比:18.68%---

 81%|████████▏ | 1272/1563 [6:41:35<1:57:15, 24.18s/it]本次token消耗: 2968
------当前第1272章节 ~ 第1272章节 ：1272------当前token消耗: 3625625(all) = 3043652(in) + 581973(out)---压缩比:18.68%---

 81%|████████▏ | 1273/1563 [6:41:59<1:55:54, 23.98s/it]本次token消耗: 2780
------当前第1273章节 ~ 第1273章节 ：1273------当前token消耗: 3628405(all) = 3046015(in) + 582390(out)---压缩比:18.68%---

 82%|████████▏ | 1274/1563 [6:42:17<1:46:14, 22.06s/it]本次token消耗: 2794
------当前第1274章节 ~ 第1274章节 ：1274------当前token消耗: 3631199(all) = 3048408(in) + 582791(out)---压缩比:18.68%---

 82%|████████▏ | 1275/1563 [6:42:33<1:38:31, 20.52s/it]本次token消耗: 2739
------当前第1275章节 ~ 第1275章节 ：1275------当前token消耗: 3633938(all) = 3050787(in) + 583151(out)---压缩比:18.68%---

 82%|████████▏ | 1276/1563 [6:42:49<1:30:50, 18.99s/it]本次token消耗: 2833
------当前第1276章节 ~ 第1276章节 ：1276------当前token消耗: 3636771(all) = 3053235(in) + 583536(out)---压缩比:18.67%---

 82%|████████▏ | 1277/1563 [6:43:05<1:26:32, 18.15s/it]本次token消耗: 3250
------当前第1277章节 ~ 第1277章节 ：1277------当前token消耗: 3640021(all) = 3055678(in) + 584343(out)---压缩比:18.69%---

 82%|████████▏ | 1278/1563 [6:43:37<1:45:10, 22.14s/it]本次token消耗: 2722
------当前第1278章节 ~ 第1278章节 ：1278------当前token消耗: 3642743(all) = 3058065(in) + 584678(out)---压缩比:18.68%---

 82%|████████▏ | 1279/1563 [6:43:51<1:33:58, 19.85s/it]本次token消耗: 2836
------当前第1279章节 ~ 第1279章节 ：1279------当前token消耗: 3645579(all) = 3060501(in) + 585078(out)---压缩比:18.68%---

 82%|████████▏ | 1280/1563 [6:44:08<1:29:30, 18.98s/it]本次token消耗: 2978
------当前第1280章节 ~ 第1280章节 ：1280------当前token消耗: 3648557(all) = 3062945(in) + 585612(out)---压缩比:18.68%---

 82%|████████▏ | 1281/1563 [6:44:30<1:32:57, 19.78s/it]本次token消耗: 2997
------当前第1281章节 ~ 第1281章节 ：1281------当前token消耗: 3651554(all) = 3065328(in) + 586226(out)---压缩比:18.69%---

 82%|████████▏ | 1282/1563 [6:44:54<1:39:13, 21.19s/it]本次token消耗: 2551
------当前第1282章节 ~ 第1282章节 ：1282------当前token消耗: 3654105(all) = 3067373(in) + 586732(out)---压缩比:18.69%---

 82%|████████▏ | 1283/1563 [6:45:14<1:37:27, 20.88s/it]本次token消耗: 3403
------当前第1283章节 ~ 第1283章节 ：1283------当前token消耗: 3657508(all) = 3069796(in) + 587712(out)---压缩比:18.7%---

 82%|████████▏ | 1284/1563 [6:45:52<2:00:33, 25.93s/it]本次token消耗: 2953
------当前第1284章节 ~ 第1284章节 ：1284------当前token消耗: 3660461(all) = 3072230(in) + 588231(out)---压缩比:18.7%---

 82%|████████▏ | 1285/1563 [6:46:13<1:53:46, 24.56s/it]本次token消耗: 2920
------当前第1285章节 ~ 第1285章节 ：1285------当前token消耗: 3663381(all) = 3074600(in) + 588781(out)---压缩比:18.71%---

 82%|████████▏ | 1286/1563 [6:46:36<1:50:12, 23.87s/it]本次token消耗: 3035
------当前第1286章节 ~ 第1286章节 ：1286------当前token消耗: 3666416(all) = 3077059(in) + 589357(out)---压缩比:18.71%---

 82%|████████▏ | 1287/1563 [6:46:59<1:49:02, 23.71s/it]本次token消耗: 2405
------当前第1287章节 ~ 第1287章节 ：1287------当前token消耗: 3668821(all) = 3078979(in) + 589842(out)---压缩比:18.72%---

 82%|████████▏ | 1288/1563 [6:47:18<1:42:37, 22.39s/it]本次token消耗: 2900
------当前第1288章节 ~ 第1288章节 ：1288------当前token消耗: 3671721(all) = 3081383(in) + 590338(out)---压缩比:18.72%---

 82%|████████▏ | 1289/1563 [6:47:38<1:39:19, 21.75s/it]本次token消耗: 2879
------当前第1289章节 ~ 第1289章节 ：1289------当前token消耗: 3674600(all) = 3083756(in) + 590844(out)---压缩比:18.72%---

 83%|████████▎ | 1290/1563 [6:47:59<1:37:44, 21.48s/it]本次token消耗: 2885
------当前第1290章节 ~ 第1290章节 ：1290------当前token消耗: 3677485(all) = 3086157(in) + 591328(out)---压缩比:18.72%---

 83%|████████▎ | 1291/1563 [6:48:19<1:35:14, 21.01s/it]本次token消耗: 2852
------当前第1291章节 ~ 第1291章节 ：1291------当前token消耗: 3680337(all) = 3088535(in) + 591802(out)---压缩比:18.72%---

 83%|████████▎ | 1292/1563 [6:48:39<1:32:38, 20.51s/it]本次token消耗: 2721
------当前第1292章节 ~ 第1292章节 ：1292------当前token消耗: 3683058(all) = 3090914(in) + 592144(out)---压缩比:18.72%---

 83%|████████▎ | 1293/1563 [6:48:53<1:24:22, 18.75s/it]本次token消耗: 2312
------当前第1293章节 ~ 第1293章节 ：1293------当前token消耗: 3685370(all) = 3092917(in) + 592453(out)---压缩比:18.72%---

 83%|████████▎ | 1294/1563 [6:49:06<1:16:38, 17.09s/it]本次token消耗: 2746
------当前第1294章节 ~ 第1294章节 ：1294------当前token消耗: 3688116(all) = 3095259(in) + 592857(out)---压缩比:18.71%---

 83%|████████▎ | 1295/1563 [6:49:23<1:16:03, 17.03s/it]本次token消耗: 3267
------当前第1295章节 ~ 第1295章节 ：1295------当前token消耗: 3691383(all) = 3097721(in) + 593662(out)---压缩比:18.73%---

 83%|████████▎ | 1296/1563 [6:49:55<1:35:25, 21.44s/it]本次token消耗: 2816
------当前第1296章节 ~ 第1296章节 ：1296------当前token消耗: 3694199(all) = 3100172(in) + 594027(out)---压缩比:18.72%---

 83%|████████▎ | 1297/1563 [6:50:11<1:27:11, 19.67s/it]本次token消耗: 2953
------当前第1297章节 ~ 第1297章节 ：1297------当前token消耗: 3697152(all) = 3102556(in) + 594596(out)---压缩比:18.73%---

 83%|████████▎ | 1298/1563 [6:50:34<1:31:30, 20.72s/it]本次token消耗: 2883
------当前第1298章节 ~ 第1298章节 ：1298------当前token消耗: 3700035(all) = 3105020(in) + 595015(out)---压缩比:18.72%---

 83%|████████▎ | 1299/1563 [6:50:51<1:27:08, 19.80s/it]本次token消耗: 3459
------当前第1299章节 ~ 第1299章节 ：1299------当前token消耗: 3703494(all) = 3107517(in) + 595977(out)---压缩比:18.74%---

 83%|████████▎ | 1300/1563 [6:51:29<1:50:15, 25.16s/it]本次token消耗: 3102
------当前第1300章节 ~ 第1300章节 ：1300------当前token消耗: 3706596(all) = 3110002(in) + 596594(out)---压缩比:18.74%---

 83%|████████▎ | 1301/1563 [6:51:54<1:49:46, 25.14s/it]本次token消耗: 2746
------当前第1301章节 ~ 第1301章节 ：1301------当前token消耗: 3709342(all) = 3112443(in) + 596899(out)---压缩比:18.74%---

 83%|████████▎ | 1302/1563 [6:52:08<1:33:56, 21.60s/it]本次token消耗: 2943
------当前第1302章节 ~ 第1302章节 ：1302------当前token消耗: 3712285(all) = 3114924(in) + 597361(out)---压缩比:18.74%---

 83%|████████▎ | 1303/1563 [6:52:27<1:30:17, 20.84s/it]本次token消耗: 2977
------当前第1303章节 ~ 第1303章节 ：1303------当前token消耗: 3715262(all) = 3117353(in) + 597909(out)---压缩比:18.74%---

 83%|████████▎ | 1304/1563 [6:52:49<1:31:51, 21.28s/it]本次token消耗: 2882
------当前第1304章节 ~ 第1304章节 ：1304------当前token消耗: 3718144(all) = 3119817(in) + 598327(out)---压缩比:18.74%---

 83%|████████▎ | 1305/1563 [6:53:06<1:26:42, 20.16s/it]本次token消耗: 2978
------当前第1305章节 ~ 第1305章节 ：1305------当前token消耗: 3721122(all) = 3122256(in) + 598866(out)---压缩比:18.74%---

 84%|████████▎ | 1306/1563 [6:53:29<1:28:53, 20.75s/it]本次token消耗: 3125
------当前第1306章节 ~ 第1306章节 ：1306------当前token消耗: 3724247(all) = 3124708(in) + 599539(out)---压缩比:18.75%---

 84%|████████▎ | 1307/1563 [6:53:56<1:37:02, 22.74s/it]本次token消耗: 3003
------当前第1307章节 ~ 第1307章节 ：1307------当前token消耗: 3727250(all) = 3127238(in) + 600012(out)---压缩比:18.75%---

 84%|████████▎ | 1308/1563 [6:54:16<1:32:50, 21.84s/it]本次token消耗: 2979
------当前第1308章节 ~ 第1308章节 ：1308------当前token消耗: 3730229(all) = 3129652(in) + 600577(out)---压缩比:18.75%---

 84%|████████▎ | 1309/1563 [6:54:38<1:33:37, 22.12s/it]本次token消耗: 3145
------当前第1309章节 ~ 第1309章节 ：1309------当前token消耗: 3733374(all) = 3132070(in) + 601304(out)---压缩比:18.76%---

 84%|████████▍ | 1310/1563 [6:55:07<1:41:46, 24.14s/it]本次token消耗: 2860
------当前第1310章节 ~ 第1310章节 ：1310------当前token消耗: 3736234(all) = 3134512(in) + 601722(out)---压缩比:18.75%---

 84%|████████▍ | 1311/1563 [6:55:25<1:33:18, 22.22s/it]本次token消耗: 3108
------当前第1311章节 ~ 第1311章节 ：1311------当前token消耗: 3739342(all) = 3137056(in) + 602286(out)---压缩比:18.76%---

 84%|████████▍ | 1312/1563 [6:55:48<1:33:58, 22.47s/it]本次token消耗: 3024
------当前第1312章节 ~ 第1312章节 ：1312------当前token消耗: 3742366(all) = 3139504(in) + 602862(out)---压缩比:18.76%---

 84%|████████▍ | 1313/1563 [6:56:11<1:34:43, 22.73s/it]本次token消耗: 3142
------当前第1313章节 ~ 第1313章节 ：1313------当前token消耗: 3745508(all) = 3141880(in) + 603628(out)---压缩比:18.77%---

 84%|████████▍ | 1314/1563 [6:56:42<1:43:44, 25.00s/it]本次token消耗: 2703
------当前第1314章节 ~ 第1314章节 ：1314------当前token消耗: 3748211(all) = 3144224(in) + 603987(out)---压缩比:18.77%---

 84%|████████▍ | 1315/1563 [6:56:57<1:31:26, 22.12s/it]本次token消耗: 2944
------当前第1315章节 ~ 第1315章节 ：1315------当前token消耗: 3751155(all) = 3146582(in) + 604573(out)---压缩比:18.77%---

 84%|████████▍ | 1316/1563 [6:57:21<1:32:49, 22.55s/it]本次token消耗: 3100
------当前第1316章节 ~ 第1316章节 ：1316------当前token消耗: 3754255(all) = 3149370(in) + 604885(out)---压缩比:18.76%---

 84%|████████▍ | 1317/1563 [6:57:35<1:21:56, 19.99s/it]本次token消耗: 3019
------当前第1317章节 ~ 第1317章节 ：1317------当前token消耗: 3757274(all) = 3151809(in) + 605465(out)---压缩比:18.77%---

 84%|████████▍ | 1318/1563 [6:57:58<1:25:51, 21.03s/it]本次token消耗: 2897
------当前第1318章节 ~ 第1318章节 ：1318------当前token消耗: 3760171(all) = 3154248(in) + 605923(out)---压缩比:18.77%---

 84%|████████▍ | 1319/1563 [6:58:17<1:23:04, 20.43s/it]本次token消耗: 2847
------当前第1319章节 ~ 第1319章节 ：1319------当前token消耗: 3763018(all) = 3156653(in) + 606365(out)---压缩比:18.77%---

 84%|████████▍ | 1320/1563 [6:58:36<1:20:08, 19.79s/it]本次token消耗: 2921
------当前第1320章节 ~ 第1320章节 ：1320------当前token消耗: 3765939(all) = 3159097(in) + 606842(out)---压缩比:18.77%---

 85%|████████▍ | 1321/1563 [6:58:55<1:19:50, 19.79s/it]本次token消耗: 2996
------当前第1321章节 ~ 第1321章节 ：1321------当前token消耗: 3768935(all) = 3161524(in) + 607411(out)---压缩比:18.77%---

 85%|████████▍ | 1322/1563 [6:59:18<1:23:25, 20.77s/it]本次token消耗: 2857
------当前第1322章节 ~ 第1322章节 ：1322------当前token消耗: 3771792(all) = 3163930(in) + 607862(out)---压缩比:18.77%---

 85%|████████▍ | 1323/1563 [6:59:37<1:20:35, 20.15s/it]本次token消耗: 2822
------当前第1323章节 ~ 第1323章节 ：1323------当前token消耗: 3774614(all) = 3166290(in) + 608324(out)---压缩比:18.77%---

 85%|████████▍ | 1324/1563 [6:59:56<1:18:55, 19.81s/it]本次token消耗: 3106
------当前第1324章节 ~ 第1324章节 ：1324------当前token消耗: 3777720(all) = 3168687(in) + 609033(out)---压缩比:18.78%---

 85%|████████▍ | 1325/1563 [7:00:24<1:28:22, 22.28s/it]本次token消耗: 2924
------当前第1325章节 ~ 第1325章节 ：1325------当前token消耗: 3780644(all) = 3171150(in) + 609494(out)---压缩比:18.78%---

 85%|████████▍ | 1326/1563 [7:00:43<1:24:16, 21.34s/it]本次token消耗: 2974
------当前第1326章节 ~ 第1326章节 ：1326------当前token消耗: 3783618(all) = 3173550(in) + 610068(out)---压缩比:18.78%---

 85%|████████▍ | 1327/1563 [7:01:06<1:25:56, 21.85s/it]本次token消耗: 2829
------当前第1327章节 ~ 第1327章节 ：1327------当前token消耗: 3786447(all) = 3175898(in) + 610549(out)---压缩比:18.79%---

 85%|████████▍ | 1328/1563 [7:01:26<1:22:57, 21.18s/it]本次token消耗: 2786
------当前第1328章节 ~ 第1328章节 ：1328------当前token消耗: 3789233(all) = 3178126(in) + 611107(out)---压缩比:18.79%---

 85%|████████▌ | 1329/1563 [7:01:48<1:24:12, 21.59s/it]本次token消耗: 2983
------当前第1329章节 ~ 第1329章节 ：1329------当前token消耗: 3792216(all) = 3180571(in) + 611645(out)---压缩比:18.79%---

 85%|████████▌ | 1330/1563 [7:02:10<1:24:12, 21.68s/it]本次token消耗: 2912
------当前第1330章节 ~ 第1330章节 ：1330------当前token消耗: 3795128(all) = 3182983(in) + 612145(out)---压缩比:18.79%---

 85%|████████▌ | 1331/1563 [7:02:31<1:22:41, 21.38s/it]本次token消耗: 2975
------当前第1331章节 ~ 第1331章节 ：1331------当前token消耗: 3798103(all) = 3185465(in) + 612638(out)---压缩比:18.79%---

 85%|████████▌ | 1332/1563 [7:02:51<1:21:02, 21.05s/it]本次token消耗: 3209
------当前第1332章节 ~ 第1332章节 ：1332------当前token消耗: 3801312(all) = 3188019(in) + 613293(out)---压缩比:18.8%---

 85%|████████▌ | 1333/1563 [7:03:17<1:25:54, 22.41s/it]本次token消耗: 3049
------当前第1333章节 ~ 第1333章节 ：1333------当前token消耗: 3804361(all) = 3190441(in) + 613920(out)---压缩比:18.8%---

 85%|████████▌ | 1334/1563 [7:03:41<1:27:57, 23.05s/it]本次token消耗: 2873
------当前第1334章节 ~ 第1334章节 ：1334------当前token消耗: 3807234(all) = 3192899(in) + 614335(out)---压缩比:18.8%---

 85%|████████▌ | 1335/1563 [7:03:59<1:21:08, 21.35s/it]本次token消耗: 2991
------当前第1335章节 ~ 第1335章节 ：1335------当前token消耗: 3810225(all) = 3195421(in) + 614804(out)---压缩比:18.8%---

 85%|████████▌ | 1336/1563 [7:04:18<1:18:38, 20.79s/it]本次token消耗: 2730
------当前第1336章节 ~ 第1336章节 ：1336------当前token消耗: 3812955(all) = 3197684(in) + 615271(out)---压缩比:18.8%---

 86%|████████▌ | 1337/1563 [7:04:37<1:16:23, 20.28s/it]本次token消耗: 3122
------当前第1337章节 ~ 第1337章节 ：1337------当前token消耗: 3816077(all) = 3200112(in) + 615965(out)---压缩比:18.81%---

 86%|████████▌ | 1338/1563 [7:05:05<1:24:15, 22.47s/it]本次token消耗: 2931
------当前第1338章节 ~ 第1338章节 ：1338------当前token消耗: 3819008(all) = 3202524(in) + 616484(out)---压缩比:18.81%---

 86%|████████▌ | 1339/1563 [7:05:26<1:22:20, 22.06s/it]本次token消耗: 2986
------当前第1339章节 ~ 第1339章节 ：1339------当前token消耗: 3821994(all) = 3204886(in) + 617108(out)---压缩比:18.81%---

 86%|████████▌ | 1340/1563 [7:05:51<1:25:23, 22.98s/it]本次token消耗: 2744
------当前第1340章节 ~ 第1340章节 ：1340------当前token消耗: 3824738(all) = 3207260(in) + 617478(out)---压缩比:18.81%---

 86%|████████▌ | 1341/1563 [7:06:07<1:16:58, 20.80s/it]本次token消耗: 2789
------当前第1341章节 ~ 第1341章节 ：1341------当前token消耗: 3827527(all) = 3209602(in) + 617925(out)---压缩比:18.81%---

 86%|████████▌ | 1342/1563 [7:06:25<1:14:00, 20.09s/it]本次token消耗: 2921
------当前第1342章节 ~ 第1342章节 ：1342------当前token消耗: 3830448(all) = 3211970(in) + 618478(out)---压缩比:18.81%---

 86%|████████▌ | 1343/1563 [7:06:48<1:16:15, 20.80s/it]本次token消耗: 2831
------当前第1343章节 ~ 第1343章节 ：1343------当前token消耗: 3833279(all) = 3214386(in) + 618893(out)---压缩比:18.81%---

 86%|████████▌ | 1344/1563 [7:07:05<1:12:07, 19.76s/it]本次token消耗: 2769
------当前第1344章节 ~ 第1344章节 ：1344------当前token消耗: 3836048(all) = 3216835(in) + 619213(out)---压缩比:18.81%---

 86%|████████▌ | 1345/1563 [7:07:19<1:05:29, 18.02s/it]本次token消耗: 3100
------当前第1345章节 ~ 第1345章节 ：1345------当前token消耗: 3839148(all) = 3219262(in) + 619886(out)---压缩比:18.81%---

 86%|████████▌ | 1346/1563 [7:07:46<1:15:12, 20.80s/it]本次token消耗: 2941
------当前第1346章节 ~ 第1346章节 ：1346------当前token消耗: 3842089(all) = 3221618(in) + 620471(out)---压缩比:18.82%---

 86%|████████▌ | 1347/1563 [7:08:10<1:18:06, 21.70s/it]本次token消耗: 2992
------当前第1347章节 ~ 第1347章节 ：1347------当前token消耗: 3845081(all) = 3224153(in) + 620928(out)---压缩比:18.82%---

 86%|████████▌ | 1348/1563 [7:08:30<1:15:24, 21.04s/it]本次token消耗: 2884
------当前第1348章节 ~ 第1348章节 ：1348------当前token消耗: 3847965(all) = 3226591(in) + 621374(out)---压缩比:18.82%---

 86%|████████▋ | 1349/1563 [7:08:48<1:12:25, 20.30s/it]本次token消耗: 3331
------当前第1349章节 ~ 第1349章节 ：1349------当前token消耗: 3851296(all) = 3229043(in) + 622253(out)---压缩比:18.83%---

 86%|████████▋ | 1350/1563 [7:09:23<1:27:06, 24.54s/it]本次token消耗: 3097
------当前第1350章节 ~ 第1350章节 ：1350------当前token消耗: 3854393(all) = 3231445(in) + 622948(out)---压缩比:18.83%---

 86%|████████▋ | 1351/1563 [7:09:50<1:29:55, 25.45s/it]本次token消耗: 3043
------当前第1351章节 ~ 第1351章节 ：1351------当前token消耗: 3857436(all) = 3233845(in) + 623591(out)---压缩比:18.84%---

 87%|████████▋ | 1352/1563 [7:10:16<1:30:11, 25.65s/it]本次token消耗: 2852
------当前第1352章节 ~ 第1352章节 ：1352------当前token消耗: 3860288(all) = 3236254(in) + 624034(out)---压缩比:18.84%---

 87%|████████▋ | 1353/1563 [7:10:35<1:22:13, 23.49s/it]本次token消耗: 2931
------当前第1353章节 ~ 第1353章节 ：1353------当前token消耗: 3863219(all) = 3238643(in) + 624576(out)---压缩比:18.84%---

 87%|████████▋ | 1354/1563 [7:10:57<1:20:09, 23.01s/it]本次token消耗: 2936
------当前第1354章节 ~ 第1354章节 ：1354------当前token消耗: 3866155(all) = 3241112(in) + 625043(out)---压缩比:18.84%---

 87%|████████▋ | 1355/1563 [7:11:16<1:15:59, 21.92s/it]本次token消耗: 3147
------当前第1355章节 ~ 第1355章节 ：1355------当前token消耗: 3869302(all) = 3243573(in) + 625729(out)---压缩比:18.85%---

 87%|████████▋ | 1356/1563 [7:11:44<1:21:40, 23.67s/it]本次token消耗: 2940
------当前第1356章节 ~ 第1356章节 ：1356------当前token消耗: 3872242(all) = 3246045(in) + 626197(out)---压缩比:18.85%---

 87%|████████▋ | 1357/1563 [7:12:03<1:16:47, 22.37s/it]本次token消耗: 3126
------当前第1357章节 ~ 第1357章节 ：1357------当前token消耗: 3875368(all) = 3248539(in) + 626829(out)---压缩比:18.85%---

 87%|████████▋ | 1358/1563 [7:12:29<1:19:34, 23.29s/it]本次token消耗: 2978
------当前第1358章节 ~ 第1358章节 ：1358------当前token消耗: 3878346(all) = 3251073(in) + 627273(out)---压缩比:18.85%---

 87%|████████▋ | 1359/1563 [7:12:47<1:14:25, 21.89s/it]本次token消耗: 2946
------当前第1359章节 ~ 第1359章节 ：1359------当前token消耗: 3881292(all) = 3253543(in) + 627749(out)---压缩比:18.85%---

 87%|████████▋ | 1360/1563 [7:13:07<1:11:43, 21.20s/it]本次token消耗: 2950
------当前第1360章节 ~ 第1360章节 ：1360------当前token消耗: 3884242(all) = 3255964(in) + 628278(out)---压缩比:18.85%---

 87%|████████▋ | 1361/1563 [7:13:28<1:11:38, 21.28s/it]本次token消耗: 2896
------当前第1361章节 ~ 第1361章节 ：1361------当前token消耗: 3887138(all) = 3258454(in) + 628684(out)---压缩比:18.85%---

 87%|████████▋ | 1362/1563 [7:13:45<1:06:59, 20.00s/it]本次token消耗: 3024
------当前第1362章节 ~ 第1362章节 ：1362------当前token消耗: 3890162(all) = 3260894(in) + 629268(out)---压缩比:18.85%---

 87%|████████▋ | 1363/1563 [7:14:09<1:10:16, 21.08s/it]本次token消耗: 3113
------当前第1363章节 ~ 第1363章节 ：1363------当前token消耗: 3893275(all) = 3263412(in) + 629863(out)---压缩比:18.85%---

 87%|████████▋ | 1364/1563 [7:14:34<1:13:27, 22.15s/it]本次token消耗: 3084
------当前第1364章节 ~ 第1364章节 ：1364------当前token消耗: 3896359(all) = 3265979(in) + 630380(out)---压缩比:18.85%---

 87%|████████▋ | 1365/1563 [7:14:55<1:12:14, 21.89s/it]本次token消耗: 2935
------当前第1365章节 ~ 第1365章节 ：1365------当前token消耗: 3899294(all) = 3268507(in) + 630787(out)---压缩比:18.85%---

 87%|████████▋ | 1366/1563 [7:15:12<1:07:15, 20.49s/it]本次token消耗: 2790
------当前第1366章节 ~ 第1366章节 ：1366------当前token消耗: 3902084(all) = 3270891(in) + 631193(out)---压缩比:18.85%---

 87%|████████▋ | 1367/1563 [7:15:29<1:03:36, 19.47s/it]本次token消耗: 3206
------当前第1367章节 ~ 第1367章节 ：1367------当前token消耗: 3905290(all) = 3273469(in) + 631821(out)---压缩比:18.85%---

 88%|████████▊ | 1368/1563 [7:15:55<1:08:58, 21.22s/it]本次token消耗: 3053
------当前第1368章节 ~ 第1368章节 ：1368------当前token消耗: 3908343(all) = 3275876(in) + 632467(out)---压缩比:18.86%---

 88%|████████▊ | 1369/1563 [7:16:20<1:13:07, 22.62s/it]本次token消耗: 2959
------当前第1369章节 ~ 第1369章节 ：1369------当前token消耗: 3911302(all) = 3278347(in) + 632955(out)---压缩比:18.86%---

 88%|████████▊ | 1370/1563 [7:16:41<1:10:39, 21.97s/it]本次token消耗: 2868
------当前第1370章节 ~ 第1370章节 ：1370------当前token消耗: 3914170(all) = 3280802(in) + 633368(out)---压缩比:18.86%---

 88%|████████▊ | 1371/1563 [7:16:58<1:06:06, 20.66s/it]本次token消耗: 2981
------当前第1371章节 ~ 第1371章节 ：1371------当前token消耗: 3917151(all) = 3283234(in) + 633917(out)---压缩比:18.86%---

 88%|████████▊ | 1372/1563 [7:17:21<1:07:21, 21.16s/it]本次token消耗: 2784
------当前第1372章节 ~ 第1372章节 ：1372------当前token消耗: 3919935(all) = 3285686(in) + 634249(out)---压缩比:18.86%---

 88%|████████▊ | 1373/1563 [7:17:35<1:00:42, 19.17s/it]本次token消耗: 2878
------当前第1373章节 ~ 第1373章节 ：1373------当前token消耗: 3922813(all) = 3288116(in) + 634697(out)---压缩比:18.86%---

 88%|████████▊ | 1374/1563 [7:17:54<1:00:11, 19.11s/it]本次token消耗: 2823
------当前第1374章节 ~ 第1374章节 ：1374------当前token消耗: 3925636(all) = 3290485(in) + 635151(out)---压缩比:18.86%---

 88%|████████▊ | 1375/1563 [7:18:13<59:32, 19.00s/it]  本次token消耗: 2768
------当前第1375章节 ~ 第1375章节 ：1375------当前token消耗: 3928404(all) = 3292860(in) + 635544(out)---压缩比:18.85%---

 88%|████████▊ | 1376/1563 [7:18:30<57:06, 18.32s/it]本次token消耗: 2716
------当前第1376章节 ~ 第1376章节 ：1376------当前token消耗: 3931120(all) = 3295195(in) + 635925(out)---压缩比:18.85%---

 88%|████████▊ | 1377/1563 [7:18:46<54:41, 17.64s/it]本次token消耗: 3152
------当前第1377章节 ~ 第1377章节 ：1377------当前token消耗: 3934272(all) = 3297714(in) + 636558(out)---压缩比:18.85%---

 88%|████████▊ | 1378/1563 [7:19:12<1:01:53, 20.07s/it]本次token消耗: 3219
------当前第1378章节 ~ 第1378章节 ：1378------当前token消耗: 3937491(all) = 3300374(in) + 637117(out)---压缩比:18.86%---

 88%|████████▊ | 1379/1563 [7:19:34<1:04:10, 20.93s/it]本次token消耗: 3299
------当前第1379章节 ~ 第1379章节 ：1379------当前token消耗: 3940790(all) = 3302877(in) + 637913(out)---压缩比:18.87%---

 88%|████████▊ | 1380/1563 [7:20:06<1:13:27, 24.08s/it]本次token消耗: 2954
------当前第1380章节 ~ 第1380章节 ：1380------当前token消耗: 3943744(all) = 3305295(in) + 638449(out)---压缩比:18.87%---

 88%|████████▊ | 1381/1563 [7:20:28<1:11:05, 23.44s/it]本次token消耗: 2884
------当前第1381章节 ~ 第1381章节 ：1381------当前token消耗: 3946628(all) = 3307663(in) + 638965(out)---压缩比:18.87%---

 88%|████████▊ | 1382/1563 [7:20:49<1:08:46, 22.80s/it]本次token消耗: 2969
------当前第1382章节 ~ 第1382章节 ：1382------当前token消耗: 3949597(all) = 3310145(in) + 639452(out)---压缩比:18.87%---

 88%|████████▊ | 1383/1563 [7:21:09<1:06:11, 22.06s/it]本次token消耗: 2922
------当前第1383章节 ~ 第1383章节 ：1383------当前token消耗: 3952519(all) = 3312525(in) + 639994(out)---压缩比:18.87%---

 89%|████████▊ | 1384/1563 [7:21:32<1:05:53, 22.09s/it]本次token消耗: 2861
------当前第1384章节 ~ 第1384章节 ：1384------当前token消耗: 3955380(all) = 3314974(in) + 640406(out)---压缩比:18.87%---

 89%|████████▊ | 1385/1563 [7:21:49<1:01:22, 20.69s/it]本次token消耗: 2847
------当前第1385章节 ~ 第1385章节 ：1385------当前token消耗: 3958227(all) = 3317332(in) + 640895(out)---压缩比:18.87%---

 89%|████████▊ | 1386/1563 [7:22:09<1:00:28, 20.50s/it]本次token消耗: 3046
------当前第1386章节 ~ 第1386章节 ：1386------当前token消耗: 3961273(all) = 3319726(in) + 641547(out)---压缩比:18.88%---

 89%|████████▊ | 1387/1563 [7:22:35<1:04:52, 22.12s/it]本次token消耗: 2941
------当前第1387章节 ~ 第1387章节 ：1387------当前token消耗: 3964214(all) = 3322027(in) + 642187(out)---压缩比:18.89%---

 89%|████████▉ | 1388/1563 [7:23:01<1:07:38, 23.19s/it]本次token消耗: 2958
------当前第1388章节 ~ 第1388章节 ：1388------当前token消耗: 3967172(all) = 3324437(in) + 642735(out)---压缩比:18.89%---

 89%|████████▉ | 1389/1563 [7:23:23<1:06:37, 22.98s/it]本次token消耗: 2910
------当前第1389章节 ~ 第1389章节 ：1389------当前token消耗: 3970082(all) = 3326838(in) + 643244(out)---压缩比:18.89%---

 89%|████████▉ | 1390/1563 [7:23:44<1:04:16, 22.29s/it]本次token消耗: 2968
------当前第1390章节 ~ 第1390章节 ：1390------当前token消耗: 3973050(all) = 3329338(in) + 643712(out)---压缩比:18.89%---

 89%|████████▉ | 1391/1563 [7:24:03<1:01:29, 21.45s/it]本次token消耗: 2800
------当前第1391章节 ~ 第1391章节 ：1391------当前token消耗: 3975850(all) = 3331771(in) + 644079(out)---压缩比:18.89%---

 89%|████████▉ | 1392/1563 [7:24:19<56:09, 19.71s/it]  本次token消耗: 2976
------当前第1392章节 ~ 第1392章节 ：1392------当前token消耗: 3978826(all) = 3334308(in) + 644518(out)---压缩比:18.88%---

 89%|████████▉ | 1393/1563 [7:24:37<54:38, 19.29s/it]本次token消耗: 3030
------当前第1393章节 ~ 第1393章节 ：1393------当前token消耗: 3981856(all) = 3336855(in) + 645001(out)---压缩比:18.88%---

 89%|████████▉ | 1394/1563 [7:24:57<54:46, 19.45s/it]本次token消耗: 3041
------当前第1394章节 ~ 第1394章节 ：1394------当前token消耗: 3984897(all) = 3339371(in) + 645526(out)---压缩比:18.88%---

 89%|████████▉ | 1395/1563 [7:25:19<56:11, 20.07s/it]本次token消耗: 2877
------当前第1395章节 ~ 第1395章节 ：1395------当前token消耗: 3987774(all) = 3341781(in) + 645993(out)---压缩比:18.88%---

 89%|████████▉ | 1396/1563 [7:25:38<55:18, 19.87s/it]本次token消耗: 2896
------当前第1396章节 ~ 第1396章节 ：1396------当前token消耗: 3990670(all) = 3344222(in) + 646448(out)---压缩比:18.88%---

 89%|████████▉ | 1397/1563 [7:25:57<54:28, 19.69s/it]本次token消耗: 2908
------当前第1397章节 ~ 第1397章节 ：1397------当前token消耗: 3993578(all) = 3346604(in) + 646974(out)---压缩比:18.89%---

 89%|████████▉ | 1398/1563 [7:26:19<55:33, 20.20s/it]本次token消耗: 2840
------当前第1398章节 ~ 第1398章节 ：1398------当前token消耗: 3996418(all) = 3348970(in) + 647448(out)---压缩比:18.89%---

 90%|████████▉ | 1399/1563 [7:26:38<54:39, 20.00s/it]本次token消耗: 2730
------当前第1399章节 ~ 第1399章节 ：1399------当前token消耗: 3999148(all) = 3351332(in) + 647816(out)---压缩比:18.88%---

 90%|████████▉ | 1400/1563 [7:26:54<50:40, 18.66s/it]本次token消耗: 2830
------当前第1400章节 ~ 第1400章节 ：1400------当前token消耗: 4001978(all) = 3353701(in) + 648277(out)---压缩比:18.88%---

 90%|████████▉ | 1401/1563 [7:27:13<50:32, 18.72s/it]本次token消耗: 2758
------当前第1401章节 ~ 第1401章节 ：1401------当前token消耗: 4004736(all) = 3356104(in) + 648632(out)---压缩比:18.88%---

 90%|████████▉ | 1402/1563 [7:27:28<47:32, 17.71s/it]本次token消耗: 2787
------当前第1402章节 ~ 第1402章节 ：1402------当前token消耗: 4007523(all) = 3358471(in) + 649052(out)---压缩比:18.88%---

 90%|████████▉ | 1403/1563 [7:27:46<47:04, 17.65s/it]本次token消耗: 2080
------当前第1403章节 ~ 第1403章节 ：1403------当前token消耗: 4009603(all) = 3360122(in) + 649481(out)---压缩比:18.88%---

 90%|████████▉ | 1404/1563 [7:28:03<46:18, 17.48s/it]本次token消耗: 2995
------当前第1404章节 ~ 第1404章节 ：1404------当前token消耗: 4012598(all) = 3362611(in) + 649987(out)---压缩比:18.89%---

 90%|████████▉ | 1405/1563 [7:28:23<48:37, 18.47s/it]本次token消耗: 2710
------当前第1405章节 ~ 第1405章节 ：1405------当前token消耗: 4015308(all) = 3364994(in) + 650314(out)---压缩比:18.88%---

 90%|████████▉ | 1406/1563 [7:28:38<45:01, 17.21s/it]本次token消耗: 2919
------当前第1406章节 ~ 第1406章节 ：1406------当前token消耗: 4018227(all) = 3367421(in) + 650806(out)---压缩比:18.88%---

 90%|█████████ | 1407/1563 [7:28:58<47:02, 18.09s/it]本次token消耗: 2922
------当前第1407章节 ~ 第1407章节 ：1407------当前token消耗: 4021149(all) = 3369812(in) + 651337(out)---压缩比:18.89%---

 90%|█████████ | 1408/1563 [7:29:19<49:30, 19.17s/it]本次token消耗: 2952
------当前第1408章节 ~ 第1408章节 ：1408------当前token消耗: 4024101(all) = 3372233(in) + 651868(out)---压缩比:18.89%---

 90%|█████████ | 1409/1563 [7:29:41<51:00, 19.87s/it]本次token消耗: 2776
------当前第1409章节 ~ 第1409章节 ：1409------当前token消耗: 4026877(all) = 3374693(in) + 652184(out)---压缩比:18.88%---

 90%|█████████ | 1410/1563 [7:29:55<46:03, 18.06s/it]本次token消耗: 2939
------当前第1410章节 ~ 第1410章节 ：1410------当前token消耗: 4029816(all) = 3377156(in) + 652660(out)---压缩比:18.88%---

 90%|█████████ | 1411/1563 [7:30:15<47:03, 18.57s/it]本次token消耗: 3033
------当前第1411章节 ~ 第1411章节 ：1411------当前token消耗: 4032849(all) = 3379630(in) + 653219(out)---压缩比:18.89%---

 90%|█████████ | 1412/1563 [7:30:37<50:00, 19.87s/it]本次token消耗: 2918
------当前第1412章节 ~ 第1412章节 ：1412------当前token消耗: 4035767(all) = 3382187(in) + 653580(out)---压缩比:18.88%---

 90%|█████████ | 1413/1563 [7:30:53<46:25, 18.57s/it]本次token消耗: 3281
------当前第1413章节 ~ 第1413章节 ：1413------当前token消耗: 4039048(all) = 3384716(in) + 654332(out)---压缩比:18.89%---

 90%|█████████ | 1414/1563 [7:31:23<54:30, 21.95s/it]本次token消耗: 1676
------当前第1414章节 ~ 第1414章节 ：1414------当前token消耗: 4040724(all) = 3386014(in) + 654710(out)---压缩比:18.9%---

 91%|█████████ | 1415/1563 [7:31:38<48:55, 19.83s/it]本次token消耗: 2912
------当前第1415章节 ~ 第1415章节 ：1415------当前token消耗: 4043636(all) = 3388527(in) + 655109(out)---压缩比:18.89%---

 91%|█████████ | 1416/1563 [7:31:55<46:26, 18.95s/it]本次token消耗: 2954
------当前第1416章节 ~ 第1416章节 ：1416------当前token消耗: 4046590(all) = 3391011(in) + 655579(out)---压缩比:18.89%---

 91%|█████████ | 1417/1563 [7:32:14<46:25, 19.08s/it]本次token消耗: 2834
------当前第1417章节 ~ 第1417章节 ：1417------当前token消耗: 4049424(all) = 3393480(in) + 655944(out)---压缩比:18.89%---

 91%|█████████ | 1418/1563 [7:32:30<43:42, 18.09s/it]本次token消耗: 3063
------当前第1418章节 ~ 第1418章节 ：1418------当前token消耗: 4052487(all) = 3396007(in) + 656480(out)---压缩比:18.89%---

 91%|█████████ | 1419/1563 [7:32:52<46:16, 19.28s/it]本次token消耗: 2818
------当前第1419章节 ~ 第1419章节 ：1419------当前token消耗: 4055305(all) = 3398388(in) + 656917(out)---压缩比:18.89%---

 91%|█████████ | 1420/1563 [7:33:10<45:11, 18.96s/it]本次token消耗: 2646
------当前第1420章节 ~ 第1420章节 ：1420------当前token消耗: 4057951(all) = 3400744(in) + 657207(out)---压缩比:18.89%---

 91%|█████████ | 1421/1563 [7:33:23<40:30, 17.12s/it]本次token消耗: 3072
------当前第1421章节 ~ 第1421章节 ：1421------当前token消耗: 4061023(all) = 3403081(in) + 657942(out)---压缩比:18.89%---

 91%|█████████ | 1422/1563 [7:33:52<48:35, 20.68s/it]本次token消耗: 2760
------当前第1422章节 ~ 第1422章节 ：1422------当前token消耗: 4063783(all) = 3405415(in) + 658368(out)---压缩比:18.89%---

 91%|█████████ | 1423/1563 [7:34:10<46:12, 19.81s/it]本次token消耗: 2850
------当前第1423章节 ~ 第1423章节 ：1423------当前token消耗: 4066633(all) = 3407747(in) + 658886(out)---压缩比:18.89%---

 91%|█████████ | 1424/1563 [7:34:31<46:52, 20.24s/it]本次token消耗: 2803
------当前第1424章节 ~ 第1424章节 ：1424------当前token消耗: 4069436(all) = 3410092(in) + 659344(out)---压缩比:18.89%---

 91%|█████████ | 1425/1563 [7:34:50<45:34, 19.81s/it]本次token消耗: 2988
------当前第1425章节 ~ 第1425章节 ：1425------当前token消耗: 4072424(all) = 3412633(in) + 659791(out)---压缩比:18.89%---

 91%|█████████ | 1426/1563 [7:35:08<44:26, 19.47s/it]本次token消耗: 2881
------当前第1426章节 ~ 第1426章节 ：1426------当前token消耗: 4075305(all) = 3414938(in) + 660367(out)---压缩比:18.9%---

 91%|█████████▏| 1427/1563 [7:35:32<46:38, 20.57s/it]本次token消耗: 2802
------当前第1427章节 ~ 第1427章节 ：1427------当前token消耗: 4078107(all) = 3417306(in) + 660801(out)---压缩比:18.9%---

 91%|█████████▏| 1428/1563 [7:35:50<44:43, 19.88s/it]本次token消耗: 2947
------当前第1428章节 ~ 第1428章节 ：1428------当前token消耗: 4081054(all) = 3419682(in) + 661372(out)---压缩比:18.9%---

 91%|█████████▏| 1429/1563 [7:36:13<46:23, 20.77s/it]本次token消耗: 3048
------当前第1429章节 ~ 第1429章节 ：1429------当前token消耗: 4084102(all) = 3422156(in) + 661946(out)---压缩比:18.9%---

 91%|█████████▏| 1430/1563 [7:36:36<47:33, 21.46s/it]本次token消耗: 2868
------当前第1430章节 ~ 第1430章节 ：1430------当前token消耗: 4086970(all) = 3424505(in) + 662465(out)---压缩比:18.91%---

 92%|█████████▏| 1431/1563 [7:36:57<46:55, 21.33s/it]本次token消耗: 2771
------当前第1431章节 ~ 第1431章节 ：1431------当前token消耗: 4089741(all) = 3426859(in) + 662882(out)---压缩比:18.91%---

 92%|█████████▏| 1432/1563 [7:37:14<43:57, 20.13s/it]本次token消耗: 2887
------当前第1432章节 ~ 第1432章节 ：1432------当前token消耗: 4092628(all) = 3429160(in) + 663468(out)---压缩比:18.91%---

 92%|█████████▏| 1433/1563 [7:37:38<45:54, 21.19s/it]本次token消耗: 2988
------当前第1433章节 ~ 第1433章节 ：1433------当前token消耗: 4095616(all) = 3431589(in) + 664027(out)---压缩比:18.91%---

 92%|█████████▏| 1434/1563 [7:38:00<46:24, 21.58s/it]本次token消耗: 2862
------当前第1434章节 ~ 第1434章节 ：1434------当前token消耗: 4098478(all) = 3433939(in) + 664539(out)---压缩比:18.91%---

 92%|█████████▏| 1435/1563 [7:38:21<45:43, 21.43s/it]本次token消耗: 3034
------当前第1435章节 ~ 第1435章节 ：1435------当前token消耗: 4101512(all) = 3436326(in) + 665186(out)---压缩比:18.92%---

 92%|█████████▏| 1436/1563 [7:38:47<48:05, 22.72s/it]本次token消耗: 2777
------当前第1436章节 ~ 第1436章节 ：1436------当前token消耗: 4104289(all) = 3438745(in) + 665544(out)---压缩比:18.92%---

 92%|█████████▏| 1437/1563 [7:39:02<43:07, 20.54s/it]本次token消耗: 3068
------当前第1437章节 ~ 第1437章节 ：1437------当前token消耗: 4107357(all) = 3441179(in) + 666178(out)---压缩比:18.92%---

 92%|█████████▏| 1438/1563 [7:39:28<45:42, 21.94s/it]本次token消耗: 3152
------当前第1438章节 ~ 第1438章节 ：1438------当前token消耗: 4110509(all) = 3443756(in) + 666753(out)---压缩比:18.92%---

 92%|█████████▏| 1439/1563 [7:39:51<46:12, 22.36s/it]本次token消耗: 3150
------当前第1439章节 ~ 第1439章节 ：1439------当前token消耗: 4113659(all) = 3446235(in) + 667424(out)---压缩比:18.93%---

 92%|█████████▏| 1440/1563 [7:40:18<48:36, 23.71s/it]本次token消耗: 3213
------当前第1440章节 ~ 第1440章节 ：1440------当前token消耗: 4116872(all) = 3448728(in) + 668144(out)---压缩比:18.94%---

 92%|█████████▏| 1441/1563 [7:40:47<51:21, 25.25s/it]本次token消耗: 2969
------当前第1441章节 ~ 第1441章节 ：1441------当前token消耗: 4119841(all) = 3451109(in) + 668732(out)---压缩比:18.94%---

 92%|█████████▏| 1442/1563 [7:41:11<50:11, 24.89s/it]本次token消耗: 2925
------当前第1442章节 ~ 第1442章节 ：1442------当前token消耗: 4122766(all) = 3453525(in) + 669241(out)---压缩比:18.94%---

 92%|█████████▏| 1443/1563 [7:41:31<47:16, 23.63s/it]本次token消耗: 2882
------当前第1443章节 ~ 第1443章节 ：1443------当前token消耗: 4125648(all) = 3455893(in) + 669755(out)---压缩比:18.94%---

 92%|█████████▏| 1444/1563 [7:41:52<45:16, 22.83s/it]本次token消耗: 3369
------当前第1444章节 ~ 第1444章节 ：1444------当前token消耗: 4129017(all) = 3458587(in) + 670430(out)---压缩比:18.95%---

 92%|█████████▏| 1445/1563 [7:42:19<47:17, 24.05s/it]本次token消耗: 3023
------当前第1445章节 ~ 第1445章节 ：1445------当前token消耗: 4132040(all) = 3460992(in) + 671048(out)---压缩比:18.95%---

 93%|█████████▎| 1446/1563 [7:42:44<47:16, 24.24s/it]本次token消耗: 2666
------当前第1446章节 ~ 第1446章节 ：1446------当前token消耗: 4134706(all) = 3463317(in) + 671389(out)---压缩比:18.95%---

 93%|█████████▎| 1447/1563 [7:42:59<41:14, 21.33s/it]本次token消耗: 2719
------当前第1447章节 ~ 第1447章节 ：1447------当前token消耗: 4137425(all) = 3465666(in) + 671759(out)---压缩比:18.95%---

 93%|█████████▎| 1448/1563 [7:43:14<37:34, 19.61s/it]本次token消耗: 2887
------当前第1448章节 ~ 第1448章节 ：1448------当前token消耗: 4140312(all) = 3468047(in) + 672265(out)---压缩比:18.95%---

 93%|█████████▎| 1449/1563 [7:43:35<37:49, 19.91s/it]本次token消耗: 2980
------当前第1449章节 ~ 第1449章节 ：1449------当前token消耗: 4143292(all) = 3470513(in) + 672779(out)---压缩比:18.95%---

 93%|█████████▎| 1450/1563 [7:43:56<38:15, 20.32s/it]本次token消耗: 2875
------当前第1450章节 ~ 第1450章节 ：1450------当前token消耗: 4146167(all) = 3472851(in) + 673316(out)---压缩比:18.95%---

 93%|█████████▎| 1451/1563 [7:44:18<38:42, 20.74s/it]本次token消耗: 3009
------当前第1451章节 ~ 第1451章节 ：1451------当前token消耗: 4149176(all) = 3475206(in) + 673970(out)---压缩比:18.95%---

 93%|█████████▎| 1452/1563 [7:44:44<41:13, 22.29s/it]本次token消耗: 2905
------当前第1452章节 ~ 第1452章节 ：1452------当前token消耗: 4152081(all) = 3477582(in) + 674499(out)---压缩比:18.96%---

 93%|█████████▎| 1453/1563 [7:45:05<40:28, 22.08s/it]本次token消耗: 2813
------当前第1453章节 ~ 第1453章节 ：1453------当前token消耗: 4154894(all) = 3480005(in) + 674889(out)---压缩比:18.95%---

 93%|█████████▎| 1454/1563 [7:45:22<37:10, 20.47s/it]本次token消耗: 2980
------当前第1454章节 ~ 第1454章节 ：1454------当前token消耗: 4157874(all) = 3482376(in) + 675498(out)---压缩比:18.96%---

 93%|█████████▎| 1455/1563 [7:45:46<38:59, 21.66s/it]本次token消耗: 2768
------当前第1455章节 ~ 第1455章节 ：1455------当前token消耗: 4160642(all) = 3484698(in) + 675944(out)---压缩比:18.96%---

 93%|█████████▎| 1456/1563 [7:46:05<36:54, 20.69s/it]本次token消耗: 2673
------当前第1456章节 ~ 第1456章节 ：1456------当前token消耗: 4163315(all) = 3487011(in) + 676304(out)---压缩比:18.96%---

 93%|█████████▎| 1457/1563 [7:46:20<33:43, 19.09s/it]本次token消耗: 2701
------当前第1457章节 ~ 第1457章节 ：1457------当前token消耗: 4166016(all) = 3489381(in) + 676635(out)---压缩比:18.95%---

 93%|█████████▎| 1458/1563 [7:46:35<30:55, 17.67s/it]本次token消耗: 2834
------当前第1458章节 ~ 第1458章节 ：1458------当前token消耗: 4168850(all) = 3491705(in) + 677145(out)---压缩比:18.95%---

 93%|█████████▎| 1459/1563 [7:46:55<32:13, 18.59s/it]本次token消耗: 2944
------当前第1459章节 ~ 第1459章节 ：1459------当前token消耗: 4171794(all) = 3494103(in) + 677691(out)---压缩比:18.96%---

 93%|█████████▎| 1460/1563 [7:47:17<33:44, 19.66s/it]本次token消耗: 3273
------当前第1460章节 ~ 第1460章节 ：1460------当前token消耗: 4175067(all) = 3496683(in) + 678384(out)---压缩比:18.96%---

 93%|█████████▎| 1461/1563 [7:47:45<37:26, 22.02s/it]本次token消耗: 2864
------当前第1461章节 ~ 第1461章节 ：1461------当前token消耗: 4177931(all) = 3499073(in) + 678858(out)---压缩比:18.96%---

 94%|█████████▎| 1462/1563 [7:48:05<35:50, 21.30s/it]本次token消耗: 3039
------当前第1462章节 ~ 第1462章节 ：1462------当前token消耗: 4180970(all) = 3501431(in) + 679539(out)---压缩比:18.97%---

 94%|█████████▎| 1463/1563 [7:48:31<38:15, 22.95s/it]本次token消耗: 3035
------当前第1463章节 ~ 第1463章节 ：1463------当前token消耗: 4184005(all) = 3503912(in) + 680093(out)---压缩比:18.97%---

 94%|█████████▎| 1464/1563 [7:48:54<37:43, 22.86s/it]本次token消耗: 2836
------当前第1464章节 ~ 第1464章节 ：1464------当前token消耗: 4186841(all) = 3506340(in) + 680501(out)---压缩比:18.97%---

 94%|█████████▎| 1465/1563 [7:49:11<34:37, 21.20s/it]本次token消耗: 3091
------当前第1465章节 ~ 第1465章节 ：1465------当前token消耗: 4189932(all) = 3508960(in) + 680972(out)---压缩比:18.97%---

 94%|█████████▍| 1466/1563 [7:49:31<33:28, 20.70s/it]本次token消耗: 2844
------当前第1466章节 ~ 第1466章节 ：1466------当前token消耗: 4192776(all) = 3511359(in) + 681417(out)---压缩比:18.97%---

 94%|█████████▍| 1467/1563 [7:49:49<32:01, 20.01s/it]本次token消耗: 2995
------当前第1467章节 ~ 第1467章节 ：1467------当前token消耗: 4195771(all) = 3513768(in) + 682003(out)---压缩比:18.97%---

 94%|█████████▍| 1468/1563 [7:50:13<33:19, 21.05s/it]本次token消耗: 2834
------当前第1468章节 ~ 第1468章节 ：1468------当前token消耗: 4198605(all) = 3516130(in) + 682475(out)---压缩比:18.97%---

 94%|█████████▍| 1469/1563 [7:50:32<32:10, 20.54s/it]本次token消耗: 2752
------当前第1469章节 ~ 第1469章节 ：1469------当前token消耗: 4201357(all) = 3518449(in) + 682908(out)---压缩比:18.97%---

 94%|█████████▍| 1470/1563 [7:50:50<30:38, 19.77s/it]本次token消耗: 2871
------当前第1470章节 ~ 第1470章节 ：1470------当前token消耗: 4204228(all) = 3520767(in) + 683461(out)---压缩比:18.97%---

 94%|█████████▍| 1471/1563 [7:51:12<31:29, 20.54s/it]本次token消耗: 2908
------当前第1471章节 ~ 第1471章节 ：1471------当前token消耗: 4207136(all) = 3523123(in) + 684013(out)---压缩比:18.97%---

 94%|█████████▍| 1472/1563 [7:51:35<31:57, 21.07s/it]本次token消耗: 3031
------当前第1472章节 ~ 第1472章节 ：1472------当前token消耗: 4210167(all) = 3525505(in) + 684662(out)---压缩比:18.98%---

 94%|█████████▍| 1473/1563 [7:52:01<33:55, 22.61s/it]本次token消耗: 3121
------当前第1473章节 ~ 第1473章节 ：1473------当前token消耗: 4213288(all) = 3527886(in) + 685402(out)---压缩比:18.99%---

 94%|█████████▍| 1474/1563 [7:52:30<36:25, 24.55s/it]本次token消耗: 2996
------当前第1474章节 ~ 第1474章节 ：1474------当前token消耗: 4216284(all) = 3530380(in) + 685904(out)---压缩比:18.99%---

 94%|█████████▍| 1475/1563 [7:52:51<34:25, 23.47s/it]本次token消耗: 2856
------当前第1475章节 ~ 第1475章节 ：1475------当前token消耗: 4219140(all) = 3532767(in) + 686373(out)---压缩比:18.99%---

 94%|█████████▍| 1476/1563 [7:53:10<32:15, 22.24s/it]本次token消耗: 3143
------当前第1476章节 ~ 第1476章节 ：1476------当前token消耗: 4222283(all) = 3535506(in) + 686777(out)---压缩比:18.98%---

 94%|█████████▍| 1477/1563 [7:53:28<29:46, 20.77s/it]本次token消耗: 2889
------当前第1477章节 ~ 第1477章节 ：1477------当前token消耗: 4225172(all) = 3537946(in) + 687226(out)---压缩比:18.98%---

 95%|█████████▍| 1478/1563 [7:53:46<28:33, 20.16s/it]本次token消耗: 2988
------当前第1478章节 ~ 第1478章节 ：1478------当前token消耗: 4228160(all) = 3540410(in) + 687750(out)---压缩比:18.98%---

 95%|█████████▍| 1479/1563 [7:54:08<28:49, 20.59s/it]本次token消耗: 3256
------当前第1479章节 ~ 第1479章节 ：1479------当前token消耗: 4231416(all) = 3542958(in) + 688458(out)---压缩比:18.99%---

 95%|█████████▍| 1480/1563 [7:54:36<31:33, 22.81s/it]本次token消耗: 2835
------当前第1480章节 ~ 第1480章节 ：1480------当前token消耗: 4234251(all) = 3545416(in) + 688835(out)---压缩比:18.99%---

 95%|█████████▍| 1481/1563 [7:54:52<28:24, 20.79s/it]本次token消耗: 2856
------当前第1481章节 ~ 第1481章节 ：1481------当前token消耗: 4237107(all) = 3547872(in) + 689235(out)---压缩比:18.98%---

 95%|█████████▍| 1482/1563 [7:55:09<26:30, 19.63s/it]本次token消耗: 2942
------当前第1482章节 ~ 第1482章节 ：1482------当前token消耗: 4240049(all) = 3550287(in) + 689762(out)---压缩比:18.99%---

 95%|█████████▍| 1483/1563 [7:55:31<27:05, 20.32s/it]本次token消耗: 3212
------当前第1483章节 ~ 第1483章节 ：1483------当前token消耗: 4243261(all) = 3552682(in) + 690579(out)---压缩比:19.0%---

 95%|█████████▍| 1484/1563 [7:56:03<31:23, 23.84s/it]本次token消耗: 2844
------当前第1484章节 ~ 第1484章节 ：1484------当前token消耗: 4246105(all) = 3555119(in) + 690986(out)---压缩比:19.0%---

 95%|█████████▌| 1485/1563 [7:56:20<28:22, 21.83s/it]本次token消耗: 2902
------当前第1485章节 ~ 第1485章节 ：1485------当前token消耗: 4249007(all) = 3557557(in) + 691450(out)---压缩比:18.99%---

 95%|█████████▌| 1486/1563 [7:56:39<27:01, 21.06s/it]本次token消耗: 3052
------当前第1486章节 ~ 第1486章节 ：1486------当前token消耗: 4252059(all) = 3559968(in) + 692091(out)---压缩比:19.0%---

 95%|█████████▌| 1487/1563 [7:57:05<28:25, 22.44s/it]本次token消耗: 2934
------当前第1487章节 ~ 第1487章节 ：1487------当前token消耗: 4254993(all) = 3562435(in) + 692558(out)---压缩比:19.0%---

 95%|█████████▌| 1488/1563 [7:57:24<26:52, 21.50s/it]本次token消耗: 3018
------当前第1488章节 ~ 第1488章节 ：1488------当前token消耗: 4258011(all) = 3564797(in) + 693214(out)---压缩比:19.0%---

 95%|█████████▌| 1489/1563 [7:57:51<28:14, 22.90s/it]本次token消耗: 2899
------当前第1489章节 ~ 第1489章节 ：1489------当前token消耗: 4260910(all) = 3567201(in) + 693709(out)---压缩比:19.0%---

 95%|█████████▌| 1490/1563 [7:58:11<27:02, 22.23s/it]本次token消耗: 2783
------当前第1490章节 ~ 第1490章节 ：1490------当前token消耗: 4263693(all) = 3569504(in) + 694189(out)---压缩比:19.01%---

 95%|█████████▌| 1491/1563 [7:58:31<25:54, 21.58s/it]本次token消耗: 2740
------当前第1491章节 ~ 第1491章节 ：1491------当前token消耗: 4266433(all) = 3571845(in) + 694588(out)---压缩比:19.0%---

 95%|█████████▌| 1492/1563 [7:58:48<23:47, 20.10s/it]本次token消耗: 2771
------当前第1492章节 ~ 第1492章节 ：1492------当前token消耗: 4269204(all) = 3574207(in) + 694997(out)---压缩比:19.0%---

 96%|█████████▌| 1493/1563 [7:59:05<22:24, 19.21s/it]本次token消耗: 2651
------当前第1493章节 ~ 第1493章节 ：1493------当前token消耗: 4271855(all) = 3576548(in) + 695307(out)---压缩比:19.0%---

 96%|█████████▌| 1494/1563 [7:59:19<20:08, 17.51s/it]本次token消耗: 2887
------当前第1494章节 ~ 第1494章节 ：1494------当前token消耗: 4274742(all) = 3578869(in) + 695873(out)---压缩比:19.0%---

 96%|█████████▌| 1495/1563 [7:59:41<21:40, 19.12s/it]本次token消耗: 2705
------当前第1495章节 ~ 第1495章节 ：1495------当前token消耗: 4277447(all) = 3581175(in) + 696272(out)---压缩比:19.0%---

 96%|█████████▌| 1496/1563 [7:59:58<20:31, 18.38s/it]本次token消耗: 2752
------当前第1496章节 ~ 第1496章节 ：1496------当前token消耗: 4280199(all) = 3583532(in) + 696667(out)---压缩比:19.0%---

 96%|█████████▌| 1497/1563 [8:00:15<19:39, 17.87s/it]本次token消耗: 3106
------当前第1497章节 ~ 第1497章节 ：1497------当前token消耗: 4283305(all) = 3585912(in) + 697393(out)---压缩比:19.0%---

 96%|█████████▌| 1498/1563 [8:00:44<22:58, 21.21s/it]本次token消耗: 2715
------当前第1498章节 ~ 第1498章节 ：1498------当前token消耗: 4286020(all) = 3588248(in) + 697772(out)---压缩比:19.0%---

 96%|█████████▌| 1499/1563 [8:01:00<21:01, 19.71s/it]本次token消耗: 2768
------当前第1499章节 ~ 第1499章节 ：1499------当前token消耗: 4288788(all) = 3590529(in) + 698259(out)---压缩比:19.0%---

 96%|█████████▌| 1500/1563 [8:01:20<20:44, 19.75s/it]本次token消耗: 2671
------当前第1500章节 ~ 第1500章节 ：1500------当前token消耗: 4291459(all) = 3592835(in) + 698624(out)---压缩比:19.0%---

 96%|█████████▌| 1501/1563 [8:01:35<19:05, 18.47s/it]本次token消耗: 2694
------当前第1501章节 ~ 第1501章节 ：1501------当前token消耗: 4294153(all) = 3595170(in) + 698983(out)---压缩比:19.0%---

 96%|█████████▌| 1502/1563 [8:01:51<17:46, 17.49s/it]本次token消耗: 2120
------当前第1502章节 ~ 第1502章节 ：1502------当前token消耗: 4296273(all) = 3596934(in) + 699339(out)---压缩比:19.0%---

 96%|█████████▌| 1503/1563 [8:02:05<16:37, 16.62s/it]本次token消耗: 2824
------当前第1503章节 ~ 第1503章节 ：1503------当前token消耗: 4299097(all) = 3599350(in) + 699747(out)---压缩比:18.99%---

 96%|█████████▌| 1504/1563 [8:02:22<16:26, 16.72s/it]本次token消耗: 2318
------当前第1504章节 ~ 第1504章节 ：1504------当前token消耗: 4301415(all) = 3601270(in) + 700145(out)---压缩比:19.0%---

 96%|█████████▋| 1505/1563 [8:02:38<16:01, 16.57s/it]本次token消耗: 2727
------当前第1505章节 ~ 第1505章节 ：1505------当前token消耗: 4304142(all) = 3603674(in) + 700468(out)---压缩比:18.99%---

 96%|█████████▋| 1506/1563 [8:02:52<15:02, 15.83s/it]本次token消耗: 2559
------当前第1506章节 ~ 第1506章节 ：1506------当前token消耗: 4306701(all) = 3606008(in) + 700693(out)---压缩比:18.99%---

 96%|█████████▋| 1507/1563 [8:03:03<13:17, 14.24s/it]本次token消耗: 2815
------当前第1507章节 ~ 第1507章节 ：1507------当前token消耗: 4309516(all) = 3608391(in) + 701125(out)---压缩比:18.98%---

 96%|█████████▋| 1508/1563 [8:03:21<14:02, 15.32s/it]本次token消耗: 2823
------当前第1508章节 ~ 第1508章节 ：1508------当前token消耗: 4312339(all) = 3610725(in) + 701614(out)---压缩比:18.98%---

 97%|█████████▋| 1509/1563 [8:03:41<15:03, 16.73s/it]本次token消耗: 2579
------当前第1509章节 ~ 第1509章节 ：1509------当前token消耗: 4314918(all) = 3613016(in) + 701902(out)---压缩比:18.98%---

 97%|█████████▋| 1510/1563 [8:03:53<13:42, 15.52s/it]本次token消耗: 2615
------当前第1510章节 ~ 第1510章节 ：1510------当前token消耗: 4317533(all) = 3615316(in) + 702217(out)---压缩比:18.98%---

 97%|█████████▋| 1511/1563 [8:04:07<12:56, 14.94s/it]本次token消耗: 2566
------当前第1511章节 ~ 第1511章节 ：1511------当前token消耗: 4320099(all) = 3617606(in) + 702493(out)---压缩比:18.97%---

 97%|█████████▋| 1512/1563 [8:04:19<11:59, 14.11s/it]本次token消耗: 2826
------当前第1512章节 ~ 第1512章节 ：1512------当前token消耗: 4322925(all) = 3619989(in) + 702936(out)---压缩比:18.97%---

 97%|█████████▋| 1513/1563 [8:04:38<12:47, 15.35s/it]本次token消耗: 2644
------当前第1513章节 ~ 第1513章节 ：1513------当前token消耗: 4325569(all) = 3622375(in) + 703194(out)---压缩比:18.97%---

 97%|█████████▋| 1514/1563 [8:04:49<11:39, 14.27s/it]本次token消耗: 2736
------当前第1514章节 ~ 第1514章节 ：1514------当前token消耗: 4328305(all) = 3624659(in) + 703646(out)---压缩比:18.97%---

 97%|█████████▋| 1515/1563 [8:05:08<12:25, 15.53s/it]本次token消耗: 2916
------当前第1515章节 ~ 第1515章节 ：1515------当前token消耗: 4331221(all) = 3626974(in) + 704247(out)---压缩比:18.97%---

 97%|█████████▋| 1516/1563 [8:05:32<14:09, 18.08s/it]本次token消耗: 2785
------当前第1516章节 ~ 第1516章节 ：1516------当前token消耗: 4334006(all) = 3629383(in) + 704623(out)---压缩比:18.97%---

 97%|█████████▋| 1517/1563 [8:05:48<13:24, 17.49s/it]本次token消耗: 2906
------当前第1517章节 ~ 第1517章节 ：1517------当前token消耗: 4336912(all) = 3631731(in) + 705181(out)---压缩比:18.97%---

 97%|█████████▋| 1518/1563 [8:06:11<14:17, 19.05s/it]本次token消耗: 2624
------当前第1518章节 ~ 第1518章节 ：1518------当前token消耗: 4339536(all) = 3634054(in) + 705482(out)---压缩比:18.97%---

 97%|█████████▋| 1519/1563 [8:06:24<12:40, 17.29s/it]本次token消耗: 2778
------当前第1519章节 ~ 第1519章节 ：1519------当前token消耗: 4342314(all) = 3636337(in) + 705977(out)---压缩比:18.97%---

 97%|█████████▋| 1520/1563 [8:06:44<13:01, 18.18s/it]本次token消耗: 2799
------当前第1520章节 ~ 第1520章节 ：1520------当前token消耗: 4345113(all) = 3638804(in) + 706309(out)---压缩比:18.96%---

 97%|█████████▋| 1521/1563 [8:06:58<11:56, 17.05s/it]本次token消耗: 2610
------当前第1521章节 ~ 第1521章节 ：1521------当前token消耗: 4347723(all) = 3641134(in) + 706589(out)---压缩比:18.96%---

 97%|█████████▋| 1522/1563 [8:07:11<10:41, 15.65s/it]本次token消耗: 2773
------当前第1522章节 ~ 第1522章节 ：1522------当前token消耗: 4350496(all) = 3643436(in) + 707060(out)---压缩比:18.96%---

 97%|█████████▋| 1523/1563 [8:07:30<11:10, 16.76s/it]本次token消耗: 2804
------当前第1523章节 ~ 第1523章节 ：1523------当前token消耗: 4353300(all) = 3645725(in) + 707575(out)---压缩比:18.96%---

 98%|█████████▊| 1524/1563 [8:07:51<11:42, 18.01s/it]本次token消耗: 2891
------当前第1524章节 ~ 第1524章节 ：1524------当前token消耗: 4356191(all) = 3647980(in) + 708211(out)---压缩比:18.97%---

 98%|█████████▊| 1525/1563 [8:08:17<12:50, 20.28s/it]本次token消耗: 2823
------当前第1525章节 ~ 第1525章节 ：1525------当前token消耗: 4359014(all) = 3650377(in) + 708637(out)---压缩比:18.96%---

 98%|█████████▊| 1526/1563 [8:08:34<12:01, 19.50s/it]本次token消耗: 3090
------当前第1526章节 ~ 第1526章节 ：1526------当前token消耗: 4362104(all) = 3652781(in) + 709323(out)---压缩比:18.97%---

 98%|█████████▊| 1527/1563 [8:09:01<13:03, 21.77s/it]本次token消耗: 2935
------当前第1527章节 ~ 第1527章节 ：1527------当前token消耗: 4365039(all) = 3655163(in) + 709876(out)---压缩比:18.97%---

 98%|█████████▊| 1528/1563 [8:09:24<12:52, 22.07s/it]本次token消耗: 2877
------当前第1528章节 ~ 第1528章节 ：1528------当前token消耗: 4367916(all) = 3657553(in) + 710363(out)---压缩比:18.97%---

 98%|█████████▊| 1529/1563 [8:09:44<12:09, 21.46s/it]本次token消耗: 2867
------当前第1529章节 ~ 第1529章节 ：1529------当前token消耗: 4370783(all) = 3659939(in) + 710844(out)---压缩比:18.97%---

 98%|█████████▊| 1530/1563 [8:10:04<11:32, 20.98s/it]本次token消耗: 2706
------当前第1530章节 ~ 第1530章节 ：1530------当前token消耗: 4373489(all) = 3662249(in) + 711240(out)---压缩比:18.97%---

 98%|█████████▊| 1531/1563 [8:10:21<10:28, 19.66s/it]本次token消耗: 2823
------当前第1531章节 ~ 第1531章节 ：1531------当前token消耗: 4376312(all) = 3664623(in) + 711689(out)---压缩比:18.97%---

 98%|█████████▊| 1532/1563 [8:10:39<09:59, 19.35s/it]本次token消耗: 2954
------当前第1532章节 ~ 第1532章节 ：1532------当前token消耗: 4379266(all) = 3667009(in) + 712257(out)---压缩比:18.97%---

 98%|█████████▊| 1533/1563 [8:11:02<10:13, 20.44s/it]本次token消耗: 2769
------当前第1533章节 ~ 第1533章节 ：1533------当前token消耗: 4382035(all) = 3669396(in) + 712639(out)---压缩比:18.97%---

 98%|█████████▊| 1534/1563 [8:11:18<09:15, 19.16s/it]本次token消耗: 2721
------当前第1534章节 ~ 第1534章节 ：1534------当前token消耗: 4384756(all) = 3671752(in) + 713004(out)---压缩比:18.97%---

 98%|█████████▊| 1535/1563 [8:11:34<08:27, 18.13s/it]本次token消耗: 2762
------当前第1535章节 ~ 第1535章节 ：1535------当前token消耗: 4387518(all) = 3673993(in) + 713525(out)---压缩比:18.97%---

 98%|█████████▊| 1536/1563 [8:11:55<08:34, 19.04s/it]本次token消耗: 2816
------当前第1536章节 ~ 第1536章节 ：1536------当前token消耗: 4390334(all) = 3676302(in) + 714032(out)---压缩比:18.97%---

 98%|█████████▊| 1537/1563 [8:12:16<08:26, 19.50s/it]本次token消耗: 3011
------当前第1537章节 ~ 第1537章节 ：1537------当前token消耗: 4393345(all) = 3678646(in) + 714699(out)---压缩比:18.98%---

 98%|█████████▊| 1538/1563 [8:12:42<09:00, 21.62s/it]本次token消耗: 3173
------当前第1538章节 ~ 第1538章节 ：1538------当前token消耗: 4396518(all) = 3681063(in) + 715455(out)---压缩比:18.98%---

 98%|█████████▊| 1539/1563 [8:13:13<09:40, 24.18s/it]本次token消耗: 2940
------当前第1539章节 ~ 第1539章节 ：1539------当前token消耗: 4399458(all) = 3683480(in) + 715978(out)---压缩比:18.99%---

 99%|█████████▊| 1540/1563 [8:13:34<08:56, 23.32s/it]本次token消耗: 2781
------当前第1540章节 ~ 第1540章节 ：1540------当前token消耗: 4402239(all) = 3685804(in) + 716435(out)---压缩比:18.99%---

 99%|█████████▊| 1541/1563 [8:13:53<08:06, 22.11s/it]本次token消耗: 2752
------当前第1541章节 ~ 第1541章节 ：1541------当前token消耗: 4404991(all) = 3688106(in) + 716885(out)---压缩比:18.98%---

 99%|█████████▊| 1542/1563 [8:14:12<07:21, 21.03s/it]本次token消耗: 2791
------当前第1542章节 ~ 第1542章节 ：1542------当前token消耗: 4407782(all) = 3690396(in) + 717386(out)---压缩比:18.99%---

 99%|█████████▊| 1543/1563 [8:14:32<06:56, 20.84s/it]本次token消耗: 3045
------当前第1543章节 ~ 第1543章节 ：1543------当前token消耗: 4410827(all) = 3692784(in) + 718043(out)---压缩比:18.99%---

 99%|█████████▉| 1544/1563 [8:14:58<07:06, 22.43s/it]本次token消耗: 2906
------当前第1544章节 ~ 第1544章节 ：1544------当前token消耗: 4413733(all) = 3695116(in) + 718617(out)---压缩比:18.99%---

 99%|█████████▉| 1545/1563 [8:15:21<06:46, 22.60s/it]本次token消耗: 2743
------当前第1545章节 ~ 第1545章节 ：1545------当前token消耗: 4416476(all) = 3697494(in) + 718982(out)---压缩比:18.99%---

 99%|█████████▉| 1546/1563 [8:15:37<05:47, 20.45s/it]本次token消耗: 2824
------当前第1546章节 ~ 第1546章节 ：1546------当前token消耗: 4419300(all) = 3699875(in) + 719425(out)---压缩比:18.99%---

 99%|█████████▉| 1547/1563 [8:15:55<05:16, 19.80s/it]本次token消耗: 2839
------当前第1547章节 ~ 第1547章节 ：1547------当前token消耗: 4422139(all) = 3702263(in) + 719876(out)---压缩比:18.99%---

 99%|█████████▉| 1548/1563 [8:16:14<04:51, 19.44s/it]本次token消耗: 2782
------当前第1548章节 ~ 第1548章节 ：1548------当前token消耗: 4424921(all) = 3704682(in) + 720239(out)---压缩比:18.99%---

 99%|█████████▉| 1549/1563 [8:16:29<04:14, 18.18s/it]本次token消耗: 2699
------当前第1549章节 ~ 第1549章节 ：1549------当前token消耗: 4427620(all) = 3706990(in) + 720630(out)---压缩比:18.99%---

 99%|█████████▉| 1550/1563 [8:16:45<03:49, 17.66s/it]本次token消耗: 3104
------当前第1550章节 ~ 第1550章节 ：1550------当前token消耗: 4430724(all) = 3709450(in) + 721274(out)---压缩比:18.99%---

 99%|█████████▉| 1551/1563 [8:17:11<04:01, 20.12s/it]本次token消耗: 2820
------当前第1551章节 ~ 第1551章节 ：1551------当前token消耗: 4433544(all) = 3711838(in) + 721706(out)---压缩比:18.99%---

 99%|█████████▉| 1552/1563 [8:17:29<03:33, 19.44s/it]本次token消耗: 3285
------当前第1552章节 ~ 第1552章节 ：1552------当前token消耗: 4436829(all) = 3714206(in) + 722623(out)---压缩比:19.0%---

 99%|█████████▉| 1553/1563 [8:18:04<04:02, 24.21s/it]本次token消耗: 2859
------当前第1553章节 ~ 第1553章节 ：1553------当前token消耗: 4439688(all) = 3716581(in) + 723107(out)---压缩比:19.0%---

 99%|█████████▉| 1554/1563 [8:18:24<03:26, 22.93s/it]本次token消耗: 2947
------当前第1554章节 ~ 第1554章节 ：1554------当前token消耗: 4442635(all) = 3719095(in) + 723540(out)---压缩比:19.0%---

 99%|█████████▉| 1555/1563 [8:18:43<02:52, 21.53s/it]本次token消耗: 2996
------当前第1555章节 ~ 第1555章节 ：1555------当前token消耗: 4445631(all) = 3721574(in) + 724057(out)---压缩比:19.0%---

100%|█████████▉| 1556/1563 [8:19:04<02:30, 21.45s/it]本次token消耗: 2862
------当前第1556章节 ~ 第1556章节 ：1556------当前token消耗: 4448493(all) = 3723983(in) + 724510(out)---压缩比:19.0%---

100%|█████████▉| 1557/1563 [8:19:23<02:03, 20.64s/it]本次token消耗: 3050
------当前第1557章节 ~ 第1557章节 ：1557------当前token消耗: 4451543(all) = 3726414(in) + 725129(out)---压缩比:19.0%---

100%|█████████▉| 1558/1563 [8:19:47<01:49, 21.87s/it]本次token消耗: 3282
------当前第1558章节 ~ 第1558章节 ：1558------当前token消耗: 4454825(all) = 3728865(in) + 725960(out)---压缩比:19.01%---

100%|█████████▉| 1559/1563 [8:20:20<01:40, 25.04s/it]本次token消耗: 2943
------当前第1559章节 ~ 第1559章节 ：1559------当前token消耗: 4457768(all) = 3731314(in) + 726454(out)---压缩比:19.01%---

100%|█████████▉| 1560/1563 [8:20:40<01:10, 23.57s/it]本次token消耗: 3054
------当前第1560章节 ~ 第1560章节 ：1560------当前token消耗: 4460822(all) = 3733851(in) + 726971(out)---压缩比:19.01%---

100%|█████████▉| 1561/1563 [8:21:01<00:45, 22.93s/it]本次token消耗: 2843
------当前第1561章节 ~ 第1561章节 ：1561------当前token消耗: 4463665(all) = 3736342(in) + 727323(out)---压缩比:19.01%---

100%|█████████▉| 1562/1563 [8:21:16<00:20, 20.57s/it]本次token消耗: 2151
------当前第1562章节 ~ 第1562章节 ：1562------当前token消耗: 4465816(all) = 3738118(in) + 727698(out)---压缩比:19.01%---

100%|██████████| 1563/1563 [8:21:32<00:00, 19.00s/it]100%|██████████| 1563/1563 [8:21:32<00:00, 19.25s/it]
